passenger_id,terminal_arrival_time,board_time,leave_time,destination_arrival_time,boarded_jeep,terminal
0,141,141,11621,13621,0,0
1,232,232,10543,12543,1,1
2,621,621,10543,12543,1,1
3,1693,1693,11621,13621,0,0
4,1793,1793,10543,12543,1,1
5,1864,1864,11621,13621,0,0
6,2294,2294,10543,12543,1,1
7,2473,2473,10543,12543,1,1
8,2937,2937,10543,12543,1,1
9,3089,3089,11621,13621,0,0
10,3146,3146,10543,12543,1,1
11,3701,3701,11621,13621,0,0
12,3819,3819,11621,13621,0,0
13,4173,4173,10543,12543,1,1
14,4286,4286,10543,12543,1,1
15,4346,4346,11621,13621,0,0
16,4606,4606,11621,13621,0,0
17,4637,4637,10543,12543,1,1
18,4821,4821,10543,12543,1,1
19,4979,4979,11621,13621,0,0
20,5037,5037,10543,12543,1,1
21,5319,5319,10543,12543,1,1
22,5359,5359,10543,12543,1,1
23,5928,5928,11621,13621,0,0
24,6354,6354,11621,13621,0,0
25,6361,6361,10543,12543,1,1
26,6617,6617,11621,13621,0,0
27,6799,6799,10543,12543,1,1
28,6817,6817,11621,13621,0,0
29,7498,7498,10543,12543,1,1
30,7873,7873,11621,13621,0,0
31,7917,7917,10543,12543,1,1
32,8162,8162,10543,12543,1,1
33,8291,8291,11621,13621,0,0
34,8474,8474,11621,13621,0,0
35,8795,8795,11621,13621,0,0
36,8798,8798,11621,13621,0,0
37,10367,10367,11621,13621,0,0
38,10543,10543,10543,12543,1,1
39,10790,10790,21672,28338,3,1
40,11034,11034,21672,28338,3,1
41,11621,11621,11621,13621,0,0
42,11743,11743,21620,28286,2,0
43,11994,11994,21620,28286,2,0
44,12049,12049,21672,28338,3,1
45,13036,13036,21620,28286,2,0
46,13064,13064,21672,28338,3,1
47,13124,13124,21620,28286,2,0
48,13335,13335,21620,28286,2,0
49,13636,13636,21620,28286,2,0
50,14878,14878,21620,28286,2,0
51,15212,15212,21672,28338,3,1
52,15411,15411,21620,28286,2,0
53,15699,15699,21672,28338,3,1
54,16021,16021,21620,28286,2,0
55,16130,16130,21672,28338,3,1
56,16708,16708,21620,28286,2,0
57,16800,16800,21620,28286,2,0
58,16828,16828,21672,28338,3,1
59,17615,17615,21620,28286,2,0
60,17700,17700,21672,28338,3,1
61,17706,17706,21672,28338,3,1
62,17864,17864,21672,28338,3,1
63,18402,18402,21620,28286,2,0
64,19010,19010,21672,28338,3,1
65,19017,19017,21620,28286,2,0
66,19827,19827,21620,28286,2,0
67,20176,20176,21672,28338,3,1
68,20439,20439,21672,28338,3,1
69,20769,20769,21620,28286,2,0
70,21118,21118,21672,28338,3,1
71,21255,21255,21672,28338,3,1
72,21282,21282,21672,28338,3,1
73,21510,21510,21672,28338,3,1
74,21601,21601,21620,28286,2,0
75,21607,21607,21620,28286,2,0
76,21616,21616,21620,28286,2,0
77,21620,21620,21620,28286,2,0
78,21635,21635,21838,28504,4,0
79,21642,21642,21838,28504,4,0
80,21653,21653,21672,28338,3,1
81,21661,21661,21838,28504,4,0
82,21669,21669,21838,28504,4,0
83,21672,21672,21838,28504,4,0
84,21672,21672,21672,28338,3,1
85,21674,21674,21838,28504,4,0
86,21674,21674,21845,28511,5,1
87,21679,21679,21845,28511,5,1
88,21685,21685,21845,28511,5,1
89,21707,21707,21838,28504,4,0
90,21708,21708,21838,28504,4,0
91,21714,21714,21845,28511,5,1
92,21715,21715,21845,28511,5,1
93,21718,21718,21838,28504,4,0
94,21732,21732,21845,28511,5,1
95,21740,21740,21845,28511,5,1
96,21748,21748,21845,28511,5,1
97,21751,21751,21845,28511,5,1
98,21753,21753,21845,28511,5,1
99,21754,21754,21845,28511,5,1
100,21756,21756,21838,28504,4,0
101,21763,21763,21838,28504,4,0
102,21764,21764,21845,28511,5,1
103,21770,21770,21838,28504,4,0
104,21777,21777,21838,28504,4,0
105,21784,21784,21845,28511,5,1
106,21785,21785,21845,28511,5,1
107,21786,21786,21838,28504,4,0
108,21789,21789,21838,28504,4,0
109,21792,21792,21845,28511,5,1
110,21807,21807,21845,28511,5,1
111,21811,21811,21845,28511,5,1
112,21813,21813,21838,28504,4,0
113,21829,21829,21838,28504,4,0
114,21830,21830,21838,28504,4,0
115,21834,21834,21838,28504,4,0
116,21838,21838,21838,28504,4,0
117,21838,21838,21845,28511,5,1
118,21841,21841,22034,28700,6,0
119,21841,21841,21845,28511,5,1
120,21845,21845,21845,28511,5,1
121,21853,21853,22034,28700,6,0
122,21857,21857,22092,28758,7,1
123,21866,21866,22092,28758,7,1
124,21869,21869,22034,28700,6,0
125,21881,21881,22034,28700,6,0
126,21884,21884,22034,28700,6,0
127,21891,21891,22034,28700,6,0
128,21892,21892,22092,28758,7,1
129,21894,21894,22034,28700,6,0
130,21898,21898,22034,28700,6,0
131,21898,21898,22092,28758,7,1
132,21906,21906,22034,28700,6,0
133,21912,21912,22092,28758,7,1
134,21914,21914,22034,28700,6,0
135,21919,21919,22092,28758,7,1
136,21923,21923,22092,28758,7,1
137,21945,21945,22092,28758,7,1
138,21954,21954,22034,28700,6,0
139,21954,21954,22092,28758,7,1
140,21957,21957,22034,28700,6,0
141,21960,21960,22034,28700,6,0
142,21968,21968,22034,28700,6,0
143,21985,21985,22034,28700,6,0
144,21989,21989,22034,28700,6,0
145,22007,22007,22034,28700,6,0
146,22009,22009,22092,28758,7,1
147,22012,22012,22034,28700,6,0
148,22015,22015,22034,28700,6,0
149,22017,22017,22092,28758,7,1
150,22018,22018,22092,28758,7,1
151,22027,22027,22092,28758,7,1
152,22033,22033,22092,28758,7,1
153,22034,22034,22034,28700,6,0
154,22038,22038,22232,28898,8,0
155,22041,22041,22232,28898,8,0
156,22041,22041,22092,28758,7,1
157,22048,22048,22092,28758,7,1
158,22051,22051,22092,28758,7,1
159,22053,22053,22232,28898,8,0
160,22053,22053,22092,28758,7,1
161,22059,22059,22092,28758,7,1
162,22061,22061,22232,28898,8,0
163,22070,22070,22232,28898,8,0
164,22071,22071,22232,28898,8,0
165,22075,22075,22232,28898,8,0
166,22079,22079,22232,28898,8,0
167,22092,22092,22092,28758,7,1
168,22100,22100,22232,28898,8,0
169,22101,22101,22250,28916,9,1
170,22104,22104,22232,28898,8,0
171,22110,22110,22250,28916,9,1
172,22119,22119,22250,28916,9,1
173,22123,22123,22250,28916,9,1
174,22128,22128,22232,28898,8,0
175,22135,22135,22250,28916,9,1
176,22143,22143,22250,28916,9,1
177,22144,22144,22250,28916,9,1
178,22152,22152,22250,28916,9,1
179,22154,22154,22232,28898,8,0
180,22166,22166,22232,28898,8,0
181,22174,22174,22232,28898,8,0
182,22181,22181,22232,28898,8,0
183,22184,22184,22250,28916,9,1
184,22197,22197,22250,28916,9,1
185,22200,22200,22250,28916,9,1
186,22203,22203,22250,28916,9,1
187,22205,22205,22232,28898,8,0
188,22212,22212,22232,28898,8,0
189,22214,22214,22232,28898,8,0
190,22223,22223,22250,28916,9,1
191,22226,22226,22232,28898,8,0
192,22227,22227,22250,28916,9,1
193,22232,22232,22232,28898,8,0
194,22232,22232,22250,28916,9,1
195,22233,22233,22474,29140,1,0
196,22239,22239,22250,28916,9,1
197,22241,22241,22250,28916,9,1
198,22247,22247,22250,28916,9,1
199,22248,22248,22250,28916,9,1
200,22250,22250,22250,28916,9,1
201,22253,22253,22508,29174,0,1
202,22256,22256,22474,29140,1,0
203,22264,22264,22474,29140,1,0
204,22273,22273,22508,29174,0,1
205,22275,22275,22474,29140,1,0
206,22278,22278,22474,29140,1,0
207,22283,22283,22508,29174,0,1
208,22287,22287,22474,29140,1,0
209,22288,22288,22474,29140,1,0
210,22288,22288,22508,29174,0,1
211,22289,22289,22474,29140,1,0
212,22290,22290,22508,29174,0,1
213,22301,22301,22474,29140,1,0
214,22309,22309,22508,29174,0,1
215,22323,22323,22508,29174,0,1
216,22335,22335,22508,29174,0,1
217,22350,22350,22474,29140,1,0
218,22358,22358,22474,29140,1,0
219,22371,22371,22474,29140,1,0
220,22374,22374,22474,29140,1,0
221,22378,22378,22508,29174,0,1
222,22379,22379,22508,29174,0,1
223,22382,22382,22508,29174,0,1
224,22419,22419,22508,29174,0,1
225,22426,22426,22474,29140,1,0
226,22428,22428,22474,29140,1,0
227,22428,22428,22508,29174,0,1
228,22431,22431,22474,29140,1,0
229,22436,22436,22508,29174,0,1
230,22443,22443,22508,29174,0,1
231,22447,22447,22474,29140,1,0
232,22452,22452,22508,29174,0,1
233,22454,22454,22474,29140,1,0
234,22458,22458,22474,29140,1,0
235,22465,22465,22508,29174,0,1
236,22474,22474,22474,29140,1,0
237,22483,28339,28339,33963,3,0
238,22493,28339,28339,33963,3,0
239,22498,22498,22508,29174,0,1
240,22505,22505,22508,29174,0,1
241,22508,22508,22508,29174,0,1
242,22510,28339,28339,33963,3,0
243,22511,28339,28339,33963,3,0
244,22525,28287,28287,33932,2,1
245,22529,28287,28287,33932,2,1
246,22542,28339,28339,33963,3,0
247,22543,28287,28287,33932,2,1
248,22545,28287,28287,33932,2,1
249,22546,28339,28339,33963,3,0
250,22554,28287,28287,33932,2,1
251,22556,28339,28339,33963,3,0
252,22562,28287,28287,33932,2,1
253,22569,28287,28287,33932,2,1
254,22570,28339,28339,33963,3,0
255,22573,28339,28339,33963,3,0
256,22575,28339,28339,33963,3,0
257,22596,28287,28287,33932,2,1
258,22599,28287,28287,33932,2,1
259,22601,28287,28287,33932,2,1
260,22616,28339,28339,33963,3,0
261,22618,28287,28287,33932,2,1
262,22625,28339,28339,33963,3,0
263,22626,28339,28339,33963,3,0
264,22630,28339,28339,33963,3,0
265,22631,28287,28287,33932,2,1
266,22632,28287,28287,33932,2,1
267,22638,28339,28339,33963,3,0
268,22640,28287,28287,33932,2,1
269,22653,28339,28339,33963,3,0
270,22653,28287,28287,33932,2,1
271,22656,28339,28339,33963,3,0
272,22661,28339,28339,33963,3,0
273,22662,28339,28339,33963,3,0
274,22663,28287,28287,33932,2,1
275,22665,28287,28287,33932,2,1
276,22668,28339,28339,33963,3,0
277,22686,28287,28287,33932,2,1
278,22688,28287,28287,33932,2,1
279,22692,28287,28287,33932,2,1
280,22693,28512,28512,34067,5,0
281,22698,28505,28505,34063,4,1
282,22703,28505,28505,34063,4,1
283,22719,28512,28512,34067,5,0
284,22724,28512,28512,34067,5,0
285,22726,28512,28512,34067,5,0
286,22742,28505,28505,34063,4,1
287,22745,28505,28505,34063,4,1
288,22746,28505,28505,34063,4,1
289,22747,28512,28512,34067,5,0
290,22749,28512,28512,34067,5,0
291,22752,28505,28505,34063,4,1
292,22756,28505,28505,34063,4,1
293,22762,28505,28505,34063,4,1
294,22781,28512,28512,34067,5,0
295,22784,28505,28505,34063,4,1
296,22788,28512,28512,34067,5,0
297,22796,28512,28512,34067,5,0
298,22807,28512,28512,34067,5,0
299,22809,28512,28512,34067,5,0
300,22809,28505,28505,34063,4,1
301,22815,28505,28505,34063,4,1
302,22818,28505,28505,34063,4,1
303,22820,28512,28512,34067,5,0
304,22823,28512,28512,34067,5,0
305,22844,28505,28505,34063,4,1
306,22869,28505,28505,34063,4,1
307,22881,28512,28512,34067,5,0
308,22884,28505,28505,34063,4,1
309,22891,28512,28512,34067,5,0
310,22905,28505,28505,34063,4,1
311,22906,28512,28512,34067,5,0
312,22907,28512,28512,34067,5,0
313,22908,28505,28505,34063,4,1
314,22924,28505,28505,34063,4,1
315,22927,28512,28512,34067,5,0
316,22933,28512,28512,34067,5,0
317,22941,28505,28505,34063,4,1
318,22948,28505,28505,34063,4,1
319,22963,28512,28512,34067,5,0
320,22973,28759,28759,34215,7,0
321,22985,28701,28701,34180,6,1
322,22993,28701,28701,34180,6,1
323,23014,28759,28759,34215,7,0
324,23026,28759,28759,34215,7,0
325,23033,28701,28701,34180,6,1
326,23038,28759,28759,34215,7,0
327,23049,28759,28759,34215,7,0
328,23049,28701,28701,34180,6,1
329,23050,28759,28759,34215,7,0
330,23064,28701,28701,34180,6,1
331,23069,28701,28701,34180,6,1
332,23072,28759,28759,34215,7,0
333,23072,28701,28701,34180,6,1
334,23074,28701,28701,34180,6,1
335,23075,28701,28701,34180,6,1
336,23083,28701,28701,34180,6,1
337,23097,28701,28701,34180,6,1
338,23099,28759,28759,34215,7,0
339,23104,28759,28759,34215,7,0
340,23104,28701,28701,34180,6,1
341,23116,28701,28701,34180,6,1
342,23146,28759,28759,34215,7,0
343,23152,28759,28759,34215,7,0
344,23156,28759,28759,34215,7,0
345,23156,28701,28701,34180,6,1
346,23161,28701,28701,34180,6,1
347,23167,28759,28759,34215,7,0
348,23188,28759,28759,34215,7,0
349,23205,28701,28701,34180,6,1
350,23222,28701,28701,34180,6,1
351,23225,28701,28701,34180,6,1
352,23230,28759,28759,34215,7,0
353,23231,28759,28759,34215,7,0
354,23243,28759,28759,34215,7,0
355,23246,28701,28701,34180,6,1
356,23273,28701,28701,34180,6,1
357,23278,28759,28759,34215,7,0
358,23284,28759,28759,34215,7,0
359,23292,28759,28759,34215,7,0
360,23297,28899,28899,34299,8,1
361,23316,28899,28899,34299,8,1
362,23320,28899,28899,34299,8,1
363,23329,28899,28899,34299,8,1
364,23335,28899,28899,34299,8,1
365,23346,28917,28917,34310,9,0
366,23357,28917,28917,34310,9,0
367,23360,28899,28899,34299,8,1
368,23362,28917,28917,34310,9,0
369,23363,28899,28899,34299,8,1
370,23367,28917,28917,34310,9,0
371,23369,28917,28917,34310,9,0
372,23370,28899,28899,34299,8,1
373,23375,28917,28917,34310,9,0
374,23377,28917,28917,34310,9,0
375,23378,28899,28899,34299,8,1
376,23387,28899,28899,34299,8,1
377,23393,28917,28917,34310,9,0
378,23394,28917,28917,34310,9,0
379,23411,28917,28917,34310,9,0
380,23413,28899,28899,34299,8,1
381,23423,28917,28917,34310,9,0
382,23426,28917,28917,34310,9,0
383,23443,28899,28899,34299,8,1
384,23449,28899,28899,34299,8,1
385,23458,28899,28899,34299,8,1
386,23467,28917,28917,34310,9,0
387,23475,28899,28899,34299,8,1
388,23481,28899,28899,34299,8,1
389,23508,28899,28899,34299,8,1
390,23511,28917,28917,34310,9,0
391,23514,28917,28917,34310,9,0
392,23518,28917,28917,34310,9,0
393,23519,28917,28917,34310,9,0
394,23530,28917,28917,34310,9,0
395,23545,28899,28899,34299,8,1
396,23546,28917,28917,34310,9,0
397,23549,28917,28917,34310,9,0
398,23550,29175,29175,34465,0,0
399,23560,29175,29175,34465,0,0
400,23561,29175,29175,34465,0,0
401,23564,29175,29175,34465,0,0
402,23574,28899,28899,34299,8,1
403,23575,28899,28899,34299,8,1
404,23590,29141,29141,34444,1,1
405,23603,29175,29175,34465,0,0
406,23605,29141,29141,34444,1,1
407,23614,29175,29175,34465,0,0
408,23632,29141,29141,34444,1,1
409,23649,29175,29175,34465,0,0
410,23660,29141,29141,34444,1,1
411,23661,29141,29141,34444,1,1
412,23670,29175,29175,34465,0,0
413,23671,29141,29141,34444,1,1
414,23682,29141,29141,34444,1,1
415,23700,29175,29175,34465,0,0
416,23712,29175,29175,34465,0,0
417,23723,29175,29175,34465,0,0
418,23732,29175,29175,34465,0,0
419,23734,29175,29175,34465,0,0
420,23735,29175,29175,34465,0,0
421,23743,29141,29141,34444,1,1
422,23759,29141,29141,34444,1,1
423,23794,29175,29175,34465,0,0
424,23799,29175,29175,34465,0,0
425,23811,29175,29175,34465,0,0
426,23815,29141,29141,34444,1,1
427,23818,29175,29175,34465,0,0
428,23836,29175,29175,34465,0,0
429,23842,29175,29175,34465,0,0
430,23842,29141,29141,34444,1,1
431,23845,29141,29141,34444,1,1
432,23860,33933,33933,37933,2,0
433,23860,29141,29141,34444,1,1
434,23870,33933,33933,37933,2,0
435,23874,29141,29141,34444,1,1
436,23875,29141,29141,34444,1,1
437,23878,29141,29141,34444,1,1
438,23884,29141,29141,34444,1,1
439,23892,33933,33933,37933,2,0
440,23893,29141,29141,34444,1,1
441,23896,33933,33933,37933,2,0
442,23896,29141,29141,34444,1,1
443,23899,33933,33933,37933,2,0
444,23903,29141,29141,34444,1,1
445,23905,33964,33964,37964,3,1
446,23912,33964,33964,37964,3,1
447,23914,33933,33933,37933,2,0
448,23914,33964,33964,37964,3,1
449,23918,33933,33933,37933,2,0
450,23924,33964,33964,37964,3,1
451,23964,33964,33964,37964,3,1
452,23967,33933,33933,37933,2,0
453,23978,33964,33964,37964,3,1
454,23982,33933,33933,37933,2,0
455,23982,33964,33964,37964,3,1
456,23985,33964,33964,37964,3,1
457,23988,33964,33964,37964,3,1
458,23990,33964,33964,37964,3,1
459,23997,33933,33933,37933,2,0
460,23998,33964,33964,37964,3,1
461,24004,33933,33933,37933,2,0
462,24005,33933,33933,37933,2,0
463,24008,33964,33964,37964,3,1
464,24020,33964,33964,37964,3,1
465,24024,33964,33964,37964,3,1
466,24041,33964,33964,37964,3,1
467,24053,33964,33964,37964,3,1
468,24061,33933,33933,37933,2,0
469,24061,33964,33964,37964,3,1
470,24066,33933,33933,37933,2,0
471,24071,33964,33964,37964,3,1
472,24081,33933,33933,37933,2,0
473,24082,33964,33964,37964,3,1
474,24088,33933,33933,37933,2,0
475,24090,33964,33964,37964,3,1
476,24092,34068,34068,38068,5,1
477,24097,33933,33933,37933,2,0
478,24103,33933,33933,37933,2,0
479,24103,34068,34068,38068,5,1
480,24113,33933,33933,37933,2,0
481,24123,33933,33933,37933,2,0
482,24130,34064,34064,38064,4,0
483,24142,34064,34064,38064,4,0
484,24153,34064,34064,38064,4,0
485,24154,34064,34064,38064,4,0
486,24158,34064,34064,38064,4,0
487,24160,34068,34068,38068,5,1
488,24161,34064,34064,38064,4,0
489,24168,34068,34068,38068,5,1
490,24180,34068,34068,38068,5,1
491,24181,34068,34068,38068,5,1
492,24187,34064,34064,38064,4,0
493,24190,34064,34064,38064,4,0
494,24191,34064,34064,38064,4,0
495,24193,34064,34064,38064,4,0
496,24196,34064,34064,38064,4,0
497,24201,34068,34068,38068,5,1
498,24228,34064,34064,38064,4,0
499,24236,34064,34064,38064,4,0
500,24241,34064,34064,38064,4,0
501,24245,34068,34068,38068,5,1
502,24257,34068,34068,38068,5,1
503,24258,34064,34064,38064,4,0
504,24259,34068,34068,38068,5,1
505,24260,34064,34064,38064,4,0
506,24264,34064,34064,38064,4,0
507,24270,34064,34064,38064,4,0
508,24278,34068,34068,38068,5,1
509,24281,34064,34064,38064,4,0
510,24285,34064,34064,38064,4,0
511,24291,34181,34181,38181,6,0
512,24295,34181,34181,38181,6,0
513,24300,34181,34181,38181,6,0
514,24300,34068,34068,38068,5,1
515,24301,34068,34068,38068,5,1
516,24306,34181,34181,38181,6,0
517,24315,34181,34181,38181,6,0
518,24315,34068,34068,38068,5,1
519,24326,34068,34068,38068,5,1
520,24328,34181,34181,38181,6,0
521,24341,34068,34068,38068,5,1
522,24346,34181,34181,38181,6,0
523,24349,34181,34181,38181,6,0
524,24350,34181,34181,38181,6,0
525,24354,34068,34068,38068,5,1
526,24357,34068,34068,38068,5,1
527,24361,34181,34181,38181,6,0
528,24372,34068,34068,38068,5,1
529,24378,34181,34181,38181,6,0
530,24380,34181,34181,38181,6,0
531,24389,34181,34181,38181,6,0
532,24391,34181,34181,38181,6,0
533,24393,34181,34181,38181,6,0
534,24412,34068,34068,38068,5,1
535,24414,34216,34216,38216,7,1
536,24415,34181,34181,38181,6,0
537,24418,34216,34216,38216,7,1
538,24422,34181,34181,38181,6,0
539,24427,34216,34216,38216,7,1
540,24441,34216,34216,38216,7,1
541,24447,34181,34181,38181,6,0
542,24450,34216,34216,38216,7,1
543,24455,34216,34216,38216,7,1
544,24460,34181,34181,38181,6,0
545,24469,34216,34216,38216,7,1
546,24473,34216,34216,38216,7,1
547,24474,34216,34216,38216,7,1
548,24477,34181,34181,38181,6,0
549,24478,34216,34216,38216,7,1
550,24481,34216,34216,38216,7,1
551,24489,34300,34300,38300,8,0
552,24493,34300,34300,38300,8,0
553,24495,34300,34300,38300,8,0
554,24498,34216,34216,38216,7,1
555,24501,34216,34216,38216,7,1
556,24504,34216,34216,38216,7,1
557,24516,34216,34216,38216,7,1
558,24518,34216,34216,38216,7,1
559,24535,34216,34216,38216,7,1
560,24547,34216,34216,38216,7,1
561,24553,34300,34300,38300,8,0
562,24558,34216,34216,38216,7,1
563,24577,34216,34216,38216,7,1
564,24586,34311,34311,38311,9,1
565,24590,34300,34300,38300,8,0
566,24610,34311,34311,38311,9,1
567,24612,34311,34311,38311,9,1
568,24616,34300,34300,38300,8,0
569,24624,34300,34300,38300,8,0
570,24624,34311,34311,38311,9,1
571,24631,34311,34311,38311,9,1
572,24633,34311,34311,38311,9,1
573,24635,34300,34300,38300,8,0
574,24646,34311,34311,38311,9,1
575,24647,34300,34300,38300,8,0
576,24648,34300,34300,38300,8,0
577,24650,34300,34300,38300,8,0
578,24651,34300,34300,38300,8,0
579,24652,34311,34311,38311,9,1
580,24664,34311,34311,38311,9,1
581,24665,34311,34311,38311,9,1
582,24672,34300,34300,38300,8,0
583,24680,34300,34300,38300,8,0
584,24682,34311,34311,38311,9,1
585,24685,34300,34300,38300,8,0
586,24685,34311,34311,38311,9,1
587,24688,34311,34311,38311,9,1
588,24689,34311,34311,38311,9,1
589,24691,34300,34300,38300,8,0
590,24694,34311,34311,38311,9,1
591,24695,34300,34300,38300,8,0
592,24697,34300,34300,38300,8,0
593,24705,34311,34311,38311,9,1
594,24707,34311,34311,38311,9,1
595,24710,34300,34300,38300,8,0
596,24712,34300,34300,38300,8,0
597,24717,34311,34311,38311,9,1
598,24731,34311,34311,38311,9,1
599,24733,34445,34445,38445,1,0
600,24734,34311,34311,38311,9,1
601,24744,34466,34466,38466,0,1
602,24746,34466,34466,38466,0,1
603,24749,34445,34445,38445,1,0
604,24752,34466,34466,38466,0,1
605,24754,34445,34445,38445,1,0
606,24761,34445,34445,38445,1,0
607,24769,34466,34466,38466,0,1
608,24773,34445,34445,38445,1,0
609,24774,34466,34466,38466,0,1
610,24779,34466,34466,38466,0,1
611,24782,34466,34466,38466,0,1
612,24790,34445,34445,38445,1,0
613,24798,34445,34445,38445,1,0
614,24813,34445,34445,38445,1,0
615,24815,34466,34466,38466,0,1
616,24825,34466,34466,38466,0,1
617,24836,34466,34466,38466,0,1
618,24861,34466,34466,38466,0,1
619,24868,34466,34466,38466,0,1
620,24870,34466,34466,38466,0,1
621,24872,34445,34445,38445,1,0
622,24883,34445,34445,38445,1,0
623,24889,34466,34466,38466,0,1
624,24890,34466,34466,38466,0,1
625,24895,34445,34445,38445,1,0
626,24907,34445,34445,38445,1,0
627,24923,34466,34466,38466,0,1
628,24929,34466,34466,38466,0,1
629,24935,34466,34466,38466,0,1
630,24954,34445,34445,38445,1,0
631,24954,34466,34466,38466,0,1
632,24955,34445,34445,38445,1,0
633,24961,34445,34445,38445,1,0
634,24967,34445,34445,38445,1,0
635,24971,34466,34466,38466,0,1
636,24976,37934,37934,41934,2,1
637,24979,37934,37934,41934,2,1
638,24984,34445,34445,38445,1,0
639,25000,37934,37934,41934,2,1
640,25008,34445,34445,38445,1,0
641,25008,37934,37934,41934,2,1
642,25011,34445,34445,38445,1,0
643,25038,34445,34445,38445,1,0
644,25048,37965,37965,41965,3,0
645,25053,37965,37965,41965,3,0
646,25055,37934,37934,41934,2,1
647,25059,37965,37965,41965,3,0
648,25062,37965,37965,41965,3,0
649,25062,37934,37934,41934,2,1
650,25069,37934,37934,41934,2,1
651,25072,37934,37934,41934,2,1
652,25073,37934,37934,41934,2,1
653,25076,37934,37934,41934,2,1
654,25087,37965,37965,41965,3,0
655,25088,37934,37934,41934,2,1
656,25089,37965,37965,41965,3,0
657,25094,37934,37934,41934,2,1
658,25101,37934,37934,41934,2,1
659,25103,37934,37934,41934,2,1
660,25105,37934,37934,41934,2,1
661,25109,37934,37934,41934,2,1
662,25115,37965,37965,41965,3,0
663,25122,37965,37965,41965,3,0
664,25128,37965,37965,41965,3,0
665,25132,37934,37934,41934,2,1
666,25133,37934,37934,41934,2,1
667,25138,37965,37965,41965,3,0
668,25142,37934,37934,41934,2,1
669,25149,37965,37965,41965,3,0
670,25163,37934,37934,41934,2,1
671,25167,38065,38065,42065,4,1
672,25171,37965,37965,41965,3,0
673,25175,38065,38065,42065,4,1
674,25200,37965,37965,41965,3,0
675,25203,37965,37965,41965,3,0
676,25206,37965,37965,41965,3,0
677,25209,38065,38065,42065,4,1
678,25217,38065,38065,42065,4,1
679,25222,37965,37965,41965,3,0
680,25223,38065,38065,42065,4,1
681,25227,38065,38065,42065,4,1
682,25231,37965,37965,41965,3,0
683,25233,38065,38065,42065,4,1
684,25248,37965,37965,41965,3,0
685,25256,38065,38065,42065,4,1
686,25268,37965,37965,41965,3,0
687,25277,37965,37965,41965,3,0
688,25277,38065,38065,42065,4,1
689,25287,38069,38069,42069,5,0
690,25289,38069,38069,42069,5,0
691,25305,38065,38065,42065,4,1
692,25320,38069,38069,42069,5,0
693,25321,38065,38065,42065,4,1
694,25325,38065,38065,42065,4,1
695,25332,38065,38065,42065,4,1
696,25336,38065,38065,42065,4,1
697,25342,38069,38069,42069,5,0
698,25344,38069,38069,42069,5,0
699,25346,38069,38069,42069,5,0
700,25353,38065,38065,42065,4,1
701,25359,38065,38065,42065,4,1
702,25362,38065,38065,42065,4,1
703,25371,38069,38069,42069,5,0
704,25381,38069,38069,42069,5,0
705,25386,38065,38065,42065,4,1
706,25398,38065,38065,42065,4,1
707,25403,38069,38069,42069,5,0
708,25405,38065,38065,42065,4,1
709,25417,38069,38069,42069,5,0
710,25417,38182,38182,42182,6,1
711,25418,38182,38182,42182,6,1
712,25429,38069,38069,42069,5,0
713,25433,38069,38069,42069,5,0
714,25441,38069,38069,42069,5,0
715,25460,38069,38069,42069,5,0
716,25466,38069,38069,42069,5,0
717,25477,38182,38182,42182,6,1
718,25482,38182,38182,42182,6,1
719,25492,38069,38069,42069,5,0
720,25492,38182,38182,42182,6,1
721,25503,38069,38069,42069,5,0
722,25508,38182,38182,42182,6,1
723,25510,38182,38182,42182,6,1
724,25512,38182,38182,42182,6,1
725,25514,38182,38182,42182,6,1
726,25530,38069,38069,42069,5,0
727,25541,38069,38069,42069,5,0
728,25541,38182,38182,42182,6,1
729,25551,38182,38182,42182,6,1
730,25558,38182,38182,42182,6,1
731,25560,38069,38069,42069,5,0
732,25565,38217,38217,42217,7,0
733,25575,38217,38217,42217,7,0
734,25575,38182,38182,42182,6,1
735,25581,38217,38217,42217,7,0
736,25587,38217,38217,42217,7,0
737,25609,38182,38182,42182,6,1
738,25613,38182,38182,42182,6,1
739,25631,38182,38182,42182,6,1
740,25637,38217,38217,42217,7,0
741,25638,38217,38217,42217,7,0
742,25640,38182,38182,42182,6,1
743,25643,38217,38217,42217,7,0
744,25660,38182,38182,42182,6,1
745,25664,38217,38217,42217,7,0
746,25669,38182,38182,42182,6,1
747,25673,38217,38217,42217,7,0
748,25674,38182,38182,42182,6,1
749,25681,38217,38217,42217,7,0
750,25685,38301,38301,42301,8,1
751,25693,38217,38217,42217,7,0
752,25697,38301,38301,42301,8,1
753,25713,38301,38301,42301,8,1
754,25742,38301,38301,42301,8,1
755,25750,38217,38217,42217,7,0
756,25753,38217,38217,42217,7,0
757,25755,38217,38217,42217,7,0
758,25772,38301,38301,42301,8,1
759,25775,38217,38217,42217,7,0
760,25786,38301,38301,42301,8,1
761,25792,38217,38217,42217,7,0
762,25803,38217,38217,42217,7,0
763,25804,38301,38301,42301,8,1
764,25808,38301,38301,42301,8,1
765,25811,38217,38217,42217,7,0
766,25834,38301,38301,42301,8,1
767,25846,38217,38217,42217,7,0
768,25847,38217,38217,42217,7,0
769,25850,38301,38301,42301,8,1
770,25851,38312,38312,42312,9,0
771,25854,38301,38301,42301,8,1
772,25859,38312,38312,42312,9,0
773,25867,38312,38312,42312,9,0
774,25868,38301,38301,42301,8,1
775,25871,38301,38301,42301,8,1
776,25878,38312,38312,42312,9,0
777,25878,38301,38301,42301,8,1
778,25885,38312,38312,42312,9,0
779,25890,38312,38312,42312,9,0
780,25904,38312,38312,42312,9,0
781,25914,38312,38312,42312,9,0
782,25919,38301,38301,42301,8,1
783,25920,38301,38301,42301,8,1
784,25928,38301,38301,42301,8,1
785,25933,38301,38301,42301,8,1
786,25941,38312,38312,42312,9,0
787,25945,38301,38301,42301,8,1
788,25950,38301,38301,42301,8,1
789,25952,38312,38312,42312,9,0
790,25968,38312,38312,42312,9,0
791,25968,38446,38446,42446,1,1
792,25975,38446,38446,42446,1,1
793,25978,38312,38312,42312,9,0
794,25980,38312,38312,42312,9,0
795,25982,38312,38312,42312,9,0
796,25984,38446,38446,42446,1,1
797,25991,38446,38446,42446,1,1
798,25993,38446,38446,42446,1,1
799,25999,38446,38446,42446,1,1
800,26001,38312,38312,42312,9,0
801,26006,38446,38446,42446,1,1
802,26015,38312,38312,42312,9,0
803,26022,38446,38446,42446,1,1
804,26034,38312,38312,42312,9,0
805,26035,38312,38312,42312,9,0
806,26036,38312,38312,42312,9,0
807,26059,38446,38446,42446,1,1
808,26073,38446,38446,42446,1,1
809,26082,38312,38312,42312,9,0
810,26083,38446,38446,42446,1,1
811,26088,38467,38467,42467,0,0
812,26110,38467,38467,42467,0,0
813,26119,38446,38446,42446,1,1
814,26122,38446,38446,42446,1,1
815,26126,38467,38467,42467,0,0
816,26126,38446,38446,42446,1,1
817,26132,38446,38446,42446,1,1
818,26137,38446,38446,42446,1,1
819,26141,38446,38446,42446,1,1
820,26146,38446,38446,42446,1,1
821,26163,38467,38467,42467,0,0
822,26183,38446,38446,42446,1,1
823,26190,38467,38467,42467,0,0
824,26194,38446,38446,42446,1,1
825,26207,38467,38467,42467,0,0
826,26212,38467,38467,42467,0,0
827,26216,38467,38467,42467,0,0
828,26221,41966,41966,44928,3,1
829,26225,41966,41966,44928,3,1
830,26231,41966,41966,44928,3,1
831,26235,41966,41966,44928,3,1
832,26239,41966,41966,44928,3,1
833,26247,41966,41966,44928,3,1
834,26253,41966,41966,44928,3,1
835,26258,41966,41966,44928,3,1
836,26263,38467,38467,42467,0,0
837,26266,41966,41966,44928,3,1
838,26273,38467,38467,42467,0,0
839,26274,38467,38467,42467,0,0
840,26280,38467,38467,42467,0,0
841,26288,41966,41966,44928,3,1
842,26295,38467,38467,42467,0,0
843,26309,38467,38467,42467,0,0
844,26318,41966,41966,44928,3,1
845,26321,38467,38467,42467,0,0
846,26333,41966,41966,44928,3,1
847,26356,41966,41966,44928,3,1
848,26365,38467,38467,42467,0,0
849,26368,41966,41966,44928,3,1
850,26369,38467,38467,42467,0,0
851,26371,38467,38467,42467,0,0
852,26371,41966,41966,44928,3,1
853,26372,41966,41966,44928,3,1
854,26373,38467,38467,42467,0,0
855,26381,41966,41966,44928,3,1
856,26382,38467,38467,42467,0,0
857,26390,41966,41966,44928,3,1
858,26400,41966,41966,44928,3,1
859,26405,41935,41935,44909,2,0
860,26408,41935,41935,44909,2,0
861,26416,41935,41935,44909,2,0
862,26420,41935,41935,44909,2,0
863,26441,41935,41935,44909,2,0
864,26442,41935,41935,44909,2,0
865,26455,41966,41966,44928,3,1
866,26457,41935,41935,44909,2,0
867,26466,42070,42070,44993,5,1
868,26472,41935,41935,44909,2,0
869,26486,42070,42070,44993,5,1
870,26495,42070,42070,44993,5,1
871,26501,42070,42070,44993,5,1
872,26509,42070,42070,44993,5,1
873,26510,42070,42070,44993,5,1
874,26517,42070,42070,44993,5,1
875,26531,41935,41935,44909,2,0
876,26534,42070,42070,44993,5,1
877,26545,42070,42070,44993,5,1
878,26548,41935,41935,44909,2,0
879,26554,42070,42070,44993,5,1
880,26561,42070,42070,44993,5,1
881,26562,41935,41935,44909,2,0
882,26568,42070,42070,44993,5,1
883,26570,41935,41935,44909,2,0
884,26576,41935,41935,44909,2,0
885,26577,41935,41935,44909,2,0
886,26584,42070,42070,44993,5,1
887,26592,42070,42070,44993,5,1
888,26593,42070,42070,44993,5,1
889,26596,41935,41935,44909,2,0
890,26598,42070,42070,44993,5,1
891,26616,41935,41935,44909,2,0
892,26622,42070,42070,44993,5,1
893,26623,42070,42070,44993,5,1
894,26635,41935,41935,44909,2,0
895,26635,42070,42070,44993,5,1
896,26642,42070,42070,44993,5,1
897,26671,41935,41935,44909,2,0
898,26672,42218,42218,45086,7,1
899,26687,42218,42218,45086,7,1
900,26688,41935,41935,44909,2,0
901,26692,41935,41935,44909,2,0
902,26695,42066,42066,44991,4,0
903,26698,42218,42218,45086,7,1
904,26701,42066,42066,44991,4,0
905,26706,42066,42066,44991,4,0
906,26716,42218,42218,45086,7,1
907,26719,42066,42066,44991,4,0
908,26726,42218,42218,45086,7,1
909,26729,42066,42066,44991,4,0
910,26730,42066,42066,44991,4,0
911,26731,42218,42218,45086,7,1
912,26734,42218,42218,45086,7,1
913,26735,42218,42218,45086,7,1
914,26742,42218,42218,45086,7,1
915,26756,42218,42218,45086,7,1
916,26777,42066,42066,44991,4,0
917,26784,42218,42218,45086,7,1
918,26794,42066,42066,44991,4,0
919,26804,42218,42218,45086,7,1
920,26812,42066,42066,44991,4,0
921,26815,42066,42066,44991,4,0
922,26824,42218,42218,45086,7,1
923,26825,42218,42218,45086,7,1
924,26834,42066,42066,44991,4,0
925,26835,42218,42218,45086,7,1
926,26836,42218,42218,45086,7,1
927,26840,42066,42066,44991,4,0
928,26849,42066,42066,44991,4,0
929,26849,42218,42218,45086,7,1
930,26852,42218,42218,45086,7,1
931,26866,42066,42066,44991,4,0
932,26867,42218,42218,45086,7,1
933,26872,42066,42066,44991,4,0
934,26875,42066,42066,44991,4,0
935,26882,42218,42218,45086,7,1
936,26890,42313,42313,45145,9,1
937,26891,42066,42066,44991,4,0
938,26898,42313,42313,45145,9,1
939,26901,42313,42313,45145,9,1
940,26902,42313,42313,45145,9,1
941,26910,42313,42313,45145,9,1
942,26911,42313,42313,45145,9,1
943,26923,42313,42313,45145,9,1
944,26934,42066,42066,44991,4,0
945,26936,42313,42313,45145,9,1
946,26937,42066,42066,44991,4,0
947,26943,42313,42313,45145,9,1
948,26946,42066,42066,44991,4,0
949,26950,42313,42313,45145,9,1
950,26955,42183,42183,45064,6,0
951,26955,42313,42313,45145,9,1
952,26959,42183,42183,45064,6,0
953,26960,42183,42183,45064,6,0
954,26964,42183,42183,45064,6,0
955,26967,42183,42183,45064,6,0
956,26968,42183,42183,45064,6,0
957,26973,42183,42183,45064,6,0
958,26994,42313,42313,45145,9,1
959,26998,42313,42313,45145,9,1
960,27001,42183,42183,45064,6,0
961,27023,42313,42313,45145,9,1
962,27026,42313,42313,45145,9,1
963,27027,42183,42183,45064,6,0
964,27027,42313,42313,45145,9,1
965,27044,42313,42313,45145,9,1
966,27059,42183,42183,45064,6,0
967,27067,42183,42183,45064,6,0
968,27071,42183,42183,45064,6,0
969,27074,42313,42313,45145,9,1
970,27099,42313,42313,45145,9,1
971,27104,42313,42313,45145,9,1
972,27109,42468,42468,45242,0,1
973,27112,42468,42468,45242,0,1
974,27114,42183,42183,45064,6,0
975,27118,42183,42183,45064,6,0
976,27137,42183,42183,45064,6,0
977,27142,42183,42183,45064,6,0
978,27143,42183,42183,45064,6,0
979,27150,42183,42183,45064,6,0
980,27155,42468,42468,45242,0,1
981,27158,42468,42468,45242,0,1
982,27170,42183,42183,45064,6,0
983,27185,42183,42183,45064,6,0
984,27185,42468,42468,45242,0,1
985,27190,42468,42468,45242,0,1
986,27191,42468,42468,45242,0,1
987,27228,42302,42302,45138,8,0
988,27228,42468,42468,45242,0,1
989,27239,42302,42302,45138,8,0
990,27241,42468,42468,45242,0,1
991,27246,42302,42302,45138,8,0
992,27254,42302,42302,45138,8,0
993,27265,42302,42302,45138,8,0
994,27266,42302,42302,45138,8,0
995,27273,42468,42468,45242,0,1
996,27274,42302,42302,45138,8,0
997,27276,42302,42302,45138,8,0
998,27277,42468,42468,45242,0,1
999,27279,42302,42302,45138,8,0
1000,27281,42302,42302,45138,8,0
1001,27281,42468,42468,45242,0,1
1002,27290,42302,42302,45138,8,0
1003,27315,42468,42468,45242,0,1
1004,27318,42302,42302,45138,8,0
1005,27322,42302,42302,45138,8,0
1006,27322,42468,42468,45242,0,1
1007,27327,42468,42468,45242,0,1
1008,27330,42468,42468,45242,0,1
1009,27335,42302,42302,45138,8,0
1010,27339,42302,42302,45138,8,0
1011,27343,42302,42302,45138,8,0
1012,27359,42468,42468,45242,0,1
1013,27363,42302,42302,45138,8,0
1014,27363,42468,42468,45242,0,1
1015,27365,42302,42302,45138,8,0
1016,27366,42468,42468,45242,0,1
1017,27370,42302,42302,45138,8,0
1018,27389,42468,42468,45242,0,1
1019,27392,42302,42302,45138,8,0
1020,27400,44910,44910,47410,2,1
1021,27418,44910,44910,47410,2,1
1022,27419,44910,44910,47410,2,1
1023,27435,44910,44910,47410,2,1
1024,27438,44910,44910,47410,2,1
1025,27448,42447,42447,45229,1,0
1026,27451,42447,42447,45229,1,0
1027,27451,44910,44910,47410,2,1
1028,27455,44910,44910,47410,2,1
1029,27458,42447,42447,45229,1,0
1030,27464,44910,44910,47410,2,1
1031,27469,44910,44910,47410,2,1
1032,27489,44910,44910,47410,2,1
1033,27494,44910,44910,47410,2,1
1034,27512,42447,42447,45229,1,0
1035,27517,44910,44910,47410,2,1
1036,27524,42447,42447,45229,1,0
1037,27526,44910,44910,47410,2,1
1038,27529,42447,42447,45229,1,0
1039,27531,42447,42447,45229,1,0
1040,27536,44910,44910,47410,2,1
1041,27541,42447,42447,45229,1,0
1042,27546,42447,42447,45229,1,0
1043,27551,44910,44910,47410,2,1
1044,27554,44910,44910,47410,2,1
1045,27568,44910,44910,47410,2,1
1046,27569,42447,42447,45229,1,0
1047,27582,42447,42447,45229,1,0
1048,27588,42447,42447,45229,1,0
1049,27590,44910,44910,47410,2,1
1050,27596,44910,44910,47410,2,1
1051,27598,44910,44910,47410,2,1
1052,27601,44992,44992,47492,4,1
1053,27609,42447,42447,45229,1,0
1054,27614,42447,42447,45229,1,0
1055,27622,44992,44992,47492,4,1
1056,27638,42447,42447,45229,1,0
1057,27649,44992,44992,47492,4,1
1058,27658,44992,44992,47492,4,1
1059,27676,42447,42447,45229,1,0
1060,27677,42447,42447,45229,1,0
1061,27685,42447,42447,45229,1,0
1062,27687,44992,44992,47492,4,1
1063,27691,42447,42447,45229,1,0
1064,27692,42447,42447,45229,1,0
1065,27695,44929,44929,47429,3,0
1066,27701,44929,44929,47429,3,0
1067,27702,44929,44929,47429,3,0
1068,27708,44929,44929,47429,3,0
1069,27712,44929,44929,47429,3,0
1070,27713,44929,44929,47429,3,0
1071,27713,44992,44992,47492,4,1
1072,27716,44929,44929,47429,3,0
1073,27718,44992,44992,47492,4,1
1074,27719,44992,44992,47492,4,1
1075,27720,44992,44992,47492,4,1
1076,27733,44992,44992,47492,4,1
1077,27734,44992,44992,47492,4,1
1078,27735,44992,44992,47492,4,1
1079,27742,44992,44992,47492,4,1
1080,27747,44929,44929,47429,3,0
1081,27756,44929,44929,47429,3,0
1082,27760,44929,44929,47429,3,0
1083,27761,44992,44992,47492,4,1
1084,27762,44929,44929,47429,3,0
1085,27771,44929,44929,47429,3,0
1086,27775,44992,44992,47492,4,1
1087,27778,44929,44929,47429,3,0
1088,27791,44929,44929,47429,3,0
1089,27806,44929,44929,47429,3,0
1090,27813,44929,44929,47429,3,0
1091,27816,44929,44929,47429,3,0
1092,27825,44992,44992,47492,4,1
1093,27845,44929,44929,47429,3,0
1094,27860,44992,44992,47492,4,1
1095,27862,44992,44992,47492,4,1
1096,27881,44929,44929,47429,3,0
1097,27893,44929,44929,47429,3,0
1098,27897,44994,44994,47494,5,0
1099,27906,44992,44992,47492,4,1
1100,27927,44994,44994,47494,5,0
1101,27930,44992,44992,47492,4,1
1102,27934,44994,44994,47494,5,0
1103,27934,45065,45065,47565,6,1
1104,27941,45065,45065,47565,6,1
1105,27942,44994,44994,47494,5,0
1106,27946,44994,44994,47494,5,0
1107,27947,45065,45065,47565,6,1
1108,27949,45065,45065,47565,6,1
1109,27951,45065,45065,47565,6,1
1110,27952,45065,45065,47565,6,1
1111,27959,45065,45065,47565,6,1
1112,27960,45065,45065,47565,6,1
1113,27962,45065,45065,47565,6,1
1114,27967,44994,44994,47494,5,0
1115,27985,44994,44994,47494,5,0
1116,27997,44994,44994,47494,5,0
1117,28000,45065,45065,47565,6,1
1118,28023,44994,44994,47494,5,0
1119,28038,45065,45065,47565,6,1
1120,28051,45065,45065,47565,6,1
1121,28057,45065,45065,47565,6,1
1122,28058,45065,45065,47565,6,1
1123,28064,45065,45065,47565,6,1
1124,28070,44994,44994,47494,5,0
1125,28093,44994,44994,47494,5,0
1126,28096,45065,45065,47565,6,1
1127,28106,45065,45065,47565,6,1
1128,28124,44994,44994,47494,5,0
1129,28127,44994,44994,47494,5,0
1130,28137,45065,45065,47565,6,1
1131,28140,45065,45065,47565,6,1
1132,28147,44994,44994,47494,5,0
1133,28154,45065,45065,47565,6,1
1134,28160,44994,44994,47494,5,0
1135,28167,45139,45139,47639,8,1
1136,28169,45139,45139,47639,8,1
1137,28180,45139,45139,47639,8,1
1138,28190,45139,45139,47639,8,1
1139,28204,45139,45139,47639,8,1
1140,28205,45139,45139,47639,8,1
1141,28211,45139,45139,47639,8,1
1142,28216,45139,45139,47639,8,1
1143,28218,44994,44994,47494,5,0
1144,28219,45139,45139,47639,8,1
1145,28221,44994,44994,47494,5,0
1146,28221,45139,45139,47639,8,1
1147,28227,45139,45139,47639,8,1
1148,28235,44994,44994,47494,5,0
1149,28235,45139,45139,47639,8,1
1150,28242,45139,45139,47639,8,1
1151,28248,44994,44994,47494,5,0
1152,28253,45139,45139,47639,8,1
1153,28254,45139,45139,47639,8,1
1154,28255,44994,44994,47494,5,0
1155,28271,45087,45087,47587,7,0
1156,28280,45139,45139,47639,8,1
1157,28288,45139,45139,47639,8,1
1158,28290,45087,45087,47587,7,0
1159,28292,45087,45087,47587,7,0
1160,28294,45087,45087,47587,7,0
1161,28303,45139,45139,47639,8,1
1162,28304,45087,45087,47587,7,0
1163,28319,45087,45087,47587,7,0
1164,28323,45087,45087,47587,7,0
1165,28334,45087,45087,47587,7,0
1166,28337,45087,45087,47587,7,0
1167,28338,45139,45139,47639,8,1
1168,28341,45087,45087,47587,7,0
1169,28365,45139,45139,47639,8,1
1170,28366,45230,45230,47730,1,1
1171,28370,45230,45230,47730,1,1
1172,28371,45087,45087,47587,7,0
1173,28375,45087,45087,47587,7,0
1174,28383,45087,45087,47587,7,0
1175,28384,45087,45087,47587,7,0
1176,28386,45230,45230,47730,1,1
1177,28390,45230,45230,47730,1,1
1178,28394,45230,45230,47730,1,1
1179,28396,45087,45087,47587,7,0
1180,28400,45230,45230,47730,1,1
1181,28403,45230,45230,47730,1,1
1182,28408,45087,45087,47587,7,0
1183,28408,45230,45230,47730,1,1
1184,28415,45087,45087,47587,7,0
1185,28416,45230,45230,47730,1,1
1186,28417,45230,45230,47730,1,1
1187,28430,45087,45087,47587,7,0
1188,28457,45087,45087,47587,7,0
1189,28457,45230,45230,47730,1,1
1190,28459,45230,45230,47730,1,1
1191,28477,45230,45230,47730,1,1
1192,28478,45230,45230,47730,1,1
1193,28484,45230,45230,47730,1,1
1194,28488,45087,45087,47587,7,0
1195,28499,45146,45146,47646,9,0
1196,28500,45146,45146,47646,9,0
1197,28516,45146,45146,47646,9,0
1198,28518,45146,45146,47646,9,0
1199,28520,45230,45230,47730,1,1
1200,28523,45230,45230,47730,1,1
1201,28529,45146,45146,47646,9,0
1202,28541,45146,45146,47646,9,0
1203,28541,45230,45230,47730,1,1
1204,28544,45230,45230,47730,1,1
1205,28552,45146,45146,47646,9,0
1206,28552,45230,45230,47730,1,1
1207,28553,45146,45146,47646,9,0
1208,28555,47430,47430,49930,3,1
1209,28565,47430,47430,49930,3,1
1210,28569,45146,45146,47646,9,0
1211,28593,47430,47430,49930,3,1
1212,28597,47430,47430,49930,3,1
1213,28599,47430,47430,49930,3,1
1214,28606,47430,47430,49930,3,1
1215,28607,45146,45146,47646,9,0
1216,28607,47430,47430,49930,3,1
1217,28635,47430,47430,49930,3,1
1218,28636,45146,45146,47646,9,0
1219,28650,45146,45146,47646,9,0
1220,28661,45146,45146,47646,9,0
1221,28666,45146,45146,47646,9,0
1222,28670,47430,47430,49930,3,1
1223,28674,45146,45146,47646,9,0
1224,28697,47430,47430,49930,3,1
1225,28714,47430,47430,49930,3,1
1226,28724,45146,45146,47646,9,0
1227,28731,47430,47430,49930,3,1
1228,28735,47430,47430,49930,3,1
1229,28742,45146,45146,47646,9,0
1230,28743,45146,45146,47646,9,0
1231,28744,47430,47430,49930,3,1
1232,28745,47430,47430,49930,3,1
1233,28763,47430,47430,49930,3,1
1234,28767,47430,47430,49930,3,1
1235,28769,47430,47430,49930,3,1
1236,28770,45146,45146,47646,9,0
1237,28771,47430,47430,49930,3,1
1238,28773,45146,45146,47646,9,0
1239,28776,47430,47430,49930,3,1
1240,28786,47495,47495,49995,5,1
1241,28797,45243,45243,47743,0,0
1242,28816,45243,45243,47743,0,0
1243,28817,45243,45243,47743,0,0
1244,28819,45243,45243,47743,0,0
1245,28824,47495,47495,49995,5,1
1246,28827,47495,47495,49995,5,1
1247,28828,47495,47495,49995,5,1
1248,28832,45243,45243,47743,0,0
1249,28853,47495,47495,49995,5,1
1250,28872,47495,47495,49995,5,1
1251,28877,45243,45243,47743,0,0
1252,28880,47495,47495,49995,5,1
1253,28884,47495,47495,49995,5,1
1254,28891,47495,47495,49995,5,1
1255,28897,45243,45243,47743,0,0
1256,28897,47495,47495,49995,5,1
1257,28911,47495,47495,49995,5,1
1258,28918,45243,45243,47743,0,0
1259,28926,45243,45243,47743,0,0
1260,28929,47495,47495,49995,5,1
1261,28931,45243,45243,47743,0,0
1262,28933,47495,47495,49995,5,1
1263,28935,47495,47495,49995,5,1
1264,28936,45243,45243,47743,0,0
1265,28938,45243,45243,47743,0,0
1266,28939,47495,47495,49995,5,1
1267,28945,45243,45243,47743,0,0
1268,28948,47495,47495,49995,5,1
1269,28952,45243,45243,47743,0,0
1270,28962,45243,45243,47743,0,0
1271,28969,47495,47495,49995,5,1
1272,28985,47495,47495,49995,5,1
1273,28998,47495,47495,49995,5,1
1274,28999,45243,45243,47743,0,0
1275,29003,45243,45243,47743,0,0
1276,29013,45243,45243,47743,0,0
1277,29024,47495,47495,49995,5,1
1278,29026,47588,47588,50088,7,1
1279,29028,47588,47588,50088,7,1
1280,29039,45243,45243,47743,0,0
1281,29044,45243,45243,47743,0,0
1282,29045,47411,47411,49911,2,0
1283,29057,47411,47411,49911,2,0
1284,29062,47588,47588,50088,7,1
1285,29066,47411,47411,49911,2,0
1286,29068,47411,47411,49911,2,0
1287,29074,47588,47588,50088,7,1
1288,29090,47588,47588,50088,7,1
1289,29095,47411,47411,49911,2,0
1290,29096,47411,47411,49911,2,0
1291,29100,47588,47588,50088,7,1
1292,29120,47411,47411,49911,2,0
1293,29121,47411,47411,49911,2,0
1294,29121,47588,47588,50088,7,1
1295,29127,47411,47411,49911,2,0
1296,29128,47411,47411,49911,2,0
1297,29134,47411,47411,49911,2,0
1298,29144,47411,47411,49911,2,0
1299,29146,47588,47588,50088,7,1
1300,29153,47411,47411,49911,2,0
1301,29156,47588,47588,50088,7,1
1302,29163,47411,47411,49911,2,0
1303,29167,47588,47588,50088,7,1
1304,29190,47411,47411,49911,2,0
1305,29198,47411,47411,49911,2,0
1306,29202,47411,47411,49911,2,0
1307,29206,47411,47411,49911,2,0
1308,29212,47588,47588,50088,7,1
1309,29214,47411,47411,49911,2,0
1310,29218,47588,47588,50088,7,1
1311,29222,47411,47411,49911,2,0
1312,29229,47588,47588,50088,7,1
1313,29231,47588,47588,50088,7,1
1314,29241,47493,47493,49993,4,0
1315,29242,47493,47493,49993,4,0
1316,29243,47493,47493,49993,4,0
1317,29247,47588,47588,50088,7,1
1318,29248,47588,47588,50088,7,1
1319,29250,47588,47588,50088,7,1
1320,29252,47588,47588,50088,7,1
1321,29255,47493,47493,49993,4,0
1322,29265,47493,47493,49993,4,0
1323,29268,47493,47493,49993,4,0
1324,29268,47588,47588,50088,7,1
1325,29269,47588,47588,50088,7,1
1326,29275,47493,47493,49993,4,0
1327,29286,47647,47647,50147,9,1
1328,29287,47647,47647,50147,9,1
1329,29307,47493,47493,49993,4,0
1330,29309,47493,47493,49993,4,0
1331,29312,47647,47647,50147,9,1
1332,29323,47647,47647,50147,9,1
1333,29324,47493,47493,49993,4,0
1334,29325,47493,47493,49993,4,0
1335,29326,47647,47647,50147,9,1
1336,29327,47493,47493,49993,4,0
1337,29328,47493,47493,49993,4,0
1338,29329,47493,47493,49993,4,0
1339,29331,47493,47493,49993,4,0
1340,29335,47647,47647,50147,9,1
1341,29338,47647,47647,50147,9,1
1342,29367,47647,47647,50147,9,1
1343,29375,47493,47493,49993,4,0
1344,29375,47647,47647,50147,9,1
1345,29394,47493,47493,49993,4,0
1346,29395,47493,47493,49993,4,0
1347,29397,47493,47493,49993,4,0
1348,29397,47647,47647,50147,9,1
1349,29407,47647,47647,50147,9,1
1350,29417,47493,47493,49993,4,0
1351,29418,47566,47566,50066,6,0
1352,29426,47566,47566,50066,6,0
1353,29433,47647,47647,50147,9,1
1354,29439,47566,47566,50066,6,0
1355,29442,47566,47566,50066,6,0
1356,29460,47566,47566,50066,6,0
1357,29463,47566,47566,50066,6,0
1358,29466,47566,47566,50066,6,0
1359,29469,47647,47647,50147,9,1
1360,29477,47566,47566,50066,6,0
1361,29488,47647,47647,50147,9,1
1362,29489,47566,47566,50066,6,0
1363,29510,47566,47566,50066,6,0
1364,29526,47566,47566,50066,6,0
1365,29531,47647,47647,50147,9,1
1366,29532,47566,47566,50066,6,0
1367,29536,47566,47566,50066,6,0
1368,29548,47566,47566,50066,6,0
1369,29564,47647,47647,50147,9,1
1370,29566,47647,47647,50147,9,1
1371,29569,47566,47566,50066,6,0
1372,29574,47566,47566,50066,6,0
1373,29579,47647,47647,50147,9,1
1374,29586,47566,47566,50066,6,0
1375,29588,47566,47566,50066,6,0
1376,29589,47647,47647,50147,9,1
1377,29592,47566,47566,50066,6,0
1378,29599,47647,47647,50147,9,1
1379,29620,47566,47566,50066,6,0
1380,29624,47744,47744,50244,0,1
1381,29625,47640,47640,50140,8,0
1382,29632,47640,47640,50140,8,0
1383,29643,47640,47640,50140,8,0
1384,29644,47640,47640,50140,8,0
1385,29652,47640,47640,50140,8,0
1386,29653,47744,47744,50244,0,1
1387,29654,47640,47640,50140,8,0
1388,29654,47744,47744,50244,0,1
1389,29657,47744,47744,50244,0,1
1390,29663,47744,47744,50244,0,1
1391,29670,47744,47744,50244,0,1
1392,29671,47640,47640,50140,8,0
1393,29673,47744,47744,50244,0,1
1394,29676,47640,47640,50140,8,0
1395,29678,47640,47640,50140,8,0
1396,29683,47744,47744,50244,0,1
1397,29684,47640,47640,50140,8,0
1398,29685,47744,47744,50244,0,1
1399,29692,47640,47640,50140,8,0
1400,29698,47640,47640,50140,8,0
1401,29703,47744,47744,50244,0,1
1402,29705,47744,47744,50244,0,1
1403,29711,47640,47640,50140,8,0
1404,29737,47640,47640,50140,8,0
1405,29752,47744,47744,50244,0,1
1406,29753,47744,47744,50244,0,1
1407,29754,47640,47640,50140,8,0
1408,29771,47744,47744,50244,0,1
1409,29772,47744,47744,50244,0,1
1410,29781,47744,47744,50244,0,1
1411,29785,47640,47640,50140,8,0
1412,29789,47744,47744,50244,0,1
1413,29791,47640,47640,50140,8,0
1414,29797,47744,47744,50244,0,1
1415,29798,47744,47744,50244,0,1
1416,29799,47744,47744,50244,0,1
1417,29804,49912,49912,52412,2,1
1418,29808,47640,47640,50140,8,0
1419,29830,49912,49912,52412,2,1
1420,29832,47640,47640,50140,8,0
1421,29844,49912,49912,52412,2,1
1422,29848,47640,47640,50140,8,0
1423,29855,49912,49912,52412,2,1
1424,29861,47731,47731,50231,1,0
1425,29873,49912,49912,52412,2,1
1426,29878,49912,49912,52412,2,1
1427,29880,49912,49912,52412,2,1
1428,29881,47731,47731,50231,1,0
1429,29885,47731,47731,50231,1,0
1430,29896,47731,47731,50231,1,0
1431,29897,47731,47731,50231,1,0
1432,29898,49912,49912,52412,2,1
1433,29899,49912,49912,52412,2,1
1434,29902,47731,47731,50231,1,0
1435,29902,49912,49912,52412,2,1
1436,29907,49912,49912,52412,2,1
1437,29917,47731,47731,50231,1,0
1438,29922,47731,47731,50231,1,0
1439,29931,49912,49912,52412,2,1
1440,29941,49912,49912,52412,2,1
1441,29947,47731,47731,50231,1,0
1442,29954,49912,49912,52412,2,1
1443,29955,47731,47731,50231,1,0
1444,29973,47731,47731,50231,1,0
1445,29983,47731,47731,50231,1,0
1446,29985,49912,49912,52412,2,1
1447,29986,47731,47731,50231,1,0
1448,29987,47731,47731,50231,1,0
1449,29989,47731,47731,50231,1,0
1450,29993,47731,47731,50231,1,0
1451,29996,47731,47731,50231,1,0
1452,30003,49912,49912,52412,2,1
1453,30004,47731,47731,50231,1,0
1454,30010,47731,47731,50231,1,0
1455,30011,47731,47731,50231,1,0
1456,30013,49931,49931,52431,3,0
1457,30015,49931,49931,52431,3,0
1458,30018,49931,49931,52431,3,0
1459,30020,49912,49912,52412,2,1
1460,30022,49931,49931,52431,3,0
1461,30023,49912,49912,52412,2,1
1462,30031,49912,49912,52412,2,1
1463,30032,49912,49912,52412,2,1
1464,30038,49931,49931,52431,3,0
1465,30042,49931,49931,52431,3,0
1466,30049,49931,49931,52431,3,0
1467,30064,49994,49994,52494,4,1
1468,30087,49931,49931,52431,3,0
1469,30089,49994,49994,52494,4,1
1470,30097,49931,49931,52431,3,0
1471,30099,49931,49931,52431,3,0
1472,30099,49994,49994,52494,4,1
1473,30101,49931,49931,52431,3,0
1474,30117,49994,49994,52494,4,1
1475,30122,49931,49931,52431,3,0
1476,30128,49931,49931,52431,3,0
1477,30130,49931,49931,52431,3,0
1478,30136,49931,49931,52431,3,0
1479,30140,49994,49994,52494,4,1
1480,30146,49931,49931,52431,3,0
1481,30148,49994,49994,52494,4,1
1482,30156,49931,49931,52431,3,0
1483,30173,49994,49994,52494,4,1
1484,30180,49994,49994,52494,4,1
1485,30188,49994,49994,52494,4,1
1486,30189,49931,49931,52431,3,0
1487,30218,49931,49931,52431,3,0
1488,30224,49994,49994,52494,4,1
1489,30226,49994,49994,52494,4,1
1490,30235,49931,49931,52431,3,0
1491,30242,49994,49994,52494,4,1
1492,30243,49996,49996,52496,5,0
1493,30243,49994,49994,52494,4,1
1494,30244,49996,49996,52496,5,0
1495,30244,49994,49994,52494,4,1
1496,30258,49996,49996,52496,5,0
1497,30259,49994,49994,52494,4,1
1498,30264,49994,49994,52494,4,1
1499,30267,49996,49996,52496,5,0
1500,30268,49996,49996,52496,5,0
1501,30272,49996,49996,52496,5,0
1502,30273,49996,49996,52496,5,0
1503,30276,49994,49994,52494,4,1
1504,30289,49996,49996,52496,5,0
1505,30295,49994,49994,52494,4,1
1506,30297,49996,49996,52496,5,0
1507,30300,49996,49996,52496,5,0
1508,30300,49994,49994,52494,4,1
1509,30307,49994,49994,52494,4,1
1510,30310,49996,49996,52496,5,0
1511,30314,49996,49996,52496,5,0
1512,30314,50067,50067,52567,6,1
1513,30315,50067,50067,52567,6,1
1514,30328,49996,49996,52496,5,0
1515,30331,50067,50067,52567,6,1
1516,30332,50067,50067,52567,6,1
1517,30335,50067,50067,52567,6,1
1518,30336,49996,49996,52496,5,0
1519,30338,49996,49996,52496,5,0
1520,30348,50067,50067,52567,6,1
1521,30353,49996,49996,52496,5,0
1522,30355,49996,49996,52496,5,0
1523,30356,50067,50067,52567,6,1
1524,30361,49996,49996,52496,5,0
1525,30390,50067,50067,52567,6,1
1526,30392,49996,49996,52496,5,0
1527,30396,49996,49996,52496,5,0
1528,30399,50089,50089,52589,7,0
1529,30400,50089,50089,52589,7,0
1530,30401,50067,50067,52567,6,1
1531,30402,50067,50067,52567,6,1
1532,30433,50067,50067,52567,6,1
1533,30436,50089,50089,52589,7,0
1534,30439,50089,50089,52589,7,0
1535,30442,50067,50067,52567,6,1
1536,30456,50089,50089,52589,7,0
1537,30458,50067,50067,52567,6,1
1538,30459,50067,50067,52567,6,1
1539,30464,50067,50067,52567,6,1
1540,30467,50067,50067,52567,6,1
1541,30469,50089,50089,52589,7,0
1542,30478,50089,50089,52589,7,0
1543,30496,50067,50067,52567,6,1
1544,30498,50067,50067,52567,6,1
1545,30500,50067,50067,52567,6,1
1546,30525,50089,50089,52589,7,0
1547,30527,50067,50067,52567,6,1
1548,30531,50089,50089,52589,7,0
1549,30534,50141,50141,52641,8,1
1550,30540,50141,50141,52641,8,1
1551,30559,50089,50089,52589,7,0
1552,30570,50141,50141,52641,8,1
1553,30578,50089,50089,52589,7,0
1554,30578,50141,50141,52641,8,1
1555,30581,50089,50089,52589,7,0
1556,30591,50089,50089,52589,7,0
1557,30591,50141,50141,52641,8,1
1558,30602,50089,50089,52589,7,0
1559,30602,50141,50141,52641,8,1
1560,30610,50141,50141,52641,8,1
1561,30613,50089,50089,52589,7,0
1562,30619,50141,50141,52641,8,1
1563,30634,50089,50089,52589,7,0
1564,30640,50141,50141,52641,8,1
1565,30644,50141,50141,52641,8,1
1566,30655,50089,50089,52589,7,0
1567,30660,50141,50141,52641,8,1
1568,30668,50141,50141,52641,8,1
1569,30671,50141,50141,52641,8,1
1570,30674,50089,50089,52589,7,0
1571,30678,50141,50141,52641,8,1
1572,30681,50141,50141,52641,8,1
1573,30682,50141,50141,52641,8,1
1574,30688,50141,50141,52641,8,1
1575,30690,50089,50089,52589,7,0
1576,30692,50089,50089,52589,7,0
1577,30697,50148,50148,52648,9,0
1578,30708,50148,50148,52648,9,0
1579,30709,50141,50141,52641,8,1
1580,30716,50148,50148,52648,9,0
1581,30726,50141,50141,52641,8,1
1582,30730,50141,50141,52641,8,1
1583,30735,50232,50232,52732,1,1
1584,30739,50148,50148,52648,9,0
1585,30746,50232,50232,52732,1,1
1586,30760,50148,50148,52648,9,0
1587,30762,50148,50148,52648,9,0
1588,30764,50148,50148,52648,9,0
1589,30770,50232,50232,52732,1,1
1590,30772,50148,50148,52648,9,0
1591,30772,50232,50232,52732,1,1
1592,30783,50148,50148,52648,9,0
1593,30789,50232,50232,52732,1,1
1594,30792,50232,50232,52732,1,1
1595,30805,50232,50232,52732,1,1
1596,30807,50148,50148,52648,9,0
1597,30816,50232,50232,52732,1,1
1598,30825,50232,50232,52732,1,1
1599,30832,50148,50148,52648,9,0
1600,30833,50148,50148,52648,9,0
1601,30836,50232,50232,52732,1,1
1602,30839,50148,50148,52648,9,0
1603,30845,50232,50232,52732,1,1
1604,30854,50148,50148,52648,9,0
1605,30857,50148,50148,52648,9,0
1606,30863,50232,50232,52732,1,1
1607,30867,50232,50232,52732,1,1
1608,30874,50232,50232,52732,1,1
1609,30881,50148,50148,52648,9,0
1610,30884,50232,50232,52732,1,1
1611,30888,50148,50148,52648,9,0
1612,30890,50148,50148,52648,9,0
1613,30891,50232,50232,52732,1,1
1614,30893,50148,50148,52648,9,0
1615,30899,50148,50148,52648,9,0
1616,30904,50232,50232,52732,1,1
1617,30913,50232,50232,52732,1,1
1618,30919,50232,50232,52732,1,1
1619,30924,50232,50232,52732,1,1
1620,30934,50245,50245,52745,0,0
1621,30935,52432,52432,54932,3,1
1622,30953,50245,50245,52745,0,0
1623,30955,52432,52432,54932,3,1
1624,30969,52432,52432,54932,3,1
1625,30980,52432,52432,54932,3,1
1626,30983,50245,50245,52745,0,0
1627,30987,52432,52432,54932,3,1
1628,30993,50245,50245,52745,0,0
1629,30996,52432,52432,54932,3,1
1630,30998,50245,50245,52745,0,0
1631,30998,52432,52432,54932,3,1
1632,31004,52432,52432,54932,3,1
1633,31008,52432,52432,54932,3,1
1634,31014,52432,52432,54932,3,1
1635,31016,52432,52432,54932,3,1
1636,31022,52432,52432,54932,3,1
1637,31041,50245,50245,52745,0,0
1638,31045,50245,50245,52745,0,0
1639,31051,50245,50245,52745,0,0
1640,31058,50245,50245,52745,0,0
1641,31062,50245,50245,52745,0,0
1642,31063,50245,50245,52745,0,0
1643,31065,52432,52432,54932,3,1
1644,31070,52432,52432,54932,3,1
1645,31076,52432,52432,54932,3,1
1646,31079,50245,50245,52745,0,0
1647,31086,52432,52432,54932,3,1
1648,31092,50245,50245,52745,0,0
1649,31096,52432,52432,54932,3,1
1650,31097,50245,50245,52745,0,0
1651,31104,52432,52432,54932,3,1
1652,31106,52432,52432,54932,3,1
1653,31132,52432,52432,54932,3,1
1654,31140,50245,50245,52745,0,0
1655,31142,50245,50245,52745,0,0
1656,31146,50245,50245,52745,0,0
1657,31154,50245,50245,52745,0,0
1658,31160,50245,50245,52745,0,0
1659,31169,50245,50245,52745,0,0
1660,31175,52497,52497,54997,5,1
1661,31187,52497,52497,54997,5,1
1662,31193,52497,52497,54997,5,1
1663,31200,52413,52413,54913,2,0
1664,31210,52497,52497,54997,5,1
1665,31211,52413,52413,54913,2,0
1666,31212,52497,52497,54997,5,1
1667,31221,52497,52497,54997,5,1
1668,31223,52497,52497,54997,5,1
1669,31224,52497,52497,54997,5,1
1670,31229,52413,52413,54913,2,0
1671,31243,52497,52497,54997,5,1
1672,31244,52497,52497,54997,5,1
1673,31248,52497,52497,54997,5,1
1674,31250,52497,52497,54997,5,1
1675,31251,52497,52497,54997,5,1
1676,31269,52413,52413,54913,2,0
1677,31270,52413,52413,54913,2,0
1678,31271,52413,52413,54913,2,0
1679,31277,52413,52413,54913,2,0
1680,31283,52413,52413,54913,2,0
1681,31288,52413,52413,54913,2,0
1682,31289,52413,52413,54913,2,0
1683,31290,52497,52497,54997,5,1
1684,31293,52497,52497,54997,5,1
1685,31295,52497,52497,54997,5,1
1686,31301,52413,52413,54913,2,0
1687,31310,52413,52413,54913,2,0
1688,31315,52413,52413,54913,2,0
1689,31317,52413,52413,54913,2,0
1690,31327,52413,52413,54913,2,0
1691,31329,52497,52497,54997,5,1
1692,31331,52413,52413,54913,2,0
1693,31332,52497,52497,54997,5,1
1694,31333,52413,52413,54913,2,0
1695,31342,52497,52497,54997,5,1
1696,31359,52497,52497,54997,5,1
1697,31371,52413,52413,54913,2,0
1698,31373,52590,52590,55090,7,1
1699,31374,52413,52413,54913,2,0
1700,31380,52590,52590,55090,7,1
1701,31381,52413,52413,54913,2,0
1702,31391,52495,52495,54995,4,0
1703,31395,52495,52495,54995,4,0
1704,31397,52495,52495,54995,4,0
1705,31402,52590,52590,55090,7,1
1706,31403,52495,52495,54995,4,0
1707,31407,52590,52590,55090,7,1
1708,31411,52495,52495,54995,4,0
1709,31415,52495,52495,54995,4,0
1710,31424,52590,52590,55090,7,1
1711,31425,52495,52495,54995,4,0
1712,31426,52590,52590,55090,7,1
1713,31448,52495,52495,54995,4,0
1714,31449,52495,52495,54995,4,0
1715,31453,52495,52495,54995,4,0
1716,31454,52590,52590,55090,7,1
1717,31467,52495,52495,54995,4,0
1718,31469,52590,52590,55090,7,1
1719,31470,52495,52495,54995,4,0
1720,31471,52590,52590,55090,7,1
1721,31481,52590,52590,55090,7,1
1722,31485,52495,52495,54995,4,0
1723,31488,52590,52590,55090,7,1
1724,31489,52495,52495,54995,4,0
1725,31492,52495,52495,54995,4,0
1726,31496,52495,52495,54995,4,0
1727,31504,52495,52495,54995,4,0
1728,31505,52495,52495,54995,4,0
1729,31516,52495,52495,54995,4,0
1730,31519,52495,52495,54995,4,0
1731,31537,52590,52590,55090,7,1
1732,31557,52590,52590,55090,7,1
1733,31558,52568,52568,55068,6,0
1734,31565,52590,52590,55090,7,1
1735,31579,52590,52590,55090,7,1
1736,31582,52590,52590,55090,7,1
1737,31591,52568,52568,55068,6,0
1738,31593,52568,52568,55068,6,0
1739,31600,52568,52568,55068,6,0
1740,31602,52568,52568,55068,6,0
1741,31604,52568,52568,55068,6,0
1742,31604,52590,52590,55090,7,1
1743,31608,52590,52590,55090,7,1
1744,31612,52568,52568,55068,6,0
1745,31614,52568,52568,55068,6,0
1746,31626,52568,52568,55068,6,0
1747,31626,52590,52590,55090,7,1
1748,31629,52590,52590,55090,7,1
1749,31631,52568,52568,55068,6,0
1750,31640,52568,52568,55068,6,0
1751,31642,52649,52649,55149,9,1
1752,31663,52649,52649,55149,9,1
1753,31667,52649,52649,55149,9,1
1754,31669,52649,52649,55149,9,1
1755,31675,52568,52568,55068,6,0
1756,31704,52568,52568,55068,6,0
1757,31714,52649,52649,55149,9,1
1758,31719,52568,52568,55068,6,0
1759,31720,52568,52568,55068,6,0
1760,31726,52568,52568,55068,6,0
1761,31729,52649,52649,55149,9,1
1762,31732,52568,52568,55068,6,0
1763,31739,52568,52568,55068,6,0
1764,31740,52568,52568,55068,6,0
1765,31741,52568,52568,55068,6,0
1766,31747,52642,52642,55142,8,0
1767,31753,52649,52649,55149,9,1
1768,31754,52649,52649,55149,9,1
1769,31760,52642,52642,55142,8,0
1770,31768,52649,52649,55149,9,1
1771,31778,52642,52642,55142,8,0
1772,31782,52642,52642,55142,8,0
1773,31808,52642,52642,55142,8,0
1774,31833,52649,52649,55149,9,1
1775,31835,52642,52642,55142,8,0
1776,31835,52649,52649,55149,9,1
1777,31841,52649,52649,55149,9,1
1778,31847,52642,52642,55142,8,0
1779,31847,52649,52649,55149,9,1
1780,31853,52642,52642,55142,8,0
1781,31867,52649,52649,55149,9,1
1782,31882,52649,52649,55149,9,1
1783,31883,52649,52649,55149,9,1
1784,31894,52649,52649,55149,9,1
1785,31897,52642,52642,55142,8,0
1786,31900,52649,52649,55149,9,1
1787,31908,52649,52649,55149,9,1
1788,31910,52649,52649,55149,9,1
1789,31917,52642,52642,55142,8,0
1790,31925,52746,52746,55246,0,1
1791,31936,52746,52746,55246,0,1
1792,31937,52642,52642,55142,8,0
1793,31943,52746,52746,55246,0,1
1794,31948,52746,52746,55246,0,1
1795,31949,52746,52746,55246,0,1
1796,31960,52642,52642,55142,8,0
1797,31970,52746,52746,55246,0,1
1798,31973,52642,52642,55142,8,0
1799,31976,52746,52746,55246,0,1
1800,31984,52642,52642,55142,8,0
1801,31990,52746,52746,55246,0,1
1802,31991,52642,52642,55142,8,0
1803,32009,52642,52642,55142,8,0
1804,32011,52746,52746,55246,0,1
1805,32022,52642,52642,55142,8,0
1806,32035,52746,52746,55246,0,1
1807,32039,52642,52642,55142,8,0
1808,32045,52642,52642,55142,8,0
1809,32048,52746,52746,55246,0,1
1810,32054,52746,52746,55246,0,1
1811,32056,52746,52746,55246,0,1
1812,32073,52642,52642,55142,8,0
1813,32074,52746,52746,55246,0,1
1814,32075,52733,52733,55233,1,0
1815,32083,52746,52746,55246,0,1
1816,32127,52733,52733,55233,1,0
1817,32139,52746,52746,55246,0,1
1818,32144,52746,52746,55246,0,1
1819,32151,52733,52733,55233,1,0
1820,32152,52733,52733,55233,1,0
1821,32152,52746,52746,55246,0,1
1822,32153,52746,52746,55246,0,1
1823,32161,52733,52733,55233,1,0
1824,32170,52733,52733,55233,1,0
1825,32171,52746,52746,55246,0,1
1826,32172,52733,52733,55233,1,0
1827,32175,52733,52733,55233,1,0
1828,32180,54914,54914,57414,2,1
1829,32181,54914,54914,57414,2,1
1830,32184,52733,52733,55233,1,0
1831,32205,52733,52733,55233,1,0
1832,32221,52733,52733,55233,1,0
1833,32221,54914,54914,57414,2,1
1834,32222,52733,52733,55233,1,0
1835,32223,52733,52733,55233,1,0
1836,32226,52733,52733,55233,1,0
1837,32228,54914,54914,57414,2,1
1838,32230,52733,52733,55233,1,0
1839,32233,54914,54914,57414,2,1
1840,32234,54914,54914,57414,2,1
1841,32238,52733,52733,55233,1,0
1842,32239,52733,52733,55233,1,0
1843,32247,54914,54914,57414,2,1
1844,32248,54914,54914,57414,2,1
1845,32251,54914,54914,57414,2,1
1846,32253,54914,54914,57414,2,1
1847,32255,52733,52733,55233,1,0
1848,32264,54914,54914,57414,2,1
1849,32273,52733,52733,55233,1,0
1850,32282,54914,54914,57414,2,1
1851,32283,52733,52733,55233,1,0
1852,32289,54914,54914,57414,2,1
1853,32290,54933,54933,57433,3,0
1854,32291,54914,54914,57414,2,1
1855,32298,54914,54914,57414,2,1
1856,32302,54914,54914,57414,2,1
1857,32312,54933,54933,57433,3,0
1858,32315,54914,54914,57414,2,1
1859,32324,54914,54914,57414,2,1
1860,32327,54914,54914,57414,2,1
1861,32340,54914,54914,57414,2,1
1862,32345,54996,54996,57496,4,1
1863,32350,54996,54996,57496,4,1
1864,32357,54996,54996,57496,4,1
1865,32366,54933,54933,57433,3,0
1866,32389,54933,54933,57433,3,0
1867,32395,54933,54933,57433,3,0
1868,32399,54996,54996,57496,4,1
1869,32419,54933,54933,57433,3,0
1870,32438,54996,54996,57496,4,1
1871,32457,54996,54996,57496,4,1
1872,32462,54996,54996,57496,4,1
1873,32537,54933,54933,57433,3,0
1874,32571,54933,54933,57433,3,0
1875,32588,54933,54933,57433,3,0
1876,32641,54933,54933,57433,3,0
1877,32648,54933,54933,57433,3,0
1878,32659,54933,54933,57433,3,0
1879,32673,54996,54996,57496,4,1
1880,32718,54933,54933,57433,3,0
1881,32720,54996,54996,57496,4,1
1882,32739,54996,54996,57496,4,1
1883,32824,54996,54996,57496,4,1
1884,32873,54996,54996,57496,4,1
1885,32921,54933,54933,57433,3,0
1886,33010,54933,54933,57433,3,0
1887,33032,54996,54996,57496,4,1
1888,33060,54933,54933,57433,3,0
1889,33061,54996,54996,57496,4,1
1890,33138,54933,54933,57433,3,0
1891,33161,54996,54996,57496,4,1
1892,33209,54996,54996,57496,4,1
1893,33264,54933,54933,57433,3,0
1894,33272,54996,54996,57496,4,1
1895,33299,54996,54996,57496,4,1
1896,33318,54996,54996,57496,4,1
1897,33433,54933,54933,57433,3,0
1898,33512,54996,54996,57496,4,1
1899,33528,55069,55069,57569,6,1
1900,33538,55069,55069,57569,6,1
1901,33543,55069,55069,57569,6,1
1902,33545,55069,55069,57569,6,1
1903,33568,54933,54933,57433,3,0
1904,33572,54998,54998,57498,5,0
1905,33588,54998,54998,57498,5,0
1906,33625,54998,54998,57498,5,0
1907,33626,55069,55069,57569,6,1
1908,33698,54998,54998,57498,5,0
1909,33701,55069,55069,57569,6,1
1910,33711,54998,54998,57498,5,0
1911,33737,55069,55069,57569,6,1
1912,33761,55069,55069,57569,6,1
1913,33794,55069,55069,57569,6,1
1914,33803,54998,54998,57498,5,0
1915,33842,55069,55069,57569,6,1
1916,33867,55069,55069,57569,6,1
1917,33898,55069,55069,57569,6,1
1918,33927,54998,54998,57498,5,0
1919,33979,54998,54998,57498,5,0
1920,33988,55069,55069,57569,6,1
1921,34017,55069,55069,57569,6,1
1922,34020,54998,54998,57498,5,0
1923,34028,54998,54998,57498,5,0
1924,34029,54998,54998,57498,5,0
1925,34036,55069,55069,57569,6,1
1926,34047,54998,54998,57498,5,0
1927,34072,55069,55069,57569,6,1
1928,34076,55069,55069,57569,6,1
1929,34121,54998,54998,57498,5,0
1930,34169,55069,55069,57569,6,1
1931,34175,54998,54998,57498,5,0
1932,34178,54998,54998,57498,5,0
1933,34187,55069,55069,57569,6,1
1934,34198,54998,54998,57498,5,0
1935,34233,54998,54998,57498,5,0
1936,34254,54998,54998,57498,5,0
1937,34255,54998,54998,57498,5,0
1938,34266,55069,55069,57569,6,1
1939,34309,55143,55143,57714,8,1
1940,34337,55143,55143,57714,8,1
1941,34379,54998,54998,57498,5,0
1942,34396,55091,55091,57591,7,0
1943,34458,55143,55143,57714,8,1
1944,34476,55091,55091,57591,7,0
1945,34542,55091,55091,57591,7,0
1946,34567,55143,55143,57714,8,1
1947,34658,55091,55091,57591,7,0
1948,34720,55143,55143,57714,8,1
1949,34723,55143,55143,57714,8,1
1950,34740,55091,55091,57591,7,0
1951,34793,55091,55091,57591,7,0
1952,34839,55091,55091,57591,7,0
1953,34843,55143,55143,57714,8,1
1954,34845,55091,55091,57591,7,0
1955,34886,55143,55143,57714,8,1
1956,34978,55143,55143,57714,8,1
1957,34979,55091,55091,57591,7,0
1958,35072,55091,55091,57591,7,0
1959,35083,55143,55143,57714,8,1
1960,35124,55143,55143,57714,8,1
1961,35143,55143,55143,57714,8,1
1962,35165,55143,55143,57714,8,1
1963,35196,55091,55091,57591,7,0
1964,35231,55143,55143,57714,8,1
1965,35243,55091,55091,57591,7,0
1966,35256,55091,55091,57591,7,0
1967,35316,55091,55091,57591,7,0
1968,35437,55143,55143,57714,8,1
1969,35468,55143,55143,57714,8,1
1970,35480,55091,55091,57591,7,0
1971,35490,55091,55091,57591,7,0
1972,35576,55091,55091,57591,7,0
1973,35595,55091,55091,57591,7,0
1974,35622,55143,55143,57714,8,1
1975,35625,55091,55091,57591,7,0
1976,35645,55091,55091,57591,7,0
1977,35658,55143,55143,57714,8,1
1978,35666,55150,55150,57733,9,0
1979,35676,55143,55143,57714,8,1
1980,35721,55150,55150,57733,9,0
1981,35730,55150,55150,57733,9,0
1982,35740,55150,55150,57733,9,0
1983,35748,55143,55143,57714,8,1
1984,35757,55150,55150,57733,9,0
1985,35806,55234,55234,57957,1,1
1986,35820,55150,55150,57733,9,0
1987,35879,55234,55234,57957,1,1
1988,35883,55150,55150,57733,9,0
1989,35909,55150,55150,57733,9,0
1990,35914,55150,55150,57733,9,0
1991,35961,55150,55150,57733,9,0
1992,35972,55234,55234,57957,1,1
1993,35986,55150,55150,57733,9,0
1994,36014,55150,55150,57733,9,0
1995,36033,55234,55234,57957,1,1
1996,36034,55150,55150,57733,9,0
1997,36051,55234,55234,57957,1,1
1998,36092,55150,55150,57733,9,0
1999,36115,55150,55150,57733,9,0
2000,36152,55150,55150,57733,9,0
2001,36155,55234,55234,57957,1,1
2002,36157,55150,55150,57733,9,0
2003,36160,55150,55150,57733,9,0
2004,36193,55150,55150,57733,9,0
2005,36223,55234,55234,57957,1,1
2006,36265,55150,55150,57733,9,0
2007,36281,55234,55234,57957,1,1
2008,36372,55234,55234,57957,1,1
2009,36376,55234,55234,57957,1,1
2010,36407,55234,55234,57957,1,1
2011,36433,55247,55247,57992,0,0
2012,36452,55247,55247,57992,0,0
2013,36462,55247,55247,57992,0,0
2014,36491,55247,55247,57992,0,0
2015,36495,55234,55234,57957,1,1
2016,36624,55234,55234,57957,1,1
2017,36707,55234,55234,57957,1,1
2018,36784,55234,55234,57957,1,1
2019,36811,55247,55247,57992,0,0
2020,36838,55234,55234,57957,1,1
2021,36890,55234,55234,57957,1,1
2022,36922,55234,55234,57957,1,1
2023,36991,55234,55234,57957,1,1
2024,37003,55234,55234,57957,1,1
2025,37077,55247,55247,57992,0,0
2026,37082,55247,55247,57992,0,0
2027,37092,55247,55247,57992,0,0
2028,37094,55247,55247,57992,0,0
2029,37100,57434,57434,63824,3,1
2030,37141,57434,57434,63824,3,1
2031,37152,57434,57434,63824,3,1
2032,37158,55247,55247,57992,0,0
2033,37175,55247,55247,57992,0,0
2034,37196,57434,57434,63824,3,1
2035,37248,55247,55247,57992,0,0
2036,37248,57434,57434,63824,3,1
2037,37306,57434,57434,63824,3,1
2038,37405,55247,55247,57992,0,0
2039,37405,57434,57434,63824,3,1
2040,37421,57434,57434,63824,3,1
2041,37427,57434,57434,63824,3,1
2042,37435,57434,57434,63824,3,1
2043,37442,55247,55247,57992,0,0
2044,37467,57434,57434,63824,3,1
2045,37506,57434,57434,63824,3,1
2046,37509,55247,55247,57992,0,0
2047,37531,55247,55247,57992,0,0
2048,37547,57434,57434,63824,3,1
2049,37558,55247,55247,57992,0,0
2050,37567,57434,57434,63824,3,1
2051,37663,55247,55247,57992,0,0
2052,37679,57434,57434,63824,3,1
2053,37695,57434,57434,63824,3,1
2054,37759,57434,57434,63824,3,1
2055,37773,57434,57434,63824,3,1
2056,37841,55247,55247,57992,0,0
2057,37858,57434,57434,63824,3,1
2058,37871,57434,57434,63824,3,1
2059,37872,57499,57499,63997,5,1
2060,37897,55247,55247,57992,0,0
2061,37937,57499,57499,63997,5,1
2062,37976,57415,57415,63773,2,0
2063,37997,57415,57415,63773,2,0
2064,38016,57415,57415,63773,2,0
2065,38069,57415,57415,63773,2,0
2066,38089,57499,57499,63997,5,1
2067,38122,57499,57499,63997,5,1
2068,38175,57415,57415,63773,2,0
2069,38187,57499,57499,63997,5,1
2070,38219,57499,57499,63997,5,1
2071,38247,57499,57499,63997,5,1
2072,38248,57415,57415,63773,2,0
2073,38309,57499,57499,63997,5,1
2074,38339,57415,57415,63773,2,0
2075,38341,57499,57499,63997,5,1
2076,38350,57499,57499,63997,5,1
2077,38376,57415,57415,63773,2,0
2078,38383,57415,57415,63773,2,0
2079,38469,57415,57415,63773,2,0
2080,38473,57499,57499,63997,5,1
2081,38475,57415,57415,63773,2,0
2082,38496,57499,57499,63997,5,1
2083,38531,57415,57415,63773,2,0
2084,38543,57499,57499,63997,5,1
2085,38559,57415,57415,63773,2,0
2086,38561,57499,57499,63997,5,1
2087,38563,57415,57415,63773,2,0
2088,38566,57499,57499,63997,5,1
2089,38608,57499,57499,63997,5,1
2090,38648,57415,57415,63773,2,0
2091,38650,57415,57415,63773,2,0
2092,38683,57499,57499,63997,5,1
2093,38739,57415,57415,63773,2,0
2094,38750,57415,57415,63773,2,0
2095,38803,57499,57499,63997,5,1
2096,38810,57415,57415,63773,2,0
2097,38812,57499,57499,63997,5,1
2098,38818,57415,57415,63773,2,0
2099,38831,57499,57499,63997,5,1
2100,38848,57592,57592,64245,7,1
2101,38924,57592,57592,64245,7,1
2102,38999,57592,57592,64245,7,1
2103,39023,57497,57497,63992,4,0
2104,39025,57592,57592,64245,7,1
2105,39066,57592,57592,64245,7,1
2106,39077,57592,57592,64245,7,1
2107,39087,57592,57592,64245,7,1
2108,39186,57592,57592,64245,7,1
2109,39222,57497,57497,63992,4,0
2110,39252,57592,57592,64245,7,1
2111,39254,57497,57497,63992,4,0
2112,39271,57592,57592,64245,7,1
2113,39284,57592,57592,64245,7,1
2114,39286,57592,57592,64245,7,1
2115,39295,57592,57592,64245,7,1
2116,39306,57592,57592,64245,7,1
2117,39318,57592,57592,64245,7,1
2118,39365,57497,57497,63992,4,0
2119,39378,57592,57592,64245,7,1
2120,39407,57497,57497,63992,4,0
2121,39459,57592,57592,64245,7,1
2122,39466,57497,57497,63992,4,0
2123,39497,57592,57592,64245,7,1
2124,39500,57592,57592,64245,7,1
2125,39578,57497,57497,63992,4,0
2126,39598,57592,57592,64245,7,1
2127,39600,57734,57734,64400,9,1
2128,39632,57734,57734,64400,9,1
2129,39643,57497,57497,63992,4,0
2130,39690,57734,57734,64400,9,1
2131,39699,57734,57734,64400,9,1
2132,39707,57734,57734,64400,9,1
2133,39711,57734,57734,64400,9,1
2134,39751,57734,57734,64400,9,1
2135,39780,57734,57734,64400,9,1
2136,39842,57497,57497,63992,4,0
2137,39852,57497,57497,63992,4,0
2138,39873,57497,57497,63992,4,0
2139,39904,57734,57734,64400,9,1
2140,39945,57734,57734,64400,9,1
2141,39953,57497,57497,63992,4,0
2142,39996,57734,57734,64400,9,1
2143,40009,57497,57497,63992,4,0
2144,40081,57734,57734,64400,9,1
2145,40125,57497,57497,63992,4,0
2146,40127,57497,57497,63992,4,0
2147,40192,57734,57734,64400,9,1
2148,40202,57734,57734,64400,9,1
2149,40221,57734,57734,64400,9,1
2150,40239,57497,57497,63992,4,0
2151,40245,57497,57497,63992,4,0
2152,40246,57734,57734,64400,9,1
2153,40261,57734,57734,64400,9,1
2154,40305,57497,57497,63992,4,0
2155,40458,57734,57734,64400,9,1
2156,40483,57734,57734,64400,9,1
2157,40484,57497,57497,63992,4,0
2158,40523,57734,57734,64400,9,1
2159,40558,57497,57497,63992,4,0
2160,40568,57993,57993,64659,0,1
2161,40571,57570,57570,64186,6,0
2162,40592,57570,57570,64186,6,0
2163,40618,57993,57993,64659,0,1
2164,40659,57570,57570,64186,6,0
2165,40666,57570,57570,64186,6,0
2166,40675,57570,57570,64186,6,0
2167,40684,57993,57993,64659,0,1
2168,40741,57570,57570,64186,6,0
2169,40748,57993,57993,64659,0,1
2170,40777,57993,57993,64659,0,1
2171,40813,57570,57570,64186,6,0
2172,40819,57993,57993,64659,0,1
2173,40845,57570,57570,64186,6,0
2174,40857,57993,57993,64659,0,1
2175,40877,57993,57993,64659,0,1
2176,40899,57570,57570,64186,6,0
2177,40918,57993,57993,64659,0,1
2178,40938,57570,57570,64186,6,0
2179,40941,57570,57570,64186,6,0
2180,40945,57993,57993,64659,0,1
2181,40991,57570,57570,64186,6,0
2182,41018,57570,57570,64186,6,0
2183,41057,57570,57570,64186,6,0
2184,41074,57570,57570,64186,6,0
2185,41109,57993,57993,64659,0,1
2186,41122,57570,57570,64186,6,0
2187,41126,57570,57570,64186,6,0
2188,41130,57570,57570,64186,6,0
2189,41166,57570,57570,64186,6,0
2190,41196,57570,57570,64186,6,0
2191,41242,57993,57993,64659,0,1
2192,41243,57993,57993,64659,0,1
2193,41265,57715,57715,64381,8,0
2194,41298,57715,57715,64381,8,0
2195,41371,57993,57993,64659,0,1
2196,41387,57715,57715,64381,8,0
2197,41389,57993,57993,64659,0,1
2198,41455,57715,57715,64381,8,0
2199,41504,57715,57715,64381,8,0
2200,41507,57993,57993,64659,0,1
2201,41567,57993,57993,64659,0,1
2202,41579,57715,57715,64381,8,0
2203,41580,57715,57715,64381,8,0
2204,41618,57715,57715,64381,8,0
2205,41622,57993,57993,64659,0,1
2206,41654,57715,57715,64381,8,0
2207,41688,57715,57715,64381,8,0
2208,41690,57715,57715,64381,8,0
2209,41717,57715,57715,64381,8,0
2210,41725,57993,57993,64659,0,1
2211,41730,57993,57993,64659,0,1
2212,41762,57715,57715,64381,8,0
2213,41765,57715,57715,64381,8,0
2214,41771,63774,63774,70440,2,1
2215,41795,57715,57715,64381,8,0
2216,41868,57715,57715,64381,8,0
2217,41890,57715,57715,64381,8,0
2218,41895,57715,57715,64381,8,0
2219,41907,57715,57715,64381,8,0
2220,41999,57715,57715,64381,8,0
2221,42005,63774,63774,70440,2,1
2222,42022,63774,63774,70440,2,1
2223,42066,57958,57958,64624,1,0
2224,42079,57958,57958,64624,1,0
2225,42154,57958,57958,64624,1,0
2226,42212,63774,63774,70440,2,1
2227,42256,63774,63774,70440,2,1
2228,42295,63774,63774,70440,2,1
2229,42428,57958,57958,64624,1,0
2230,42437,63774,63774,70440,2,1
2231,42474,63774,63774,70440,2,1
2232,42485,63774,63774,70440,2,1
2233,42509,57958,57958,64624,1,0
2234,42566,63774,63774,70440,2,1
2235,42586,63774,63774,70440,2,1
2236,42587,63774,63774,70440,2,1
2237,42674,63774,63774,70440,2,1
2238,42721,57958,57958,64624,1,0
2239,42783,57958,57958,64624,1,0
2240,42804,63774,63774,70440,2,1
2241,42818,63774,63774,70440,2,1
2242,42864,63774,63774,70440,2,1
2243,42890,57958,57958,64624,1,0
2244,42915,63774,63774,70440,2,1
2245,42935,57958,57958,64624,1,0
2246,42950,57958,57958,64624,1,0
2247,42953,63774,63774,70440,2,1
2248,42961,63774,63774,70440,2,1
2249,42984,57958,57958,64624,1,0
2250,43051,63774,63774,70440,2,1
2251,43081,57958,57958,64624,1,0
2252,43086,57958,57958,64624,1,0
2253,43095,57958,57958,64624,1,0
2254,43103,63993,63993,70659,4,1
2255,43110,57958,57958,64624,1,0
2256,43160,63993,63993,70659,4,1
2257,43330,63993,63993,70659,4,1
2258,43349,63993,63993,70659,4,1
2259,43429,57958,57958,64624,1,0
2260,43454,63993,63993,70659,4,1
2261,43473,57958,57958,64624,1,0
2262,43569,63993,63993,70659,4,1
2263,43620,57958,57958,64624,1,0
2264,43630,63993,63993,70659,4,1
2265,43658,57958,57958,64624,1,0
2266,43696,57958,57958,64624,1,0
2267,43762,63993,63993,70659,4,1
2268,43916,63993,63993,70659,4,1
2269,43978,63993,63993,70659,4,1
2270,44245,63825,63825,70491,3,0
2271,44295,63993,63993,70659,4,1
2272,44321,63825,63825,70491,3,0
2273,44412,63993,63993,70659,4,1
2274,44569,63825,63825,70491,3,0
2275,44579,63993,63993,70659,4,1
2276,44593,63993,63993,70659,4,1
2277,44659,63825,63825,70491,3,0
2278,44700,63825,63825,70491,3,0
2279,44707,63993,63993,70659,4,1
2280,44709,63825,63825,70491,3,0
2281,44857,63993,63993,70659,4,1
2282,44883,63993,63993,70659,4,1
2283,44897,63825,63825,70491,3,0
2284,45120,63825,63825,70491,3,0
2285,45210,63993,63993,70659,4,1
2286,45221,63993,63993,70659,4,1
2287,45241,63825,63825,70491,3,0
2288,45460,63825,63825,70491,3,0
2289,45465,63825,63825,70491,3,0
2290,45556,63993,63993,70659,4,1
2291,45668,63825,63825,70491,3,0
2292,45747,64187,64187,70853,6,1
2293,45772,64187,64187,70853,6,1
2294,45794,64187,64187,70853,6,1
2295,45838,63825,63825,70491,3,0
2296,45848,63825,63825,70491,3,0
2297,45872,64187,64187,70853,6,1
2298,45991,63825,63825,70491,3,0
2299,46050,64187,64187,70853,6,1
2300,46053,64187,64187,70853,6,1
2301,46081,63825,63825,70491,3,0
2302,46115,63825,63825,70491,3,0
2303,46193,64187,64187,70853,6,1
2304,46223,64187,64187,70853,6,1
2305,46367,64187,64187,70853,6,1
2306,46483,63825,63825,70491,3,0
2307,46527,63825,63825,70491,3,0
2308,46540,64187,64187,70853,6,1
2309,46566,63825,63825,70491,3,0
2310,46573,64187,64187,70853,6,1
2311,46774,63998,63998,70664,5,0
2312,46863,64187,64187,70853,6,1
2313,46925,63998,63998,70664,5,0
2314,46967,64187,64187,70853,6,1
2315,47103,63998,63998,70664,5,0
2316,47107,64187,64187,70853,6,1
2317,47186,64187,64187,70853,6,1
2318,47243,64187,64187,70853,6,1
2319,47257,64187,64187,70853,6,1
2320,47302,63998,63998,70664,5,0
2321,47388,63998,63998,70664,5,0
2322,47408,64187,64187,70853,6,1
2323,47416,63998,63998,70664,5,0
2324,47426,63998,63998,70664,5,0
2325,47448,64187,64187,70853,6,1
2326,47464,63998,63998,70664,5,0
2327,47466,64187,64187,70853,6,1
2328,47590,63998,63998,70664,5,0
2329,47636,63998,63998,70664,5,0
2330,47713,63998,63998,70664,5,0
2331,47728,63998,63998,70664,5,0
2332,47744,64382,64382,71048,8,1
2333,47778,64382,64382,71048,8,1
2334,47917,64382,64382,71048,8,1
2335,47919,63998,63998,70664,5,0
2336,48038,64382,64382,71048,8,1
2337,48065,64382,64382,71048,8,1
2338,48140,64382,64382,71048,8,1
2339,48224,63998,63998,70664,5,0
2340,48244,64382,64382,71048,8,1
2341,48281,64382,64382,71048,8,1
2342,48298,63998,63998,70664,5,0
2343,48314,63998,63998,70664,5,0
2344,48519,63998,63998,70664,5,0
2345,48543,64382,64382,71048,8,1
2346,48577,63998,63998,70664,5,0
2347,48587,63998,63998,70664,5,0
2348,48635,64382,64382,71048,8,1
2349,48736,64382,64382,71048,8,1
2350,48747,63998,63998,70664,5,0
2351,49019,64382,64382,71048,8,1
2352,49033,64382,64382,71048,8,1
2353,49037,64382,64382,71048,8,1
2354,49147,64246,64246,70912,7,0
2355,49195,64382,64382,71048,8,1
2356,49203,64246,64246,70912,7,0
2357,49351,64382,64382,71048,8,1
2358,49386,64382,64382,71048,8,1
2359,49452,64382,64382,71048,8,1
2360,49558,64382,64382,71048,8,1
2361,49587,64246,64246,70912,7,0
2362,49590,64246,64246,70912,7,0
2363,49632,64382,64382,71048,8,1
2364,49673,64625,64625,71291,1,1
2365,49679,64246,64246,70912,7,0
2366,49835,64246,64246,70912,7,0
2367,49974,64246,64246,70912,7,0
2368,49978,64246,64246,70912,7,0
2369,50100,64246,64246,70912,7,0
2370,50101,64625,64625,71291,1,1
2371,50170,64625,64625,71291,1,1
2372,50273,64625,64625,71291,1,1
2373,50401,64246,64246,70912,7,0
2374,50421,64625,64625,71291,1,1
2375,50439,64246,64246,70912,7,0
2376,50520,64246,64246,70912,7,0
2377,50522,64625,64625,71291,1,1
2378,50530,64246,64246,70912,7,0
2379,50542,64625,64625,71291,1,1
2380,50609,64246,64246,70912,7,0
2381,50680,64246,64246,70912,7,0
2382,50759,64625,64625,71291,1,1
2383,50819,64246,64246,70912,7,0
2384,50828,64625,64625,71291,1,1
2385,50882,64625,64625,71291,1,1
2386,50910,64246,64246,70912,7,0
2387,50970,64625,64625,71291,1,1
2388,51089,64625,64625,71291,1,1
2389,51152,64625,64625,71291,1,1
2390,51153,64625,64625,71291,1,1
2391,51216,64246,64246,70912,7,0
2392,51372,64246,64246,70912,7,0
2393,51379,64246,64246,70912,7,0
2394,51380,64401,64401,71067,9,0
2395,51428,64401,64401,71067,9,0
2396,51514,64625,64625,71291,1,1
2397,51748,64401,64401,71067,9,0
2398,51974,64625,64625,71291,1,1
2399,52130,64625,64625,71291,1,1
2400,52267,64625,64625,71291,1,1
2401,52336,64625,64625,71291,1,1
2402,52370,64401,64401,71067,9,0
2403,52419,64625,64625,71291,1,1
2404,52465,64401,64401,71067,9,0
2405,52628,70492,70492,73719,3,1
2406,52823,64401,64401,71067,9,0
2407,52886,70492,70492,73719,3,1
2408,53090,70492,70492,73719,3,1
2409,53133,64401,64401,71067,9,0
2410,53182,64401,64401,71067,9,0
2411,53241,64401,64401,71067,9,0
2412,53343,70492,70492,73719,3,1
2413,53406,70492,70492,73719,3,1
2414,53485,70492,70492,73719,3,1
2415,53533,70492,70492,73719,3,1
2416,53585,70492,70492,73719,3,1
2417,53697,64401,64401,71067,9,0
2418,53701,64401,64401,71067,9,0
2419,53762,70492,70492,73719,3,1
2420,53763,64401,64401,71067,9,0
2421,54073,70492,70492,73719,3,1
2422,54102,64401,64401,71067,9,0
2423,54113,70492,70492,73719,3,1
2424,54139,70492,70492,73719,3,1
2425,54185,64401,64401,71067,9,0
2426,54213,64401,64401,71067,9,0
2427,54231,70492,70492,73719,3,1
2428,54273,70492,70492,73719,3,1
2429,54336,70492,70492,73719,3,1
2430,54348,70492,70492,73719,3,1
2431,54353,70492,70492,73719,3,1
2432,54537,64401,64401,71067,9,0
2433,54612,70492,70492,73719,3,1
2434,54688,64401,64401,71067,9,0
2435,54709,64401,64401,71067,9,0
2436,54837,70492,70492,73719,3,1
2437,54875,70492,70492,73719,3,1
2438,54885,70665,70665,73777,5,1
2439,54898,64401,64401,71067,9,0
2440,54902,64401,64401,71067,9,0
2441,55066,64660,64660,71326,0,0
2442,55089,64660,64660,71326,0,0
2443,55095,64660,64660,71326,0,0
2444,55312,64660,64660,71326,0,0
2445,55319,70665,70665,73777,5,1
2446,55337,70665,70665,73777,5,1
2447,55383,70665,70665,73777,5,1
2448,55442,64660,64660,71326,0,0
2449,55492,70665,70665,73777,5,1
2450,55520,70665,70665,73777,5,1
2451,55531,64660,64660,71326,0,0
2452,55535,70665,70665,73777,5,1
2453,55602,64660,64660,71326,0,0
2454,55604,64660,64660,71326,0,0
2455,55630,70665,70665,73777,5,1
2456,55654,70665,70665,73777,5,1
2457,55686,64660,64660,71326,0,0
2458,55732,64660,64660,71326,0,0
2459,55768,64660,64660,71326,0,0
2460,55779,64660,64660,71326,0,0
2461,55806,64660,64660,71326,0,0
2462,55948,70665,70665,73777,5,1
2463,55984,64660,64660,71326,0,0
2464,56056,70665,70665,73777,5,1
2465,56180,70665,70665,73777,5,1
2466,56237,70665,70665,73777,5,1
2467,56240,70665,70665,73777,5,1
2468,56322,70665,70665,73777,5,1
2469,56356,64660,64660,71326,0,0
2470,56426,64660,64660,71326,0,0
2471,56451,64660,64660,71326,0,0
2472,56484,70665,70665,73777,5,1
2473,56682,64660,64660,71326,0,0
2474,56690,64660,64660,71326,0,0
2475,56974,70665,70665,73777,5,1
2476,57133,70665,70665,73777,5,1
2477,57288,70665,70665,73777,5,1
2478,57460,64660,64660,71326,0,0
2479,57478,70665,70665,73777,5,1
2480,57604,70441,70441,73702,2,0
2481,57744,70913,70913,73859,7,1
2482,57760,70441,70441,73702,2,0
2483,57769,70913,70913,73859,7,1
2484,57840,70441,70441,73702,2,0
2485,57940,70441,70441,73702,2,0
2486,58074,70913,70913,73859,7,1
2487,58100,70913,70913,73859,7,1
2488,58106,70441,70441,73702,2,0
2489,58114,70441,70441,73702,2,0
2490,58128,70913,70913,73859,7,1
2491,58155,70441,70441,73702,2,0
2492,58558,70913,70913,73859,7,1
2493,58572,70913,70913,73859,7,1
2494,58704,70913,70913,73859,7,1
2495,58802,70441,70441,73702,2,0
2496,58864,70913,70913,73859,7,1
2497,58983,70913,70913,73859,7,1
2498,59002,70913,70913,73859,7,1
2499,59041,70913,70913,73859,7,1
2500,59043,70913,70913,73859,7,1
2501,59085,70913,70913,73859,7,1
2502,59113,70441,70441,73702,2,0
2503,59146,70441,70441,73702,2,0
2504,59155,70913,70913,73859,7,1
2505,59158,70913,70913,73859,7,1
2506,59255,70441,70441,73702,2,0
2507,59355,70913,70913,73859,7,1
2508,59359,70913,70913,73859,7,1
2509,59361,70913,70913,73859,7,1
2510,59392,70913,70913,73859,7,1
2511,59433,70441,70441,73702,2,0
2512,59603,70441,70441,73702,2,0
2513,59677,70441,70441,73702,2,0
2514,59836,70441,70441,73702,2,0
2515,59884,70441,70441,73702,2,0
2516,59894,71068,71068,73911,9,1
2517,59919,70441,70441,73702,2,0
2518,59927,70441,70441,73702,2,0
2519,60173,70441,70441,73702,2,0
2520,60294,71068,71068,73911,9,1
2521,60316,71068,71068,73911,9,1
2522,60384,71068,71068,73911,9,1
2523,60390,71068,71068,73911,9,1
2524,60419,71068,71068,73911,9,1
2525,60444,71068,71068,73911,9,1
2526,60485,70441,70441,73702,2,0
2527,60499,71068,71068,73911,9,1
2528,60568,70660,70660,73775,4,0
2529,60804,70660,70660,73775,4,0
2530,60815,71068,71068,73911,9,1
2531,60923,71068,71068,73911,9,1
2532,61036,70660,70660,73775,4,0
2533,61049,70660,70660,73775,4,0
2534,61090,70660,70660,73775,4,0
2535,61127,71068,71068,73911,9,1
2536,61187,71068,71068,73911,9,1
2537,61221,70660,70660,73775,4,0
2538,61228,71068,71068,73911,9,1
2539,61239,70660,70660,73775,4,0
2540,61254,70660,70660,73775,4,0
2541,61256,70660,70660,73775,4,0
2542,61259,70660,70660,73775,4,0
2543,61263,70660,70660,73775,4,0
2544,61269,71068,71068,73911,9,1
2545,61283,71068,71068,73911,9,1
2546,61291,70660,70660,73775,4,0
2547,61293,70660,70660,73775,4,0
2548,61295,70660,70660,73775,4,0
2549,61308,71068,71068,73911,9,1
2550,61312,70660,70660,73775,4,0
2551,61313,71068,71068,73911,9,1
2552,61328,70660,70660,73775,4,0
2553,61331,71068,71068,73911,9,1
2554,61337,71068,71068,73911,9,1
2555,61344,70660,70660,73775,4,0
2556,61346,71068,71068,73911,9,1
2557,61357,70660,70660,73775,4,0
2558,61368,71327,71327,73997,0,1
2559,61374,71327,71327,73997,0,1
2560,61376,71327,71327,73997,0,1
2561,61399,70660,70660,73775,4,0
2562,61399,71327,71327,73997,0,1
2563,61405,70660,70660,73775,4,0
2564,61410,71327,71327,73997,0,1
2565,61414,70854,70854,73840,6,0
2566,61426,71327,71327,73997,0,1
2567,61430,70854,70854,73840,6,0
2568,61434,70854,70854,73840,6,0
2569,61434,71327,71327,73997,0,1
2570,61436,71327,71327,73997,0,1
2571,61444,71327,71327,73997,0,1
2572,61447,71327,71327,73997,0,1
2573,61457,71327,71327,73997,0,1
2574,61464,71327,71327,73997,0,1
2575,61468,70854,70854,73840,6,0
2576,61470,70854,70854,73840,6,0
2577,61476,71327,71327,73997,0,1
2578,61485,70854,70854,73840,6,0
2579,61493,70854,70854,73840,6,0
2580,61505,70854,70854,73840,6,0
2581,61525,71327,71327,73997,0,1
2582,61531,71327,71327,73997,0,1
2583,61539,71327,71327,73997,0,1
2584,61546,70854,70854,73840,6,0
2585,61557,70854,70854,73840,6,0
2586,61561,70854,70854,73840,6,0
2587,61566,71327,71327,73997,0,1
2588,61577,70854,70854,73840,6,0
2589,61584,71327,71327,73997,0,1
2590,61588,70854,70854,73840,6,0
2591,61593,71327,71327,73997,0,1
2592,61597,70854,70854,73840,6,0
2593,61599,70854,70854,73840,6,0
2594,61603,71327,71327,73997,0,1
2595,61608,73703,73703,75925,2,1
2596,61618,73703,73703,75925,2,1
2597,61625,70854,70854,73840,6,0
2598,61631,73703,73703,75925,2,1
2599,61641,73703,73703,75925,2,1
2600,61656,70854,70854,73840,6,0
2601,61662,70854,70854,73840,6,0
2602,61671,70854,70854,73840,6,0
2603,61671,73703,73703,75925,2,1
2604,61675,70854,70854,73840,6,0
2605,61678,71049,71049,73905,8,0
2606,61681,71049,71049,73905,8,0
2607,61683,71049,71049,73905,8,0
2608,61685,71049,71049,73905,8,0
2609,61693,73703,73703,75925,2,1
2610,61697,73703,73703,75925,2,1
2611,61701,71049,71049,73905,8,0
2612,61714,71049,71049,73905,8,0
2613,61720,71049,71049,73905,8,0
2614,61721,71049,71049,73905,8,0
2615,61727,73703,73703,75925,2,1
2616,61734,73703,73703,75925,2,1
2617,61737,73703,73703,75925,2,1
2618,61751,73703,73703,75925,2,1
2619,61753,71049,71049,73905,8,0
2620,61756,71049,71049,73905,8,0
2621,61763,73703,73703,75925,2,1
2622,61765,71049,71049,73905,8,0
2623,61785,71049,71049,73905,8,0
2624,61786,71049,71049,73905,8,0
2625,61800,73703,73703,75925,2,1
2626,61814,73703,73703,75925,2,1
2627,61819,71049,71049,73905,8,0
2628,61819,73703,73703,75925,2,1
2629,61822,73703,73703,75925,2,1
2630,61825,71049,71049,73905,8,0
2631,61826,71049,71049,73905,8,0
2632,61831,73703,73703,75925,2,1
2633,61833,71049,71049,73905,8,0
2634,61839,71049,71049,73905,8,0
2635,61839,73703,73703,75925,2,1
2636,61855,71049,71049,73905,8,0
2637,61861,73703,73703,75925,2,1
2638,61875,71049,71049,73905,8,0
2639,61884,73703,73703,75925,2,1
2640,61888,71292,71292,73986,1,0
2641,61895,71292,71292,73986,1,0
2642,61897,71292,71292,73986,1,0
2643,61905,73776,73776,75998,4,1
2644,61920,71292,71292,73986,1,0
2645,61923,73776,73776,75998,4,1
2646,61928,71292,71292,73986,1,0
2647,61928,73776,73776,75998,4,1
2648,61933,73776,73776,75998,4,1
2649,61936,73776,73776,75998,4,1
2650,61949,71292,71292,73986,1,0
2651,61950,73776,73776,75998,4,1
2652,61955,71292,71292,73986,1,0
2653,61970,73776,73776,75998,4,1
2654,61972,73776,73776,75998,4,1
2655,61973,71292,71292,73986,1,0
2656,61982,71292,71292,73986,1,0
2657,61983,71292,71292,73986,1,0
2658,61987,73776,73776,75998,4,1
2659,61993,71292,71292,73986,1,0
2660,61994,71292,71292,73986,1,0
2661,62004,73776,73776,75998,4,1
2662,62049,71292,71292,73986,1,0
2663,62064,71292,71292,73986,1,0
2664,62066,71292,71292,73986,1,0
2665,62073,73776,73776,75998,4,1
2666,62077,73776,73776,75998,4,1
2667,62078,71292,71292,73986,1,0
2668,62085,73776,73776,75998,4,1
2669,62092,71292,71292,73986,1,0
2670,62093,71292,71292,73986,1,0
2671,62118,71292,71292,73986,1,0
2672,62123,71292,71292,73986,1,0
2673,62142,73720,73720,75942,3,0
2674,62151,73776,73776,75998,4,1
2675,62152,73776,73776,75998,4,1
2676,62156,73720,73720,75942,3,0
2677,62159,73720,73720,75942,3,0
2678,62164,73776,73776,75998,4,1
2679,62171,73776,73776,75998,4,1
2680,62175,73776,73776,75998,4,1
2681,62191,73720,73720,75942,3,0
2682,62199,73720,73720,75942,3,0
2683,62200,73776,73776,75998,4,1
2684,62220,73720,73720,75942,3,0
2685,62221,73776,73776,75998,4,1
2686,62231,73720,73720,75942,3,0
2687,62237,73841,73841,76063,6,1
2688,62252,73720,73720,75942,3,0
2689,62252,73841,73841,76063,6,1
2690,62256,73841,73841,76063,6,1
2691,62257,73841,73841,76063,6,1
2692,62279,73841,73841,76063,6,1
2693,62283,73841,73841,76063,6,1
2694,62296,73720,73720,75942,3,0
2695,62296,73841,73841,76063,6,1
2696,62308,73720,73720,75942,3,0
2697,62312,73841,73841,76063,6,1
2698,62314,73720,73720,75942,3,0
2699,62320,73841,73841,76063,6,1
2700,62330,73720,73720,75942,3,0
2701,62339,73841,73841,76063,6,1
2702,62340,73841,73841,76063,6,1
2703,62349,73841,73841,76063,6,1
2704,62353,73720,73720,75942,3,0
2705,62354,73720,73720,75942,3,0
2706,62355,73720,73720,75942,3,0
2707,62368,73841,73841,76063,6,1
2708,62377,73720,73720,75942,3,0
2709,62384,73841,73841,76063,6,1
2710,62386,73720,73720,75942,3,0
2711,62388,73841,73841,76063,6,1
2712,62392,73720,73720,75942,3,0
2713,62394,73720,73720,75942,3,0
2714,62398,73720,73720,75942,3,0
2715,62402,73778,73778,76000,5,0
2716,62406,73841,73841,76063,6,1
2717,62407,73841,73841,76063,6,1
2718,62413,73841,73841,76063,6,1
2719,62415,73841,73841,76063,6,1
2720,62424,73778,73778,76000,5,0
2721,62428,73778,73778,76000,5,0
2722,62434,73778,73778,76000,5,0
2723,62439,73778,73778,76000,5,0
2724,62440,73841,73841,76063,6,1
2725,62445,73778,73778,76000,5,0
2726,62452,73778,73778,76000,5,0
2727,62453,73778,73778,76000,5,0
2728,62455,73906,73906,76128,8,1
2729,62457,73778,73778,76000,5,0
2730,62461,73906,73906,76128,8,1
2731,62465,73906,73906,76128,8,1
2732,62467,73906,73906,76128,8,1
2733,62469,73778,73778,76000,5,0
2734,62474,73906,73906,76128,8,1
2735,62483,73906,73906,76128,8,1
2736,62485,73778,73778,76000,5,0
2737,62485,73906,73906,76128,8,1
2738,62486,73778,73778,76000,5,0
2739,62488,73778,73778,76000,5,0
2740,62503,73778,73778,76000,5,0
2741,62503,73906,73906,76128,8,1
2742,62507,73778,73778,76000,5,0
2743,62513,73778,73778,76000,5,0
2744,62527,73778,73778,76000,5,0
2745,62533,73778,73778,76000,5,0
2746,62534,73778,73778,76000,5,0
2747,62541,73778,73778,76000,5,0
2748,62548,73860,73860,76082,7,0
2749,62552,73906,73906,76128,8,1
2750,62555,73860,73860,76082,7,0
2751,62557,73906,73906,76128,8,1
2752,62562,73906,73906,76128,8,1
2753,62567,73906,73906,76128,8,1
2754,62571,73860,73860,76082,7,0
2755,62586,73860,73860,76082,7,0
2756,62593,73860,73860,76082,7,0
2757,62600,73860,73860,76082,7,0
2758,62611,73906,73906,76128,8,1
2759,62618,73906,73906,76128,8,1
2760,62621,73860,73860,76082,7,0
2761,62624,73860,73860,76082,7,0
2762,62630,73906,73906,76128,8,1
2763,62648,73860,73860,76082,7,0
2764,62653,73860,73860,76082,7,0
2765,62654,73860,73860,76082,7,0
2766,62659,73906,73906,76128,8,1
2767,62663,73860,73860,76082,7,0
2768,62669,73860,73860,76082,7,0
2769,62671,73860,73860,76082,7,0
2770,62672,73860,73860,76082,7,0
2771,62683,73906,73906,76128,8,1
2772,62689,73906,73906,76128,8,1
2773,62696,73906,73906,76128,8,1
2774,62698,73860,73860,76082,7,0
2775,62699,73860,73860,76082,7,0
2776,62700,73906,73906,76128,8,1
2777,62702,73987,73987,76209,1,1
2778,62709,73860,73860,76082,7,0
2779,62720,73987,73987,76209,1,1
2780,62721,73860,73860,76082,7,0
2781,62732,73860,73860,76082,7,0
2782,62744,73987,73987,76209,1,1
2783,62749,73987,73987,76209,1,1
2784,62757,73912,73912,76134,9,0
2785,62761,73912,73912,76134,9,0
2786,62772,73987,73987,76209,1,1
2787,62774,73987,73987,76209,1,1
2788,62782,73987,73987,76209,1,1
2789,62785,73987,73987,76209,1,1
2790,62793,73912,73912,76134,9,0
2791,62809,73987,73987,76209,1,1
2792,62810,73912,73912,76134,9,0
2793,62812,73987,73987,76209,1,1
2794,62823,73987,73987,76209,1,1
2795,62831,73912,73912,76134,9,0
2796,62836,73987,73987,76209,1,1
2797,62838,73912,73912,76134,9,0
2798,62844,73987,73987,76209,1,1
2799,62850,73912,73912,76134,9,0
2800,62852,73987,73987,76209,1,1
2801,62853,73987,73987,76209,1,1
2802,62855,73987,73987,76209,1,1
2803,62857,73987,73987,76209,1,1
2804,62860,73912,73912,76134,9,0
2805,62863,73987,73987,76209,1,1
2806,62865,73987,73987,76209,1,1
2807,62866,73987,73987,76209,1,1
2808,62869,73912,73912,76134,9,0
2809,62871,75943,75943,78165,3,1
2810,62874,73912,73912,76134,9,0
2811,62876,75943,75943,78165,3,1
2812,62882,73912,73912,76134,9,0
2813,62885,75943,75943,78165,3,1
2814,62893,73912,73912,76134,9,0
2815,62896,73912,73912,76134,9,0
2816,62906,75943,75943,78165,3,1
2817,62923,75943,75943,78165,3,1
2818,62927,73912,73912,76134,9,0
2819,62927,75943,75943,78165,3,1
2820,62928,73912,73912,76134,9,0
2821,62929,75943,75943,78165,3,1
2822,62931,75943,75943,78165,3,1
2823,62933,75943,75943,78165,3,1
2824,62936,73912,73912,76134,9,0
2825,62942,73912,73912,76134,9,0
2826,62944,73912,73912,76134,9,0
2827,62965,75943,75943,78165,3,1
2828,62970,75943,75943,78165,3,1
2829,62971,73912,73912,76134,9,0
2830,62976,75943,75943,78165,3,1
2831,62982,75943,75943,78165,3,1
2832,62987,73912,73912,76134,9,0
2833,62992,73998,73998,76220,0,0
2834,62996,75943,75943,78165,3,1
2835,63004,73998,73998,76220,0,0
2836,63020,73998,73998,76220,0,0
2837,63024,73998,73998,76220,0,0
2838,63028,75943,75943,78165,3,1
2839,63034,75943,75943,78165,3,1
2840,63038,73998,73998,76220,0,0
2841,63051,73998,73998,76220,0,0
2842,63054,75943,75943,78165,3,1
2843,63060,73998,73998,76220,0,0
2844,63062,75943,75943,78165,3,1
2845,63064,73998,73998,76220,0,0
2846,63066,75943,75943,78165,3,1
2847,63070,75943,75943,78165,3,1
2848,63082,73998,73998,76220,0,0
2849,63096,76001,76001,78223,5,1
2850,63102,73998,73998,76220,0,0
2851,63103,73998,73998,76220,0,0
2852,63105,76001,76001,78223,5,1
2853,63114,73998,73998,76220,0,0
2854,63116,76001,76001,78223,5,1
2855,63121,73998,73998,76220,0,0
2856,63126,76001,76001,78223,5,1
2857,63133,76001,76001,78223,5,1
2858,63152,73998,73998,76220,0,0
2859,63156,76001,76001,78223,5,1
2860,63161,73998,73998,76220,0,0
2861,63166,76001,76001,78223,5,1
2862,63167,73998,73998,76220,0,0
2863,63169,73998,73998,76220,0,0
2864,63169,76001,76001,78223,5,1
2865,63172,76001,76001,78223,5,1
2866,63177,76001,76001,78223,5,1
2867,63181,76001,76001,78223,5,1
2868,63183,73998,73998,76220,0,0
2869,63188,73998,73998,76220,0,0
2870,63188,76001,76001,78223,5,1
2871,63189,76001,76001,78223,5,1
2872,63198,76001,76001,78223,5,1
2873,63200,76001,76001,78223,5,1
2874,63211,73998,73998,76220,0,0
2875,63215,76001,76001,78223,5,1
2876,63217,76001,76001,78223,5,1
2877,63223,76001,76001,78223,5,1
2878,63228,76001,76001,78223,5,1
2879,63230,76001,76001,78223,5,1
2880,63248,75926,75926,78148,2,0
2881,63250,76083,76083,78305,7,1
2882,63252,76083,76083,78305,7,1
2883,63257,76083,76083,78305,7,1
2884,63259,75926,75926,78148,2,0
2885,63260,75926,75926,78148,2,0
2886,63266,75926,75926,78148,2,0
2887,63281,76083,76083,78305,7,1
2888,63283,75926,75926,78148,2,0
2889,63292,75926,75926,78148,2,0
2890,63302,76083,76083,78305,7,1
2891,63303,75926,75926,78148,2,0
2892,63311,76083,76083,78305,7,1
2893,63331,75926,75926,78148,2,0
2894,63334,75926,75926,78148,2,0
2895,63345,75926,75926,78148,2,0
2896,63359,75926,75926,78148,2,0
2897,63360,76083,76083,78305,7,1
2898,63370,76083,76083,78305,7,1
2899,63376,76083,76083,78305,7,1
2900,63381,76083,76083,78305,7,1
2901,63392,76083,76083,78305,7,1
2902,63393,76083,76083,78305,7,1
2903,63396,75926,75926,78148,2,0
2904,63405,76083,76083,78305,7,1
2905,63406,76083,76083,78305,7,1
2906,63417,76083,76083,78305,7,1
2907,63435,75926,75926,78148,2,0
2908,63453,76083,76083,78305,7,1
2909,63454,75926,75926,78148,2,0
2910,63472,76083,76083,78305,7,1
2911,63490,76083,76083,78305,7,1
2912,63495,75926,75926,78148,2,0
2913,63506,76083,76083,78305,7,1
2914,63518,75926,75926,78148,2,0
2915,63521,76083,76083,78305,7,1
2916,63535,76135,76135,78357,9,1
2917,63536,76135,76135,78357,9,1
2918,63547,76135,76135,78357,9,1
2919,63555,75926,75926,78148,2,0
2920,63558,75926,75926,78148,2,0
2921,63572,75926,75926,78148,2,0
2922,63577,75926,75926,78148,2,0
2923,63582,76135,76135,78357,9,1
2924,63586,75999,75999,78221,4,0
2925,63588,75999,75999,78221,4,0
2926,63589,75999,75999,78221,4,0
2927,63598,76135,76135,78357,9,1
2928,63605,76135,76135,78357,9,1
2929,63626,75999,75999,78221,4,0
2930,63630,76135,76135,78357,9,1
2931,63633,76135,76135,78357,9,1
2932,63648,75999,75999,78221,4,0
2933,63650,75999,75999,78221,4,0
2934,63654,76135,76135,78357,9,1
2935,63657,76135,76135,78357,9,1
2936,63663,76135,76135,78357,9,1
2937,63681,76135,76135,78357,9,1
2938,63686,75999,75999,78221,4,0
2939,63693,75999,75999,78221,4,0
2940,63695,76135,76135,78357,9,1
2941,63696,76135,76135,78357,9,1
2942,63703,76135,76135,78357,9,1
2943,63704,75999,75999,78221,4,0
2944,63715,75999,75999,78221,4,0
2945,63716,76135,76135,78357,9,1
2946,63717,76135,76135,78357,9,1
2947,63721,76135,76135,78357,9,1
2948,63723,76135,76135,78357,9,1
2949,63736,76135,76135,78357,9,1
2950,63753,76221,76221,78443,0,1
2951,63759,75999,75999,78221,4,0
2952,63761,76221,76221,78443,0,1
2953,63770,75999,75999,78221,4,0
2954,63771,76221,76221,78443,0,1
2955,63794,75999,75999,78221,4,0
2956,63803,76221,76221,78443,0,1
2957,63804,75999,75999,78221,4,0
2958,63809,75999,75999,78221,4,0
2959,63811,75999,75999,78221,4,0
2960,63813,75999,75999,78221,4,0
2961,63818,76221,76221,78443,0,1
2962,63822,76221,76221,78443,0,1
2963,63827,76221,76221,78443,0,1
2964,63830,75999,75999,78221,4,0
2965,63833,75999,75999,78221,4,0
2966,63836,76221,76221,78443,0,1
2967,63842,76221,76221,78443,0,1
2968,63856,75999,75999,78221,4,0
2969,63863,76221,76221,78443,0,1
2970,63867,76221,76221,78443,0,1
2971,63878,76221,76221,78443,0,1
2972,63880,76064,76064,78286,6,0
2973,63899,76064,76064,78286,6,0
2974,63900,76221,76221,78443,0,1
2975,63901,76064,76064,78286,6,0
2976,63909,76064,76064,78286,6,0
2977,63917,76064,76064,78286,6,0
2978,63917,76221,76221,78443,0,1
2979,63921,76221,76221,78443,0,1
2980,63923,76221,76221,78443,0,1
2981,63924,76221,76221,78443,0,1
2982,63927,76221,76221,78443,0,1
2983,63944,76221,76221,78443,0,1
2984,63946,76064,76064,78286,6,0
2985,63949,76221,76221,78443,0,1
2986,63958,76064,76064,78286,6,0
2987,63962,76064,76064,78286,6,0
2988,63971,76064,76064,78286,6,0
2989,63974,78149,78149,80371,2,1
2990,63981,78149,78149,80371,2,1
2991,63985,78149,78149,80371,2,1
2992,63990,78149,78149,80371,2,1
2993,63992,76064,76064,78286,6,0
2994,63992,78149,78149,80371,2,1
2995,63994,78149,78149,80371,2,1
2996,63995,78149,78149,80371,2,1
2997,64000,76064,76064,78286,6,0
2998,64006,76064,76064,78286,6,0
2999,64007,78149,78149,80371,2,1
3000,64008,76064,76064,78286,6,0
3001,64015,76064,76064,78286,6,0
3002,64027,78149,78149,80371,2,1
3003,64030,76064,76064,78286,6,0
3004,64058,78149,78149,80371,2,1
3005,64060,78149,78149,80371,2,1
3006,64061,78149,78149,80371,2,1
3007,64077,78149,78149,80371,2,1
3008,64078,76064,76064,78286,6,0
3009,64080,78149,78149,80371,2,1
3010,64081,76064,76064,78286,6,0
3011,64096,76064,76064,78286,6,0
3012,64098,76064,76064,78286,6,0
3013,64103,76064,76064,78286,6,0
3014,64104,76129,76129,78351,8,0
3015,64113,78149,78149,80371,2,1
3016,64118,78149,78149,80371,2,1
3017,64122,76129,76129,78351,8,0
3018,64122,78149,78149,80371,2,1
3019,64126,76129,76129,78351,8,0
3020,64130,76129,76129,78351,8,0
3021,64131,78149,78149,80371,2,1
3022,64135,76129,76129,78351,8,0
3023,64151,78149,78149,80371,2,1
3024,64156,76129,76129,78351,8,0
3025,64163,78149,78149,80371,2,1
3026,64165,78222,78222,80444,4,1
3027,64168,76129,76129,78351,8,0
3028,64171,76129,76129,78351,8,0
3029,64183,78222,78222,80444,4,1
3030,64188,78222,78222,80444,4,1
3031,64195,78222,78222,80444,4,1
3032,64199,76129,76129,78351,8,0
3033,64209,76129,76129,78351,8,0
3034,64222,78222,78222,80444,4,1
3035,64223,78222,78222,80444,4,1
3036,64230,76129,76129,78351,8,0
3037,64230,78222,78222,80444,4,1
3038,64241,76129,76129,78351,8,0
3039,64245,78222,78222,80444,4,1
3040,64251,76129,76129,78351,8,0
3041,64256,78222,78222,80444,4,1
3042,64259,76129,76129,78351,8,0
3043,64266,76129,76129,78351,8,0
3044,64276,76129,76129,78351,8,0
3045,64278,76129,76129,78351,8,0
3046,64279,78222,78222,80444,4,1
3047,64281,76129,76129,78351,8,0
3048,64290,76129,76129,78351,8,0
3049,64328,78222,78222,80444,4,1
3050,64331,76129,76129,78351,8,0
3051,64344,78222,78222,80444,4,1
3052,64345,78222,78222,80444,4,1
3053,64347,76210,76210,78432,1,0
3054,64350,76210,76210,78432,1,0
3055,64368,76210,76210,78432,1,0
3056,64370,76210,76210,78432,1,0
3057,64379,78222,78222,80444,4,1
3058,64407,76210,76210,78432,1,0
3059,64409,78222,78222,80444,4,1
3060,64413,76210,76210,78432,1,0
3061,64418,78222,78222,80444,4,1
3062,64420,78222,78222,80444,4,1
3063,64437,76210,76210,78432,1,0
3064,64447,78222,78222,80444,4,1
3065,64451,78222,78222,80444,4,1
3066,64460,78222,78222,80444,4,1
3067,64464,76210,76210,78432,1,0
3068,64467,76210,76210,78432,1,0
3069,64471,78287,78287,80509,6,1
3070,64472,78287,78287,80509,6,1
3071,64474,76210,76210,78432,1,0
3072,64483,76210,76210,78432,1,0
3073,64483,78287,78287,80509,6,1
3074,64484,76210,76210,78432,1,0
3075,64493,78287,78287,80509,6,1
3076,64497,76210,76210,78432,1,0
3077,64501,76210,76210,78432,1,0
3078,64501,78287,78287,80509,6,1
3079,64503,76210,76210,78432,1,0
3080,64504,78287,78287,80509,6,1
3081,64512,76210,76210,78432,1,0
3082,64527,78287,78287,80509,6,1
3083,64535,76210,76210,78432,1,0
3084,64538,76210,76210,78432,1,0
3085,64540,78287,78287,80509,6,1
3086,64543,78287,78287,80509,6,1
3087,64550,78287,78287,80509,6,1
3088,64559,78287,78287,80509,6,1
3089,64561,76210,76210,78432,1,0
3090,64562,76210,76210,78432,1,0
3091,64564,78166,78166,80388,3,0
3092,64576,78287,78287,80509,6,1
3093,64577,78287,78287,80509,6,1
3094,64581,78166,78166,80388,3,0
3095,64583,78166,78166,80388,3,0
3096,64584,78287,78287,80509,6,1
3097,64601,78287,78287,80509,6,1
3098,64605,78287,78287,80509,6,1
3099,64607,78166,78166,80388,3,0
3100,64609,78287,78287,80509,6,1
3101,64613,78287,78287,80509,6,1
3102,64616,78287,78287,80509,6,1
3103,64620,78287,78287,80509,6,1
3104,64624,78166,78166,80388,3,0
3105,64629,78166,78166,80388,3,0
3106,64633,78166,78166,80388,3,0
3107,64643,78166,78166,80388,3,0
3108,64649,78352,78352,80574,8,1
3109,64651,78352,78352,80574,8,1
3110,64652,78166,78166,80388,3,0
3111,64659,78352,78352,80574,8,1
3112,64664,78166,78166,80388,3,0
3113,64664,78352,78352,80574,8,1
3114,64671,78166,78166,80388,3,0
3115,64674,78166,78166,80388,3,0
3116,64679,78166,78166,80388,3,0
3117,64689,78352,78352,80574,8,1
3118,64693,78352,78352,80574,8,1
3119,64696,78166,78166,80388,3,0
3120,64701,78166,78166,80388,3,0
3121,64703,78166,78166,80388,3,0
3122,64709,78352,78352,80574,8,1
3123,64713,78352,78352,80574,8,1
3124,64718,78166,78166,80388,3,0
3125,64720,78166,78166,80388,3,0
3126,64726,78166,78166,80388,3,0
3127,64736,78166,78166,80388,3,0
3128,64759,78352,78352,80574,8,1
3129,64767,78224,78224,80446,5,0
3130,64774,78224,78224,80446,5,0
3131,64777,78224,78224,80446,5,0
3132,64778,78352,78352,80574,8,1
3133,64789,78352,78352,80574,8,1
3134,64791,78352,78352,80574,8,1
3135,64795,78352,78352,80574,8,1
3136,64803,78224,78224,80446,5,0
3137,64811,78224,78224,80446,5,0
3138,64825,78224,78224,80446,5,0
3139,64826,78352,78352,80574,8,1
3140,64827,78224,78224,80446,5,0
3141,64828,78224,78224,80446,5,0
3142,64828,78352,78352,80574,8,1
3143,64831,78352,78352,80574,8,1
3144,64842,78352,78352,80574,8,1
3145,64844,78352,78352,80574,8,1
3146,64856,78352,78352,80574,8,1
3147,64867,78352,78352,80574,8,1
3148,64878,78224,78224,80446,5,0
3149,64892,78433,78433,80655,1,1
3150,64897,78224,78224,80446,5,0
3151,64897,78433,78433,80655,1,1
3152,64903,78224,78224,80446,5,0
3153,64903,78433,78433,80655,1,1
3154,64910,78224,78224,80446,5,0
3155,64915,78224,78224,80446,5,0
3156,64934,78433,78433,80655,1,1
3157,64935,78224,78224,80446,5,0
3158,64940,78224,78224,80446,5,0
3159,64942,78433,78433,80655,1,1
3160,64958,78224,78224,80446,5,0
3161,64964,78433,78433,80655,1,1
3162,64969,78433,78433,80655,1,1
3163,64972,78433,78433,80655,1,1
3164,64979,78224,78224,80446,5,0
3165,65002,78224,78224,80446,5,0
3166,65007,78224,78224,80446,5,0
3167,65009,78433,78433,80655,1,1
3168,65011,78224,78224,80446,5,0
3169,65013,78433,78433,80655,1,1
3170,65034,78433,78433,80655,1,1
3171,65038,78433,78433,80655,1,1
3172,65047,78306,78306,80528,7,0
3173,65063,78306,78306,80528,7,0
3174,65067,78306,78306,80528,7,0
3175,65070,78306,78306,80528,7,0
3176,65078,78306,78306,80528,7,0
3177,65079,78433,78433,80655,1,1
3178,65087,78306,78306,80528,7,0
3179,65089,78306,78306,80528,7,0
3180,65091,78433,78433,80655,1,1
3181,65100,78306,78306,80528,7,0
3182,65130,78306,78306,80528,7,0
3183,65144,78306,78306,80528,7,0
3184,65146,78433,78433,80655,1,1
3185,65160,78306,78306,80528,7,0
3186,65160,78433,78433,80655,1,1
3187,65161,78306,78306,80528,7,0
3188,65163,78433,78433,80655,1,1
3189,65167,78306,78306,80528,7,0
3190,65177,78433,78433,80655,1,1
3191,65179,78306,78306,80528,7,0
3192,65190,78433,78433,80655,1,1
3193,65192,78306,78306,80528,7,0
3194,65198,78306,78306,80528,7,0
3195,65200,78433,78433,80655,1,1
3196,65201,80389,80389,82611,3,1
3197,65205,80389,80389,82611,3,1
3198,65217,78306,78306,80528,7,0
3199,65220,78306,78306,80528,7,0
3200,65221,78306,78306,80528,7,0
3201,65230,80389,80389,82611,3,1
3202,65232,78306,78306,80528,7,0
3203,65237,78358,78358,80580,9,0
3204,65239,78358,78358,80580,9,0
3205,65241,80389,80389,82611,3,1
3206,65246,80389,80389,82611,3,1
3207,65247,80389,80389,82611,3,1
3208,65248,78358,78358,80580,9,0
3209,65255,78358,78358,80580,9,0
3210,65256,78358,78358,80580,9,0
3211,65264,78358,78358,80580,9,0
3212,65272,80389,80389,82611,3,1
3213,65283,78358,78358,80580,9,0
3214,65290,78358,78358,80580,9,0
3215,65293,78358,78358,80580,9,0
3216,65296,78358,78358,80580,9,0
3217,65306,80389,80389,82611,3,1
3218,65315,78358,78358,80580,9,0
3219,65328,80389,80389,82611,3,1
3220,65335,80389,80389,82611,3,1
3221,65342,80389,80389,82611,3,1
3222,65348,80389,80389,82611,3,1
3223,65364,78358,78358,80580,9,0
3224,65372,78358,78358,80580,9,0
3225,65373,78358,78358,80580,9,0
3226,65380,80389,80389,82611,3,1
3227,65381,78358,78358,80580,9,0
3228,65388,78358,78358,80580,9,0
3229,65389,78358,78358,80580,9,0
3230,65392,78358,78358,80580,9,0
3231,65395,80389,80389,82611,3,1
3232,65411,80389,80389,82611,3,1
3233,65419,78358,78358,80580,9,0
3234,65423,80389,80389,82611,3,1
3235,65435,78358,78358,80580,9,0
3236,65441,78444,78444,80666,0,0
3237,65444,78444,78444,80666,0,0
3238,65444,80389,80389,82611,3,1
3239,65448,78444,78444,80666,0,0
3240,65476,80389,80389,82611,3,1
3241,65479,78444,78444,80666,0,0
3242,65479,80389,80389,82611,3,1
3243,65485,80389,80389,82611,3,1
3244,65490,78444,78444,80666,0,0
3245,65497,78444,78444,80666,0,0
3246,65513,80447,80447,82669,5,1
3247,65514,78444,78444,80666,0,0
3248,65520,78444,78444,80666,0,0
3249,65525,78444,78444,80666,0,0
3250,65528,78444,78444,80666,0,0
3251,65529,80447,80447,82669,5,1
3252,65533,78444,78444,80666,0,0
3253,65534,80447,80447,82669,5,1
3254,65536,80447,80447,82669,5,1
3255,65550,80447,80447,82669,5,1
3256,65569,78444,78444,80666,0,0
3257,65575,80447,80447,82669,5,1
3258,65597,80447,80447,82669,5,1
3259,65610,78444,78444,80666,0,0
3260,65613,80447,80447,82669,5,1
3261,65625,78444,78444,80666,0,0
3262,65630,78444,78444,80666,0,0
3263,65656,80447,80447,82669,5,1
3264,65658,78444,78444,80666,0,0
3265,65663,78444,78444,80666,0,0
3266,65668,80447,80447,82669,5,1
3267,65676,78444,78444,80666,0,0
3268,65677,78444,78444,80666,0,0
3269,65679,78444,78444,80666,0,0
3270,65680,80372,80372,82594,2,0
3271,65690,80447,80447,82669,5,1
3272,65695,80372,80372,82594,2,0
3273,65696,80447,80447,82669,5,1
3274,65698,80372,80372,82594,2,0
3275,65709,80447,80447,82669,5,1
3276,65712,80372,80372,82594,2,0
3277,65712,80447,80447,82669,5,1
3278,65716,80372,80372,82594,2,0
3279,65739,80447,80447,82669,5,1
3280,65753,80447,80447,82669,5,1
3281,65766,80372,80372,82594,2,0
3282,65768,80447,80447,82669,5,1
3283,65771,80447,80447,82669,5,1
3284,65774,80372,80372,82594,2,0
3285,65785,80372,80372,82594,2,0
3286,65786,80372,80372,82594,2,0
3287,65799,80372,80372,82594,2,0
3288,65803,80372,80372,82594,2,0
3289,65809,80372,80372,82594,2,0
3290,65809,80447,80447,82669,5,1
3291,65816,80372,80372,82594,2,0
3292,65832,80372,80372,82594,2,0
3293,65847,80447,80447,82669,5,1
3294,65852,80529,80529,82751,7,1
3295,65862,80529,80529,82751,7,1
3296,65873,80372,80372,82594,2,0
3297,65877,80529,80529,82751,7,1
3298,65890,80529,80529,82751,7,1
3299,65891,80372,80372,82594,2,0
3300,65903,80372,80372,82594,2,0
3301,65922,80372,80372,82594,2,0
3302,65942,80529,80529,82751,7,1
3303,65945,80529,80529,82751,7,1
3304,65946,80372,80372,82594,2,0
3305,65953,80372,80372,82594,2,0
3306,65954,80445,80445,82667,4,0
3307,65960,80529,80529,82751,7,1
3308,65970,80529,80529,82751,7,1
3309,65973,80529,80529,82751,7,1
3310,65990,80445,80445,82667,4,0
3311,65998,80529,80529,82751,7,1
3312,66000,80529,80529,82751,7,1
3313,66008,80529,80529,82751,7,1
3314,66010,80445,80445,82667,4,0
3315,66013,80445,80445,82667,4,0
3316,66027,80529,80529,82751,7,1
3317,66028,80445,80445,82667,4,0
3318,66048,80445,80445,82667,4,0
3319,66055,80529,80529,82751,7,1
3320,66063,80529,80529,82751,7,1
3321,66066,80529,80529,82751,7,1
3322,66072,80445,80445,82667,4,0
3323,66088,80445,80445,82667,4,0
3324,66097,80445,80445,82667,4,0
3325,66105,80445,80445,82667,4,0
3326,66111,80529,80529,82751,7,1
3327,66118,80529,80529,82751,7,1
3328,66124,80445,80445,82667,4,0
3329,66126,80529,80529,82751,7,1
3330,66130,80445,80445,82667,4,0
3331,66140,80445,80445,82667,4,0
3332,66143,80529,80529,82751,7,1
3333,66150,80581,80581,82803,9,1
3334,66157,80445,80445,82667,4,0
3335,66157,80581,80581,82803,9,1
3336,66168,80581,80581,82803,9,1
3337,66172,80445,80445,82667,4,0
3338,66181,80445,80445,82667,4,0
3339,66185,80581,80581,82803,9,1
3340,66187,80581,80581,82803,9,1
3341,66192,80445,80445,82667,4,0
3342,66203,80581,80581,82803,9,1
3343,66205,80581,80581,82803,9,1
3344,66207,80445,80445,82667,4,0
3345,66210,80581,80581,82803,9,1
3346,66214,80445,80445,82667,4,0
3347,66223,80581,80581,82803,9,1
3348,66236,80581,80581,82803,9,1
3349,66242,80581,80581,82803,9,1
3350,66243,80581,80581,82803,9,1
3351,66246,80581,80581,82803,9,1
3352,66247,80581,80581,82803,9,1
3353,66248,80445,80445,82667,4,0
3354,66253,80510,80510,82732,6,0
3355,66259,80581,80581,82803,9,1
3356,66262,80581,80581,82803,9,1
3357,66267,80581,80581,82803,9,1
3358,66268,80581,80581,82803,9,1
3359,66282,80581,80581,82803,9,1
3360,66295,80581,80581,82803,9,1
3361,66303,80510,80510,82732,6,0
3362,66311,80510,80510,82732,6,0
3363,66312,80667,80667,82889,0,1
3364,66314,80667,80667,82889,0,1
3365,66315,80510,80510,82732,6,0
3366,66317,80667,80667,82889,0,1
3367,66319,80667,80667,82889,0,1
3368,66322,80667,80667,82889,0,1
3369,66328,80667,80667,82889,0,1
3370,66330,80510,80510,82732,6,0
3371,66330,80667,80667,82889,0,1
3372,66331,80510,80510,82732,6,0
3373,66334,80510,80510,82732,6,0
3374,66340,80667,80667,82889,0,1
3375,66355,80667,80667,82889,0,1
3376,66356,80510,80510,82732,6,0
3377,66360,80510,80510,82732,6,0
3378,66363,80667,80667,82889,0,1
3379,66365,80510,80510,82732,6,0
3380,66365,80667,80667,82889,0,1
3381,66369,80667,80667,82889,0,1
3382,66381,80510,80510,82732,6,0
3383,66382,80667,80667,82889,0,1
3384,66393,80667,80667,82889,0,1
3385,66401,80667,80667,82889,0,1
3386,66402,80510,80510,82732,6,0
3387,66403,80510,80510,82732,6,0
3388,66407,80667,80667,82889,0,1
3389,66416,80510,80510,82732,6,0
3390,66418,80510,80510,82732,6,0
3391,66422,80510,80510,82732,6,0
3392,66427,80510,80510,82732,6,0
3393,66451,80667,80667,82889,0,1
3394,66457,80667,80667,82889,0,1
3395,66461,80667,80667,82889,0,1
3396,66463,80510,80510,82732,6,0
3397,66465,80510,80510,82732,6,0
3398,66504,80510,80510,82732,6,0
3399,66507,80575,80575,82797,8,0
3400,66511,80667,80667,82889,0,1
3401,66512,82595,82595,84817,2,1
3402,66516,80575,80575,82797,8,0
3403,66517,80575,80575,82797,8,0
3404,66521,80575,80575,82797,8,0
3405,66523,80575,80575,82797,8,0
3406,66532,82595,82595,84817,2,1
3407,66534,80575,80575,82797,8,0
3408,66537,82595,82595,84817,2,1
3409,66554,82595,82595,84817,2,1
3410,66568,80575,80575,82797,8,0
3411,66572,80575,80575,82797,8,0
3412,66572,82595,82595,84817,2,1
3413,66578,80575,80575,82797,8,0
3414,66593,82595,82595,84817,2,1
3415,66599,82595,82595,84817,2,1
3416,66600,80575,80575,82797,8,0
3417,66604,80575,80575,82797,8,0
3418,66609,82595,82595,84817,2,1
3419,66610,80575,80575,82797,8,0
3420,66617,82595,82595,84817,2,1
3421,66624,80575,80575,82797,8,0
3422,66630,80575,80575,82797,8,0
3423,66640,80575,80575,82797,8,0
3424,66640,82595,82595,84817,2,1
3425,66656,82595,82595,84817,2,1
3426,66658,82595,82595,84817,2,1
3427,66665,80575,80575,82797,8,0
3428,66670,80575,80575,82797,8,0
3429,66675,82595,82595,84817,2,1
3430,66688,82595,82595,84817,2,1
3431,66695,82595,82595,84817,2,1
3432,66697,80575,80575,82797,8,0
3433,66708,80575,80575,82797,8,0
3434,66709,82595,82595,84817,2,1
3435,66718,82595,82595,84817,2,1
3436,66722,82595,82595,84817,2,1
3437,66727,80575,80575,82797,8,0
3438,66728,82595,82595,84817,2,1
3439,66739,80656,80656,82878,1,0
3440,66744,82595,82595,84817,2,1
3441,66750,82668,82668,84890,4,1
3442,66758,80656,80656,82878,1,0
3443,66759,80656,80656,82878,1,0
3444,66762,80656,80656,82878,1,0
3445,66764,80656,80656,82878,1,0
3446,66767,82668,82668,84890,4,1
3447,66768,82668,82668,84890,4,1
3448,66784,80656,80656,82878,1,0
3449,66788,80656,80656,82878,1,0
3450,66802,80656,80656,82878,1,0
3451,66803,82668,82668,84890,4,1
3452,66807,80656,80656,82878,1,0
3453,66812,82668,82668,84890,4,1
3454,66813,82668,82668,84890,4,1
3455,66814,82668,82668,84890,4,1
3456,66819,82668,82668,84890,4,1
3457,66824,80656,80656,82878,1,0
3458,66827,82668,82668,84890,4,1
3459,66844,80656,80656,82878,1,0
3460,66847,82668,82668,84890,4,1
3461,66851,80656,80656,82878,1,0
3462,66864,82668,82668,84890,4,1
3463,66867,82668,82668,84890,4,1
3464,66897,80656,80656,82878,1,0
3465,66899,80656,80656,82878,1,0
3466,66910,80656,80656,82878,1,0
3467,66916,80656,80656,82878,1,0
3468,66917,80656,80656,82878,1,0
3469,66923,80656,80656,82878,1,0
3470,66931,82668,82668,84890,4,1
3471,66933,80656,80656,82878,1,0
3472,66936,82668,82668,84890,4,1
3473,66942,82668,82668,84890,4,1
3474,66945,82668,82668,84890,4,1
3475,66950,82668,82668,84890,4,1
3476,66954,82668,82668,84890,4,1
3477,66963,80656,80656,82878,1,0
3478,66967,82612,82612,84834,3,0
3479,66976,82668,82668,84890,4,1
3480,66985,82668,82668,84890,4,1
3481,66995,82612,82612,84834,3,0
3482,67001,82733,82733,84955,6,1
3483,67002,82733,82733,84955,6,1
3484,67006,82733,82733,84955,6,1
3485,67007,82612,82612,84834,3,0
3486,67008,82612,82612,84834,3,0
3487,67025,82733,82733,84955,6,1
3488,67028,82733,82733,84955,6,1
3489,67034,82733,82733,84955,6,1
3490,67038,82733,82733,84955,6,1
3491,67042,82733,82733,84955,6,1
3492,67043,82612,82612,84834,3,0
3493,67054,82612,82612,84834,3,0
3494,67058,82612,82612,84834,3,0
3495,67076,82612,82612,84834,3,0
3496,67079,82733,82733,84955,6,1
3497,67080,82612,82612,84834,3,0
3498,67094,82612,82612,84834,3,0
3499,67097,82612,82612,84834,3,0
3500,67109,82612,82612,84834,3,0
3501,67109,82733,82733,84955,6,1
3502,67114,82733,82733,84955,6,1
3503,67116,82733,82733,84955,6,1
3504,67122,82612,82612,84834,3,0
3505,67123,82612,82612,84834,3,0
3506,67124,82733,82733,84955,6,1
3507,67125,82612,82612,84834,3,0
3508,67126,82733,82733,84955,6,1
3509,67134,82612,82612,84834,3,0
3510,67137,82612,82612,84834,3,0
3511,67146,82612,82612,84834,3,0
3512,67151,82733,82733,84955,6,1
3513,67159,82612,82612,84834,3,0
3514,67168,82612,82612,84834,3,0
3515,67172,82670,82670,84892,5,0
3516,67174,82733,82733,84955,6,1
3517,67189,82733,82733,84955,6,1
3518,67192,82733,82733,84955,6,1
3519,67200,82733,82733,84955,6,1
3520,67207,82670,82670,84892,5,0
3521,67216,82733,82733,84955,6,1
3522,67222,82670,82670,84892,5,0
3523,67229,82798,82798,85020,8,1
3524,67231,82798,82798,85020,8,1
3525,67232,82670,82670,84892,5,0
3526,67232,82798,82798,85020,8,1
3527,67240,82798,82798,85020,8,1
3528,67243,82670,82670,84892,5,0
3529,67247,82670,82670,84892,5,0
3530,67249,82798,82798,85020,8,1
3531,67255,82670,82670,84892,5,0
3532,67276,82670,82670,84892,5,0
3533,67283,82798,82798,85020,8,1
3534,67284,82798,82798,85020,8,1
3535,67285,82670,82670,84892,5,0
3536,67292,82798,82798,85020,8,1
3537,67293,82798,82798,85020,8,1
3538,67297,82670,82670,84892,5,0
3539,67307,82798,82798,85020,8,1
3540,67323,82798,82798,85020,8,1
3541,67325,82670,82670,84892,5,0
3542,67329,82798,82798,85020,8,1
3543,67331,82798,82798,85020,8,1
3544,67332,82798,82798,85020,8,1
3545,67334,82798,82798,85020,8,1
3546,67340,82798,82798,85020,8,1
3547,67345,82670,82670,84892,5,0
3548,67348,82670,82670,84892,5,0
3549,67354,82670,82670,84892,5,0
3550,67359,82670,82670,84892,5,0
3551,67361,82670,82670,84892,5,0
3552,67368,82670,82670,84892,5,0
3553,67376,82670,82670,84892,5,0
3554,67378,82670,82670,84892,5,0
3555,67385,82798,82798,85020,8,1
3556,67388,82670,82670,84892,5,0
3557,67402,82798,82798,85020,8,1
3558,67408,82752,82752,84974,7,0
3559,67409,82752,82752,84974,7,0
3560,67414,82752,82752,84974,7,0
3561,67427,82752,82752,84974,7,0
3562,67432,82752,82752,84974,7,0
3563,67432,82798,82798,85020,8,1
3564,67433,82798,82798,85020,8,1
3565,67444,82879,82879,85101,1,1
3566,67448,82879,82879,85101,1,1
3567,67454,82879,82879,85101,1,1
3568,67455,82752,82752,84974,7,0
3569,67456,82879,82879,85101,1,1
3570,67461,82879,82879,85101,1,1
3571,67463,82752,82752,84974,7,0
3572,67474,82879,82879,85101,1,1
3573,67475,82752,82752,84974,7,0
3574,67478,82879,82879,85101,1,1
3575,67486,82879,82879,85101,1,1
3576,67487,82879,82879,85101,1,1
3577,67492,82879,82879,85101,1,1
3578,67511,82879,82879,85101,1,1
3579,67515,82752,82752,84974,7,0
3580,67550,82752,82752,84974,7,0
3581,67551,82879,82879,85101,1,1
3582,67559,82879,82879,85101,1,1
3583,67561,82752,82752,84974,7,0
3584,67564,82879,82879,85101,1,1
3585,67566,82752,82752,84974,7,0
3586,67572,82752,82752,84974,7,0
3587,67575,82879,82879,85101,1,1
3588,67576,82752,82752,84974,7,0
3589,67590,82879,82879,85101,1,1
3590,67594,82752,82752,84974,7,0
3591,67598,82879,82879,85101,1,1
3592,67612,82879,82879,85101,1,1
3593,67618,82879,82879,85101,1,1
3594,67627,82752,82752,84974,7,0
3595,67630,82879,82879,85101,1,1
3596,67636,82752,82752,84974,7,0
3597,67641,82752,82752,84974,7,0
3598,67652,84835,84835,0,3,1
3599,67655,82752,82752,84974,7,0
3600,67668,82752,82752,84974,7,0
3601,67676,82804,82804,85026,9,0
3602,67678,82804,82804,85026,9,0
3603,67680,84835,84835,0,3,1
3604,67696,82804,82804,85026,9,0
3605,67702,84835,84835,0,3,1
3606,67703,82804,82804,85026,9,0
3607,67703,84835,84835,0,3,1
3608,67705,84835,84835,0,3,1
3609,67707,84835,84835,0,3,1
3610,67711,84835,84835,0,3,1
3611,67720,82804,82804,85026,9,0
3612,67727,84835,84835,0,3,1
3613,67742,84835,84835,0,3,1
3614,67759,82804,82804,85026,9,0
3615,67764,82804,82804,85026,9,0
3616,67776,82804,82804,85026,9,0
3617,67783,84835,84835,0,3,1
3618,67786,82804,82804,85026,9,0
3619,67804,82804,82804,85026,9,0
3620,67805,82804,82804,85026,9,0
3621,67809,82804,82804,85026,9,0
3622,67814,84835,84835,0,3,1
3623,67818,84835,84835,0,3,1
3624,67820,84835,84835,0,3,1
3625,67837,84835,84835,0,3,1
3626,67843,84835,84835,0,3,1
3627,67849,84835,84835,0,3,1
3628,67854,84835,84835,0,3,1
3629,67863,82804,82804,85026,9,0
3630,67866,82804,82804,85026,9,0
3631,67875,82804,82804,85026,9,0
3632,67876,82804,82804,85026,9,0
3633,67876,84835,84835,0,3,1
3634,67888,82804,82804,85026,9,0
3635,67889,82804,82804,85026,9,0
3636,67890,84835,84835,0,3,1
3637,67893,84835,84835,0,3,1
3638,67896,82804,82804,85026,9,0
3639,67899,84893,84893,0,5,1
3640,67900,82804,82804,85026,9,0
3641,67908,84893,84893,0,5,1
3642,67916,84893,84893,0,5,1
3643,67918,82890,82890,85112,0,0
3644,67929,84893,84893,0,5,1
3645,67933,84893,84893,0,5,1
3646,67937,82890,82890,85112,0,0
3647,67938,84893,84893,0,5,1
3648,67950,84893,84893,0,5,1
3649,67956,82890,82890,85112,0,0
3650,67962,82890,82890,85112,0,0
3651,67964,82890,82890,85112,0,0
3652,67967,84893,84893,0,5,1
3653,67970,82890,82890,85112,0,0
3654,67972,84893,84893,0,5,1
3655,67981,82890,82890,85112,0,0
3656,67984,82890,82890,85112,0,0
3657,67984,84893,84893,0,5,1
3658,67994,82890,82890,85112,0,0
3659,68003,82890,82890,85112,0,0
3660,68011,82890,82890,85112,0,0
3661,68014,82890,82890,85112,0,0
3662,68014,84893,84893,0,5,1
3663,68016,82890,82890,85112,0,0
3664,68020,82890,82890,85112,0,0
3665,68022,82890,82890,85112,0,0
3666,68029,84893,84893,0,5,1
3667,68034,82890,82890,85112,0,0
3668,68037,82890,82890,85112,0,0
3669,68039,84893,84893,0,5,1
3670,68040,84893,84893,0,5,1
3671,68042,82890,82890,85112,0,0
3672,68043,82890,82890,85112,0,0
3673,68046,82890,82890,85112,0,0
3674,68048,84818,84818,0,2,0
3675,68050,84893,84893,0,5,1
3676,68053,84893,84893,0,5,1
3677,68059,84893,84893,0,5,1
3678,68066,84818,84818,0,2,0
3679,68074,84893,84893,0,5,1
3680,68082,84818,84818,0,2,0
3681,68084,84818,84818,0,2,0
3682,68087,84893,84893,0,5,1
3683,68088,84893,84893,0,5,1
3684,68093,84818,84818,0,2,0
3685,68096,84975,84975,0,7,1
3686,68102,84818,84818,0,2,0
3687,68108,84818,84818,0,2,0
3688,68108,84975,84975,0,7,1
3689,68109,84975,84975,0,7,1
3690,68120,84975,84975,0,7,1
3691,68130,84975,84975,0,7,1
3692,68142,84818,84818,0,2,0
3693,68142,84975,84975,0,7,1
3694,68145,84818,84818,0,2,0
3695,68147,84818,84818,0,2,0
3696,68149,84975,84975,0,7,1
3697,68151,84975,84975,0,7,1
3698,68153,84975,84975,0,7,1
3699,68162,84818,84818,0,2,0
3700,68163,84975,84975,0,7,1
3701,68181,84975,84975,0,7,1
3702,68196,84818,84818,0,2,0
3703,68210,84818,84818,0,2,0
3704,68214,84818,84818,0,2,0
3705,68225,84818,84818,0,2,0
3706,68239,84975,84975,0,7,1
3707,68248,84975,84975,0,7,1
3708,68253,84975,84975,0,7,1
3709,68257,84818,84818,0,2,0
3710,68263,84975,84975,0,7,1
3711,68270,84975,84975,0,7,1
3712,68273,84975,84975,0,7,1
3713,68284,84818,84818,0,2,0
3714,68289,84818,84818,0,2,0
3715,68290,84975,84975,0,7,1
3716,68306,84818,84818,0,2,0
3717,68318,84975,84975,0,7,1
3718,68321,84975,84975,0,7,1
3719,68322,84818,84818,0,2,0
3720,68328,85027,85027,0,9,1
3721,68333,85027,85027,0,9,1
3722,68347,85027,85027,0,9,1
3723,68351,85027,85027,0,9,1
3724,68358,84891,84891,0,4,0
3725,68362,85027,85027,0,9,1
3726,68386,85027,85027,0,9,1
3727,68393,84891,84891,0,4,0
3728,68417,85027,85027,0,9,1
3729,68424,85027,85027,0,9,1
3730,68428,84891,84891,0,4,0
3731,68442,85027,85027,0,9,1
3732,68454,84891,84891,0,4,0
3733,68458,84891,84891,0,4,0
3734,68467,84891,84891,0,4,0
3735,68468,84891,84891,0,4,0
3736,68515,84891,84891,0,4,0
3737,68519,84891,84891,0,4,0
3738,68527,85027,85027,0,9,1
3739,68530,85027,85027,0,9,1
3740,68537,84891,84891,0,4,0
3741,68569,85027,85027,0,9,1
3742,68576,84891,84891,0,4,0
3743,68577,85027,85027,0,9,1
3744,68587,85027,85027,0,9,1
3745,68590,84891,84891,0,4,0
3746,68590,85027,85027,0,9,1
3747,68594,85027,85027,0,9,1
3748,68601,85027,85027,0,9,1
3749,68603,84891,84891,0,4,0
3750,68612,85027,85027,0,9,1
3751,68615,84891,84891,0,4,0
3752,68616,85027,85027,0,9,1
3753,68619,85027,85027,0,9,1
3754,68620,84891,84891,0,4,0
3755,68621,84891,84891,0,4,0
3756,68622,84891,84891,0,4,0
3757,68624,84891,84891,0,4,0
3758,68633,84891,84891,0,4,0
3759,68634,84891,84891,0,4,0
3760,68636,85113,85113,0,0,1
3761,68654,84956,84956,0,6,0
3762,68658,85113,85113,0,0,1
3763,68668,84956,84956,0,6,0
3764,68670,85113,85113,0,0,1
3765,68672,84956,84956,0,6,0
3766,68688,84956,84956,0,6,0
3767,68689,84956,84956,0,6,0
3768,68689,85113,85113,0,0,1
3769,68697,84956,84956,0,6,0
3770,68697,85113,85113,0,0,1
3771,68702,85113,85113,0,0,1
3772,68717,84956,84956,0,6,0
3773,68718,85113,85113,0,0,1
3774,68724,85113,85113,0,0,1
3775,68732,85113,85113,0,0,1
3776,68736,84956,84956,0,6,0
3777,68736,85113,85113,0,0,1
3778,68737,85113,85113,0,0,1
3779,68740,85113,85113,0,0,1
3780,68741,84956,84956,0,6,0
3781,68746,84956,84956,0,6,0
3782,68751,84956,84956,0,6,0
3783,68763,85113,85113,0,0,1
3784,68769,84956,84956,0,6,0
3785,68770,85113,85113,0,0,1
3786,68775,84956,84956,0,6,0
3787,68781,85113,85113,0,0,1
3788,68785,85113,85113,0,0,1
3789,68791,84956,84956,0,6,0
3790,68794,84956,84956,0,6,0
3791,68796,84956,84956,0,6,0
3792,68798,85113,85113,0,0,1
3793,68802,84956,84956,0,6,0
3794,68806,85113,85113,0,0,1
3795,68809,85113,85113,0,0,1
3796,68818,85113,85113,0,0,1
3797,68819,84956,84956,0,6,0
3798,68827,0,0,0,-1,1
3799,68837,84956,84956,0,6,0
3800,68851,84956,84956,0,6,0
3801,68854,0,0,0,-1,1
3802,68862,0,0,0,-1,1
3803,68865,85021,85021,0,8,0
3804,68872,0,0,0,-1,1
3805,68880,0,0,0,-1,1
3806,68883,85021,85021,0,8,0
3807,68883,0,0,0,-1,1
3808,68886,0,0,0,-1,1
3809,68892,85021,85021,0,8,0
3810,68896,85021,85021,0,8,0
3811,68903,85021,85021,0,8,0
3812,68905,85021,85021,0,8,0
3813,68908,85021,85021,0,8,0
3814,68929,0,0,0,-1,1
3815,68939,85021,85021,0,8,0
3816,68972,85021,85021,0,8,0
3817,68972,0,0,0,-1,1
3818,68973,85021,85021,0,8,0
3819,68975,85021,85021,0,8,0
3820,68989,85021,85021,0,8,0
3821,69003,85021,85021,0,8,0
3822,69010,85021,85021,0,8,0
3823,69014,0,0,0,-1,1
3824,69016,85021,85021,0,8,0
3825,69019,0,0,0,-1,1
3826,69024,85021,85021,0,8,0
3827,69026,0,0,0,-1,1
3828,69035,0,0,0,-1,1
3829,69036,85021,85021,0,8,0
3830,69037,85021,85021,0,8,0
3831,69037,0,0,0,-1,1
3832,69039,85021,85021,0,8,0
3833,69043,0,0,0,-1,1
3834,69045,85021,85021,0,8,0
3835,69046,0,0,0,-1,1
3836,69066,85102,85102,0,1,0
3837,69068,85102,85102,0,1,0
3838,69088,0,0,0,-1,1
3839,69090,85102,85102,0,1,0
3840,69114,0,0,0,-1,1
3841,69118,85102,85102,0,1,0
3842,69122,85102,85102,0,1,0
3843,69127,0,0,0,-1,1
3844,69130,0,0,0,-1,1
3845,69159,85102,85102,0,1,0
3846,69166,0,0,0,-1,1
3847,69170,85102,85102,0,1,0
3848,69171,85102,85102,0,1,0
3849,69171,0,0,0,-1,1
3850,69181,0,0,0,-1,1
3851,69194,85102,85102,0,1,0
3852,69207,85102,85102,0,1,0
3853,69208,0,0,0,-1,1
3854,69212,85102,85102,0,1,0
3855,69212,0,0,0,-1,1
3856,69220,0,0,0,-1,1
3857,69221,0,0,0,-1,1
3858,69237,85102,85102,0,1,0
3859,69238,85102,85102,0,1,0
3860,69244,85102,85102,0,1,0
3861,69247,0,0,0,-1,1
3862,69265,0,0,0,-1,1
3863,69267,0,0,0,-1,1
3864,69280,0,0,0,-1,1
3865,69288,0,0,0,-1,1
3866,69290,85102,85102,0,1,0
3867,69292,85102,85102,0,1,0
3868,69296,0,0,0,-1,1
3869,69301,85102,85102,0,1,0
3870,69312,85102,85102,0,1,0
3871,69332,0,0,0,-1,1
3872,69337,0,0,0,-1,1
3873,69343,85102,85102,0,1,0
3874,69355,85102,85102,0,1,0
3875,69357,0,0,0,-1,0
3876,69388,0,0,0,-1,1
3877,69390,0,0,0,-1,0
3878,69392,0,0,0,-1,0
3879,69394,0,0,0,-1,1
3880,69408,0,0,0,-1,1
3881,69412,0,0,0,-1,1
3882,69414,0,0,0,-1,0
3883,69414,0,0,0,-1,1
3884,69416,0,0,0,-1,1
3885,69422,0,0,0,-1,0
3886,69428,0,0,0,-1,0
3887,69430,0,0,0,-1,0
3888,69433,0,0,0,-1,0
3889,69437,0,0,0,-1,1
3890,69440,0,0,0,-1,0
3891,69442,0,0,0,-1,0
3892,69443,0,0,0,-1,1
3893,69454,0,0,0,-1,1
3894,69458,0,0,0,-1,1
3895,69460,0,0,0,-1,0
3896,69461,0,0,0,-1,0
3897,69463,0,0,0,-1,1
3898,69478,0,0,0,-1,1
3899,69484,0,0,0,-1,0
3900,69486,0,0,0,-1,0
3901,69487,0,0,0,-1,1
3902,69488,0,0,0,-1,0
3903,69492,0,0,0,-1,1
3904,69495,0,0,0,-1,1
3905,69497,0,0,0,-1,1
3906,69498,0,0,0,-1,0
3907,69500,0,0,0,-1,0
3908,69501,0,0,0,-1,0
3909,69508,0,0,0,-1,1
3910,69510,0,0,0,-1,0
3911,69516,0,0,0,-1,0
3912,69521,0,0,0,-1,1
3913,69523,0,0,0,-1,1
3914,69532,0,0,0,-1,1
3915,69536,0,0,0,-1,0
3916,69541,0,0,0,-1,1
3917,69544,0,0,0,-1,1
3918,69553,0,0,0,-1,0
3919,69559,0,0,0,-1,0
3920,69562,0,0,0,-1,1
3921,69575,0,0,0,-1,1
3922,69581,0,0,0,-1,0
3923,69582,0,0,0,-1,0
3924,69582,0,0,0,-1,1
3925,69583,0,0,0,-1,0
3926,69591,0,0,0,-1,0
3927,69594,0,0,0,-1,0
3928,69599,0,0,0,-1,1
3929,69602,0,0,0,-1,1
3930,69620,0,0,0,-1,1
3931,69621,0,0,0,-1,1
3932,69625,0,0,0,-1,0
3933,69629,0,0,0,-1,0
3934,69630,0,0,0,-1,0
3935,69637,0,0,0,-1,1
3936,69638,0,0,0,-1,0
3937,69641,0,0,0,-1,1
3938,69646,0,0,0,-1,0
3939,69647,0,0,0,-1,1
3940,69649,0,0,0,-1,0
3941,69657,0,0,0,-1,1
3942,69664,0,0,0,-1,0
3943,69668,0,0,0,-1,1
3944,69672,0,0,0,-1,0
3945,69687,0,0,0,-1,1
3946,69693,0,0,0,-1,0
3947,69695,0,0,0,-1,0
3948,69697,0,0,0,-1,0
3949,69700,0,0,0,-1,1
3950,69705,0,0,0,-1,1
3951,69713,0,0,0,-1,0
3952,69719,0,0,0,-1,0
3953,69720,0,0,0,-1,0
3954,69721,0,0,0,-1,1
3955,69725,0,0,0,-1,0
3956,69727,0,0,0,-1,0
3957,69729,0,0,0,-1,1
3958,69732,0,0,0,-1,1
3959,69735,0,0,0,-1,0
3960,69741,0,0,0,-1,1
3961,69743,0,0,0,-1,1
3962,69747,0,0,0,-1,1
3963,69748,0,0,0,-1,1
3964,69751,0,0,0,-1,0
3965,69754,0,0,0,-1,0
3966,69755,0,0,0,-1,0
3967,69763,0,0,0,-1,0
3968,69768,0,0,0,-1,1
3969,69772,0,0,0,-1,0
3970,69774,0,0,0,-1,1
3971,69796,0,0,0,-1,1
3972,69800,0,0,0,-1,0
3973,69801,0,0,0,-1,1
3974,69803,0,0,0,-1,1
3975,69810,0,0,0,-1,1
3976,69816,0,0,0,-1,0
3977,69828,0,0,0,-1,0
3978,69836,0,0,0,-1,0
3979,69838,0,0,0,-1,1
3980,69846,0,0,0,-1,0
3981,69848,0,0,0,-1,1
3982,69851,0,0,0,-1,0
3983,69868,0,0,0,-1,0
3984,69879,0,0,0,-1,0
3985,69882,0,0,0,-1,0
3986,69892,0,0,0,-1,0
3987,69893,0,0,0,-1,0
3988,69903,0,0,0,-1,1
3989,69917,0,0,0,-1,1
3990,69933,0,0,0,-1,0
3991,69933,0,0,0,-1,1
3992,69935,0,0,0,-1,1
3993,69936,0,0,0,-1,0
3994,69940,0,0,0,-1,1
3995,69944,0,0,0,-1,1
3996,69949,0,0,0,-1,1
3997,69950,0,0,0,-1,1
3998,69953,0,0,0,-1,0
3999,69973,0,0,0,-1,0
4000,69974,0,0,0,-1,0
4001,69977,0,0,0,-1,0
4002,69990,0,0,0,-1,0
4003,69993,0,0,0,-1,0
4004,70023,0,0,0,-1,0
4005,70023,0,0,0,-1,1
4006,70032,0,0,0,-1,1
4007,70034,0,0,0,-1,1
4008,70041,0,0,0,-1,1
4009,70042,0,0,0,-1,1
4010,70045,0,0,0,-1,1
4011,70052,0,0,0,-1,0
4012,70060,0,0,0,-1,0
4013,70085,0,0,0,-1,1
4014,70091,0,0,0,-1,1
4015,70092,0,0,0,-1,0
4016,70099,0,0,0,-1,1
4017,70103,0,0,0,-1,0
4018,70117,0,0,0,-1,1
4019,70119,0,0,0,-1,1
4020,70120,0,0,0,-1,1
4021,70123,0,0,0,-1,0
4022,70130,0,0,0,-1,0
4023,70137,0,0,0,-1,1
4024,70138,0,0,0,-1,0
4025,70138,0,0,0,-1,1
4026,70140,0,0,0,-1,0
4027,70149,0,0,0,-1,1
4028,70153,0,0,0,-1,0
4029,70158,0,0,0,-1,0
4030,70158,0,0,0,-1,1
4031,70160,0,0,0,-1,1
4032,70169,0,0,0,-1,1
4033,70172,0,0,0,-1,1
4034,70177,0,0,0,-1,0
4035,70180,0,0,0,-1,1
4036,70181,0,0,0,-1,1
4037,70182,0,0,0,-1,0
4038,70185,0,0,0,-1,1
4039,70198,0,0,0,-1,0
4040,70202,0,0,0,-1,1
4041,70204,0,0,0,-1,0
4042,70205,0,0,0,-1,1
4043,70206,0,0,0,-1,1
4044,70208,0,0,0,-1,1
4045,70209,0,0,0,-1,1
4046,70216,0,0,0,-1,0
4047,70219,0,0,0,-1,0
4048,70231,0,0,0,-1,0
4049,70240,0,0,0,-1,1
4050,70241,0,0,0,-1,1
4051,70250,0,0,0,-1,0
4052,70253,0,0,0,-1,1
4053,70259,0,0,0,-1,1
4054,70267,0,0,0,-1,1
4055,70268,0,0,0,-1,1
4056,70270,0,0,0,-1,0
4057,70281,0,0,0,-1,0
4058,70289,0,0,0,-1,1
4059,70295,0,0,0,-1,0
4060,70296,0,0,0,-1,0
4061,70306,0,0,0,-1,1
4062,70319,0,0,0,-1,1
4063,70320,0,0,0,-1,1
4064,70322,0,0,0,-1,0
4065,70323,0,0,0,-1,0
4066,70328,0,0,0,-1,1
4067,70330,0,0,0,-1,0
4068,70335,0,0,0,-1,1
4069,70336,0,0,0,-1,1
4070,70341,0,0,0,-1,1
4071,70365,0,0,0,-1,1
4072,70366,0,0,0,-1,0
4073,70368,0,0,0,-1,0
4074,70368,0,0,0,-1,1
4075,70386,0,0,0,-1,1
4076,70389,0,0,0,-1,0
4077,70392,0,0,0,-1,0
4078,70397,0,0,0,-1,1
4079,70399,0,0,0,-1,1
4080,70414,0,0,0,-1,0
4081,70415,0,0,0,-1,0
4082,70416,0,0,0,-1,0
4083,70422,0,0,0,-1,1
4084,70428,0,0,0,-1,1
4085,70432,0,0,0,-1,0
4086,70437,0,0,0,-1,0
4087,70438,0,0,0,-1,0
4088,70442,0,0,0,-1,0
4089,70455,0,0,0,-1,1
4090,70457,0,0,0,-1,0
4091,70460,0,0,0,-1,0
4092,70464,0,0,0,-1,1
4093,70468,0,0,0,-1,1
4094,70473,0,0,0,-1,0
4095,70476,0,0,0,-1,0
4096,70482,0,0,0,-1,1
4097,70486,0,0,0,-1,1
4098,70492,0,0,0,-1,0
4099,70497,0,0,0,-1,0
4100,70502,0,0,0,-1,0
4101,70504,0,0,0,-1,1
4102,70505,0,0,0,-1,1
4103,70514,0,0,0,-1,0
4104,70517,0,0,0,-1,0
4105,70521,0,0,0,-1,0
4106,70531,0,0,0,-1,1
4107,70534,0,0,0,-1,0
4108,70542,0,0,0,-1,0
4109,70544,0,0,0,-1,0
4110,70545,0,0,0,-1,1
4111,70547,0,0,0,-1,1
4112,70552,0,0,0,-1,0
4113,70564,0,0,0,-1,1
4114,70576,0,0,0,-1,1
4115,70602,0,0,0,-1,0
4116,70604,0,0,0,-1,1
4117,70605,0,0,0,-1,0
4118,70614,0,0,0,-1,1
4119,70616,0,0,0,-1,0
4120,70626,0,0,0,-1,1
4121,70627,0,0,0,-1,1
4122,70644,0,0,0,-1,1
4123,70650,0,0,0,-1,0
4124,70656,0,0,0,-1,0
4125,70658,0,0,0,-1,0
4126,70688,0,0,0,-1,1
4127,70692,0,0,0,-1,0
4128,70693,0,0,0,-1,1
4129,70698,0,0,0,-1,1
4130,70700,0,0,0,-1,0
4131,70714,0,0,0,-1,0
4132,70716,0,0,0,-1,1
4133,70725,0,0,0,-1,0
4134,70726,0,0,0,-1,1
4135,70745,0,0,0,-1,1
4136,70746,0,0,0,-1,0
4137,70746,0,0,0,-1,1
4138,70748,0,0,0,-1,0
4139,70753,0,0,0,-1,0
4140,70768,0,0,0,-1,0
4141,70772,0,0,0,-1,1
4142,70773,0,0,0,-1,0
4143,70776,0,0,0,-1,0
4144,70778,0,0,0,-1,1
4145,70780,0,0,0,-1,0
4146,70783,0,0,0,-1,0
4147,70788,0,0,0,-1,0
4148,70793,0,0,0,-1,1
4149,70800,0,0,0,-1,1
4150,70802,0,0,0,-1,0
4151,70809,0,0,0,-1,1
4152,70811,0,0,0,-1,0
4153,70819,0,0,0,-1,1
4154,70823,0,0,0,-1,1
4155,70824,0,0,0,-1,1
4156,70831,0,0,0,-1,0
4157,70835,0,0,0,-1,1
4158,70838,0,0,0,-1,1
4159,70844,0,0,0,-1,1
4160,70860,0,0,0,-1,0
4161,70861,0,0,0,-1,1
4162,70866,0,0,0,-1,0
4163,70874,0,0,0,-1,1
4164,70875,0,0,0,-1,0
4165,70885,0,0,0,-1,1
4166,70894,0,0,0,-1,0
4167,70914,0,0,0,-1,0
4168,70939,0,0,0,-1,1
4169,70942,0,0,0,-1,0
4170,70946,0,0,0,-1,0
4171,70957,0,0,0,-1,0
4172,70959,0,0,0,-1,0
4173,70977,0,0,0,-1,0
4174,70987,0,0,0,-1,0
4175,70992,0,0,0,-1,1
4176,71008,0,0,0,-1,0
4177,71018,0,0,0,-1,1
4178,71021,0,0,0,-1,1
4179,71024,0,0,0,-1,0
4180,71033,0,0,0,-1,1
4181,71039,0,0,0,-1,1
4182,71040,0,0,0,-1,1
4183,71043,0,0,0,-1,0
4184,71044,0,0,0,-1,0
4185,71055,0,0,0,-1,1
4186,71056,0,0,0,-1,1
4187,71069,0,0,0,-1,1
4188,71096,0,0,0,-1,1
4189,71098,0,0,0,-1,1
4190,71106,0,0,0,-1,0
4191,71107,0,0,0,-1,1
4192,71116,0,0,0,-1,1
4193,71117,0,0,0,-1,1
4194,71121,0,0,0,-1,1
4195,71124,0,0,0,-1,0
4196,71135,0,0,0,-1,0
4197,71140,0,0,0,-1,1
4198,71142,0,0,0,-1,0
4199,71147,0,0,0,-1,1
4200,71152,0,0,0,-1,1
4201,71153,0,0,0,-1,0
4202,71154,0,0,0,-1,1
4203,71162,0,0,0,-1,0
4204,71164,0,0,0,-1,0
4205,71169,0,0,0,-1,0
4206,71180,0,0,0,-1,0
4207,71182,0,0,0,-1,1
4208,71191,0,0,0,-1,1
4209,71206,0,0,0,-1,1
4210,71207,0,0,0,-1,0
4211,71208,0,0,0,-1,0
4212,71215,0,0,0,-1,0
4213,71229,0,0,0,-1,1
4214,71235,0,0,0,-1,0
4215,71240,0,0,0,-1,1
4216,71246,0,0,0,-1,1
4217,71251,0,0,0,-1,1
4218,71256,0,0,0,-1,0
4219,71259,0,0,0,-1,0
4220,71268,0,0,0,-1,1
4221,71272,0,0,0,-1,0
4222,71282,0,0,0,-1,1
4223,71288,0,0,0,-1,0
4224,71290,0,0,0,-1,1
4225,71307,0,0,0,-1,0
4226,71312,0,0,0,-1,0
4227,71318,0,0,0,-1,0
4228,71325,0,0,0,-1,1
4229,71328,0,0,0,-1,0
4230,71336,0,0,0,-1,1
4231,71343,0,0,0,-1,0
4232,71347,0,0,0,-1,0
4233,71368,0,0,0,-1,1
4234,71372,0,0,0,-1,0
4235,71394,0,0,0,-1,1
4236,71396,0,0,0,-1,1
4237,71400,0,0,0,-1,0
4238,71413,0,0,0,-1,0
4239,71423,0,0,0,-1,1
4240,71426,0,0,0,-1,0
4241,71440,0,0,0,-1,0
4242,71440,0,0,0,-1,1
4243,71444,0,0,0,-1,0
4244,71454,0,0,0,-1,1
4245,71456,0,0,0,-1,1
4246,71470,0,0,0,-1,1
4247,71485,0,0,0,-1,0
4248,71490,0,0,0,-1,1
4249,71508,0,0,0,-1,0
4250,71523,0,0,0,-1,1
4251,71532,0,0,0,-1,1
4252,71535,0,0,0,-1,1
4253,71537,0,0,0,-1,0
4254,71552,0,0,0,-1,0
4255,71554,0,0,0,-1,0
4256,71565,0,0,0,-1,1
4257,71567,0,0,0,-1,0
4258,71572,0,0,0,-1,1
4259,71576,0,0,0,-1,0
4260,71586,0,0,0,-1,0
4261,71593,0,0,0,-1,1
4262,71596,0,0,0,-1,1
4263,71599,0,0,0,-1,1
4264,71608,0,0,0,-1,0
4265,71612,0,0,0,-1,0
4266,71619,0,0,0,-1,0
4267,71632,0,0,0,-1,0
4268,71636,0,0,0,-1,0
4269,71641,0,0,0,-1,0
4270,71646,0,0,0,-1,1
4271,71653,0,0,0,-1,1
4272,71666,0,0,0,-1,0
4273,71680,0,0,0,-1,0
4274,71689,0,0,0,-1,0
4275,71692,0,0,0,-1,1
4276,71698,0,0,0,-1,0
4277,71701,0,0,0,-1,1
4278,71706,0,0,0,-1,0
4279,71714,0,0,0,-1,1
4280,71723,0,0,0,-1,1
4281,71726,0,0,0,-1,1
4282,71728,0,0,0,-1,1
4283,71758,0,0,0,-1,0
4284,71774,0,0,0,-1,0
4285,71779,0,0,0,-1,1
4286,71780,0,0,0,-1,1
4287,71781,0,0,0,-1,0
4288,71784,0,0,0,-1,0
4289,71797,0,0,0,-1,0
4290,71800,0,0,0,-1,0
4291,71801,0,0,0,-1,1
4292,71810,0,0,0,-1,1
4293,71812,0,0,0,-1,0
4294,71814,0,0,0,-1,0
4295,71818,0,0,0,-1,0
4296,71818,0,0,0,-1,1
4297,71823,0,0,0,-1,1
4298,71824,0,0,0,-1,1
4299,71842,0,0,0,-1,1
4300,71856,0,0,0,-1,1
4301,71867,0,0,0,-1,0
4302,71871,0,0,0,-1,1
4303,71873,0,0,0,-1,1
4304,71875,0,0,0,-1,0
4305,71879,0,0,0,-1,0
4306,71883,0,0,0,-1,1
4307,71890,0,0,0,-1,0
4308,71894,0,0,0,-1,0
4309,71931,0,0,0,-1,0
4310,71933,0,0,0,-1,1
4311,71936,0,0,0,-1,0
4312,71939,0,0,0,-1,0
4313,71946,0,0,0,-1,0
4314,71950,0,0,0,-1,0
4315,71953,0,0,0,-1,1
4316,71964,0,0,0,-1,0
4317,71968,0,0,0,-1,0
4318,71970,0,0,0,-1,0
4319,71993,0,0,0,-1,0
4320,71994,0,0,0,-1,1
4321,71998,0,0,0,-1,0
4322,72023,0,0,0,-1,0
4323,72036,0,0,0,-1,0
4324,72334,0,0,0,-1,1
4325,72418,0,0,0,-1,0
4326,72434,0,0,0,-1,0
4327,72540,0,0,0,-1,0
4328,72620,0,0,0,-1,0
4329,72739,0,0,0,-1,1
4330,72852,0,0,0,-1,1
4331,72872,0,0,0,-1,1
4332,72922,0,0,0,-1,1
4333,73337,0,0,0,-1,0
4334,73473,0,0,0,-1,0
4335,73572,0,0,0,-1,0
4336,73597,0,0,0,-1,0
4337,73785,0,0,0,-1,0
4338,73967,0,0,0,-1,1
4339,74337,0,0,0,-1,1
4340,74365,0,0,0,-1,1
4341,74793,0,0,0,-1,0
4342,74999,0,0,0,-1,0
4343,75431,0,0,0,-1,1
4344,75554,0,0,0,-1,0
4345,75674,0,0,0,-1,0
4346,75785,0,0,0,-1,0
4347,75790,0,0,0,-1,0
4348,75791,0,0,0,-1,0
4349,75811,0,0,0,-1,1
4350,75939,0,0,0,-1,0
4351,75978,0,0,0,-1,1
4352,76183,0,0,0,-1,0
4353,76362,0,0,0,-1,0
4354,76466,0,0,0,-1,0
4355,76507,0,0,0,-1,0
4356,76525,0,0,0,-1,1
4357,76579,0,0,0,-1,0
4358,76655,0,0,0,-1,0
4359,76669,0,0,0,-1,1
4360,76704,0,0,0,-1,1
4361,76710,0,0,0,-1,0
4362,76891,0,0,0,-1,1
4363,77008,0,0,0,-1,0
4364,77096,0,0,0,-1,0
4365,77260,0,0,0,-1,0
4366,77290,0,0,0,-1,1
4367,77450,0,0,0,-1,0
4368,77450,0,0,0,-1,1
4369,77605,0,0,0,-1,1
4370,77951,0,0,0,-1,1
4371,78610,0,0,0,-1,0
4372,78771,0,0,0,-1,0
4373,79017,0,0,0,-1,0
4374,79104,0,0,0,-1,0
4375,79369,0,0,0,-1,1
4376,79549,0,0,0,-1,0
4377,79640,0,0,0,-1,0
4378,79705,0,0,0,-1,1
4379,79876,0,0,0,-1,0
4380,79969,0,0,0,-1,1
4381,80003,0,0,0,-1,0
4382,80071,0,0,0,-1,0
4383,80309,0,0,0,-1,0
4384,80309,0,0,0,-1,1
4385,80326,0,0,0,-1,1
4386,80454,0,0,0,-1,0
4387,80458,0,0,0,-1,1
4388,80584,0,0,0,-1,1
4389,80591,0,0,0,-1,1
4390,80792,0,0,0,-1,0
4391,80794,0,0,0,-1,0
4392,80807,0,0,0,-1,0
4393,80846,0,0,0,-1,0
4394,80938,0,0,0,-1,1
4395,80948,0,0,0,-1,0
4396,80984,0,0,0,-1,0
4397,81282,0,0,0,-1,0
4398,81298,0,0,0,-1,1
4399,81592,0,0,0,-1,1
4400,81944,0,0,0,-1,1
4401,82035,0,0,0,-1,1
4402,82532,0,0,0,-1,1
4403,82702,0,0,0,-1,0
4404,82824,0,0,0,-1,1
4405,83062,0,0,0,-1,0
4406,83475,0,0,0,-1,0
4407,83655,0,0,0,-1,0
4408,83667,0,0,0,-1,1
4409,83996,0,0,0,-1,0
4410,84013,0,0,0,-1,0
4411,84491,0,0,0,-1,1
4412,84544,0,0,0,-1,0
4413,84572,0,0,0,-1,0
4414,84610,0,0,0,-1,1
4415,84723,0,0,0,-1,1
4416,84917,0,0,0,-1,0
4417,84917,0,0,0,-1,1
4418,84959,0,0,0,-1,1
4419,85603,0,0,0,-1,0
4420,85617,0,0,0,-1,1
4421,85626,0,0,0,-1,0
4422,85632,0,0,0,-1,0
4423,85816,0,0,0,-1,1
4424,85977,0,0,0,-1,0
4425,86236,0,0,0,-1,1
4426,86346,0,0,0,-1,1
