passenger_id,terminal_arrival_time,board_time,leave_time,destination_arrival_time,boarded_jeep,terminal
0,482,482,13058,13898,1,1
1,508,508,9496,10336,0,0
2,710,710,9496,10336,0,0
3,1384,1384,9496,10336,0,0
4,1461,1461,13058,13898,1,1
5,2339,2339,13058,13898,1,1
6,2601,2601,9496,10336,0,0
7,2710,2710,13058,13898,1,1
8,2741,2741,13058,13898,1,1
9,2770,2770,9496,10336,0,0
10,3521,3521,13058,13898,1,1
11,4172,4172,9496,10336,0,0
12,4746,4746,9496,10336,0,0
13,4792,4792,9496,10336,0,0
14,5236,5236,9496,10336,0,0
15,5267,5267,13058,13898,1,1
16,5453,5453,13058,13898,1,1
17,6119,6119,9496,10336,0,0
18,6142,6142,9496,10336,0,0
19,6780,6780,13058,13898,1,1
20,7459,7459,13058,13898,1,1
21,7789,7789,9496,10336,0,0
22,7901,7901,13058,13898,1,1
23,8184,8184,9496,10336,0,0
24,8308,8308,13058,13898,1,1
25,8527,8527,9496,10336,0,0
26,8554,8554,9496,10336,0,0
27,8762,8762,9496,10336,0,0
28,8775,8775,9496,10336,0,0
29,9226,9226,9496,10336,0,0
30,9457,9457,9496,10336,0,0
31,9496,9496,9496,10336,0,0
32,10059,10059,13058,13898,1,1
33,10614,10614,13058,13898,1,1
34,10710,10710,13058,13898,1,1
35,11374,11374,13058,13898,1,1
36,11426,11426,21619,24419,2,0
37,11451,11451,13058,13898,1,1
38,11625,11625,21619,24419,2,0
39,11902,11902,13058,13898,1,1
40,12033,12033,21619,24419,2,0
41,12116,12116,13058,13898,1,1
42,12486,12486,21619,24419,2,0
43,13058,13058,13058,13898,1,1
44,13366,13366,21625,24425,3,1
45,13674,13674,21625,24425,3,1
46,13820,13820,21619,24419,2,0
47,13898,13898,21619,24419,2,0
48,14090,14090,21625,24425,3,1
49,14181,14181,21619,24419,2,0
50,14192,14192,21625,24425,3,1
51,14663,14663,21625,24425,3,1
52,14953,14953,21625,24425,3,1
53,15240,15240,21619,24419,2,0
54,15466,15466,21625,24425,3,1
55,16287,16287,21625,24425,3,1
56,16288,16288,21619,24419,2,0
57,16674,16674,21625,24425,3,1
58,16816,16816,21625,24425,3,1
59,17074,17074,21619,24419,2,0
60,17378,17378,21625,24425,3,1
61,17388,17388,21625,24425,3,1
62,17406,17406,21619,24419,2,0
63,17530,17530,21625,24425,3,1
64,17847,17847,21619,24419,2,0
65,18703,18703,21619,24419,2,0
66,18742,18742,21625,24425,3,1
67,18800,18800,21619,24419,2,0
68,19451,19451,21619,24419,2,0
69,19692,19692,21619,24419,2,0
70,20422,20422,21625,24425,3,1
71,20789,20789,21619,24419,2,0
72,21136,21136,21619,24419,2,0
73,21304,21304,21625,24425,3,1
74,21513,21513,21625,24425,3,1
75,21588,21588,21619,24419,2,0
76,21603,21603,21625,24425,3,1
77,21619,21619,21619,24419,2,0
78,21621,21621,21625,24425,3,1
79,21625,21625,21905,24705,4,0
80,21625,21625,21625,24425,3,1
81,21627,21627,21903,24703,5,1
82,21638,21638,21903,24703,5,1
83,21640,21640,21903,24703,5,1
84,21646,21646,21903,24703,5,1
85,21650,21650,21903,24703,5,1
86,21660,21660,21905,24705,4,0
87,21660,21660,21903,24703,5,1
88,21690,21690,21905,24705,4,0
89,21706,21706,21905,24705,4,0
90,21707,21707,21905,24705,4,0
91,21714,21714,21905,24705,4,0
92,21718,21718,21903,24703,5,1
93,21720,21720,21905,24705,4,0
94,21721,21721,21905,24705,4,0
95,21738,21738,21903,24703,5,1
96,21739,21739,21903,24703,5,1
97,21742,21742,21903,24703,5,1
98,21745,21745,21903,24703,5,1
99,21757,21757,21903,24703,5,1
100,21782,21782,21905,24705,4,0
101,21784,21784,21905,24705,4,0
102,21794,21794,21905,24705,4,0
103,21812,21812,21903,24703,5,1
104,21813,21813,21905,24705,4,0
105,21819,21819,21903,24703,5,1
106,21831,21831,21905,24705,4,0
107,21840,21840,21903,24703,5,1
108,21841,21841,21905,24705,4,0
109,21847,21847,21903,24703,5,1
110,21859,21859,21903,24703,5,1
111,21866,21866,21905,24705,4,0
112,21878,21878,21905,24705,4,0
113,21880,21880,21905,24705,4,0
114,21886,21886,21903,24703,5,1
115,21889,21889,21905,24705,4,0
116,21894,21894,21903,24703,5,1
117,21895,21895,21905,24705,4,0
118,21903,21903,21903,24703,5,1
119,21905,21905,21905,24705,4,0
120,21915,21915,22076,24876,7,1
121,21920,21920,22076,24876,7,1
122,21924,21924,22076,24876,7,1
123,21935,21935,22076,24876,7,1
124,21939,21939,22160,24960,6,0
125,21941,21941,22160,24960,6,0
126,21945,21945,22160,24960,6,0
127,21945,21945,22076,24876,7,1
128,21946,21946,22160,24960,6,0
129,21950,21950,22160,24960,6,0
130,21953,21953,22076,24876,7,1
131,21962,21962,22076,24876,7,1
132,21965,21965,22160,24960,6,0
133,21966,21966,22076,24876,7,1
134,21980,21980,22160,24960,6,0
135,21983,21983,22076,24876,7,1
136,21997,21997,22076,24876,7,1
137,22005,22005,22076,24876,7,1
138,22008,22008,22160,24960,6,0
139,22015,22015,22076,24876,7,1
140,22016,22016,22160,24960,6,0
141,22016,22016,22076,24876,7,1
142,22027,22027,22076,24876,7,1
143,22033,22033,22160,24960,6,0
144,22037,22037,22076,24876,7,1
145,22048,22048,22076,24876,7,1
146,22053,22053,22076,24876,7,1
147,22062,22062,22160,24960,6,0
148,22063,22063,22160,24960,6,0
149,22068,22068,22076,24876,7,1
150,22071,22071,22076,24876,7,1
151,22076,22076,22076,24876,7,1
152,22079,22079,22160,24960,6,0
153,22085,22085,22283,25083,9,1
154,22089,22089,22283,25083,9,1
155,22095,22095,22160,24960,6,0
156,22103,22103,22283,25083,9,1
157,22109,22109,22160,24960,6,0
158,22114,22114,22283,25083,9,1
159,22118,22118,22160,24960,6,0
160,22127,22127,22160,24960,6,0
161,22130,22130,22283,25083,9,1
162,22131,22131,22160,24960,6,0
163,22135,22135,22160,24960,6,0
164,22143,22143,22283,25083,9,1
165,22148,22148,22283,25083,9,1
166,22155,22155,22283,25083,9,1
167,22160,22160,22160,24960,6,0
168,22164,22164,22283,25083,9,1
169,22166,22166,22423,25223,8,0
170,22168,22168,22423,25223,8,0
171,22173,22173,22283,25083,9,1
172,22177,22177,22423,25223,8,0
173,22182,22182,22283,25083,9,1
174,22187,22187,22283,25083,9,1
175,22188,22188,22283,25083,9,1
176,22191,22191,22283,25083,9,1
177,22196,22196,22423,25223,8,0
178,22197,22197,22283,25083,9,1
179,22205,22205,22423,25223,8,0
180,22215,22215,22423,25223,8,0
181,22216,22216,22283,25083,9,1
182,22225,22225,22283,25083,9,1
183,22229,22229,22423,25223,8,0
184,22247,22247,22423,25223,8,0
185,22260,22260,22283,25083,9,1
186,22262,22262,22423,25223,8,0
187,22277,22277,22283,25083,9,1
188,22281,22281,22423,25223,8,0
189,22283,22283,22283,25083,9,1
190,22285,22285,22522,25322,11,1
191,22302,22302,22423,25223,8,0
192,22316,22316,22423,25223,8,0
193,22319,22319,22522,25322,11,1
194,22324,22324,22522,25322,11,1
195,22335,22335,22423,25223,8,0
196,22340,22340,22423,25223,8,0
197,22343,22343,22522,25322,11,1
198,22357,22357,22423,25223,8,0
199,22363,22363,22423,25223,8,0
200,22378,22378,22423,25223,8,0
201,22383,22383,22522,25322,11,1
202,22385,22385,22423,25223,8,0
203,22386,22386,22522,25322,11,1
204,22389,22389,22522,25322,11,1
205,22397,22397,22423,25223,8,0
206,22416,22416,22522,25322,11,1
207,22423,22423,22423,25223,8,0
208,22432,22432,22522,25322,11,1
209,22435,22435,22522,25322,11,1
210,22441,22441,22720,25520,10,0
211,22452,22452,22720,25520,10,0
212,22453,22453,22522,25322,11,1
213,22461,22461,22522,25322,11,1
214,22465,22465,22720,25520,10,0
215,22472,22472,22522,25322,11,1
216,22495,22495,22522,25322,11,1
217,22496,22496,22522,25322,11,1
218,22500,22500,22720,25520,10,0
219,22504,22504,22522,25322,11,1
220,22510,22510,22720,25520,10,0
221,22511,22511,22720,25520,10,0
222,22512,22512,22522,25322,11,1
223,22517,22517,22522,25322,11,1
224,22518,22518,22720,25520,10,0
225,22518,22518,22522,25322,11,1
226,22522,22522,22522,25322,11,1
227,22528,22528,22807,25607,13,1
228,22529,22529,22807,25607,13,1
229,22533,22533,22720,25520,10,0
230,22537,22537,22720,25520,10,0
231,22547,22547,22720,25520,10,0
232,22552,22552,22720,25520,10,0
233,22555,22555,22807,25607,13,1
234,22556,22556,22807,25607,13,1
235,22575,22575,22720,25520,10,0
236,22585,22585,22807,25607,13,1
237,22594,22594,22807,25607,13,1
238,22595,22595,22720,25520,10,0
239,22596,22596,22807,25607,13,1
240,22614,22614,22720,25520,10,0
241,22625,22625,22807,25607,13,1
242,22642,22642,22807,25607,13,1
243,22643,22643,22720,25520,10,0
244,22644,22644,22720,25520,10,0
245,22647,22647,22720,25520,10,0
246,22651,22651,22720,25520,10,0
247,22658,22658,22807,25607,13,1
248,22666,22666,22807,25607,13,1
249,22669,22669,22807,25607,13,1
250,22675,22675,22720,25520,10,0
251,22682,22682,22807,25607,13,1
252,22695,22695,22807,25607,13,1
253,22708,22708,22807,25607,13,1
254,22710,22710,22807,25607,13,1
255,22713,22713,22807,25607,13,1
256,22720,22720,22720,25520,10,0
257,22730,22730,23020,25820,12,0
258,22734,22734,23020,25820,12,0
259,22741,22741,23020,25820,12,0
260,22771,22771,22807,25607,13,1
261,22784,22784,22807,25607,13,1
262,22786,22786,23020,25820,12,0
263,22792,22792,23020,25820,12,0
264,22794,22794,23020,25820,12,0
265,22800,22800,23020,25820,12,0
266,22807,22807,22807,25607,13,1
267,22816,22816,23020,25820,12,0
268,22819,22819,23209,26009,0,1
269,22831,22831,23020,25820,12,0
270,22833,22833,23020,25820,12,0
271,22846,22846,23020,25820,12,0
272,22848,22848,23020,25820,12,0
273,22881,22881,23020,25820,12,0
274,22886,22886,23209,26009,0,1
275,22887,22887,23209,26009,0,1
276,22889,22889,23020,25820,12,0
277,22890,22890,23209,26009,0,1
278,22892,22892,23209,26009,0,1
279,22893,22893,23020,25820,12,0
280,22897,22897,23020,25820,12,0
281,22897,22897,23209,26009,0,1
282,22898,22898,23209,26009,0,1
283,22906,22906,23209,26009,0,1
284,22926,22926,23209,26009,0,1
285,22950,22950,23020,25820,12,0
286,22977,22977,23209,26009,0,1
287,22988,22988,23209,26009,0,1
288,23005,23005,23020,25820,12,0
289,23009,23009,23020,25820,12,0
290,23020,23020,23020,25820,12,0
291,23036,23036,23325,26125,14,0
292,23047,23047,23325,26125,14,0
293,23048,23048,23209,26009,0,1
294,23055,23055,23325,26125,14,0
295,23070,23070,23325,26125,14,0
296,23071,23071,23209,26009,0,1
297,23073,23073,23209,26009,0,1
298,23100,23100,23209,26009,0,1
299,23131,23131,23325,26125,14,0
300,23131,23131,23209,26009,0,1
301,23158,23158,23325,26125,14,0
302,23171,23171,23325,26125,14,0
303,23172,23172,23325,26125,14,0
304,23182,23182,23209,26009,0,1
305,23187,23187,23209,26009,0,1
306,23195,23195,23209,26009,0,1
307,23209,23209,23209,26009,0,1
308,23213,24420,24420,27220,2,1
309,23216,23216,23325,26125,14,0
310,23216,24420,24420,27220,2,1
311,23241,23241,23325,26125,14,0
312,23244,23244,23325,26125,14,0
313,23245,23245,23325,26125,14,0
314,23253,24420,24420,27220,2,1
315,23255,23255,23325,26125,14,0
316,23256,24420,24420,27220,2,1
317,23270,24420,24420,27220,2,1
318,23276,24420,24420,27220,2,1
319,23278,23278,23325,26125,14,0
320,23279,24420,24420,27220,2,1
321,23280,24420,24420,27220,2,1
322,23287,23287,23325,26125,14,0
323,23306,23306,23325,26125,14,0
324,23307,23307,23325,26125,14,0
325,23308,23308,23325,26125,14,0
326,23309,24420,24420,27220,2,1
327,23310,24420,24420,27220,2,1
328,23313,23313,23325,26125,14,0
329,23317,24420,24420,27220,2,1
330,23324,24420,24420,27220,2,1
331,23325,23325,23325,26125,14,0
332,23339,23339,23566,26366,1,0
333,23362,23362,23566,26366,1,0
334,23363,23363,23566,26366,1,0
335,23364,24420,24420,27220,2,1
336,23373,24420,24420,27220,2,1
337,23375,23375,23566,26366,1,0
338,23380,23380,23566,26366,1,0
339,23380,24420,24420,27220,2,1
340,23387,24420,24420,27220,2,1
341,23394,23394,23566,26366,1,0
342,23394,24420,24420,27220,2,1
343,23400,24420,24420,27220,2,1
344,23402,24420,24420,27220,2,1
345,23406,23406,23566,26366,1,0
346,23407,24420,24420,27220,2,1
347,23408,23408,23566,26366,1,0
348,23417,23417,23566,26366,1,0
349,23424,24706,24706,27506,4,1
350,23430,24706,24706,27506,4,1
351,23433,23433,23566,26366,1,0
352,23452,23452,23566,26366,1,0
353,23462,23462,23566,26366,1,0
354,23478,23478,23566,26366,1,0
355,23483,23483,23566,26366,1,0
356,23492,24706,24706,27506,4,1
357,23503,23503,23566,26366,1,0
358,23504,23504,23566,26366,1,0
359,23508,24706,24706,27506,4,1
360,23518,23518,23566,26366,1,0
361,23523,23523,23566,26366,1,0
362,23527,23527,23566,26366,1,0
363,23528,24706,24706,27506,4,1
364,23530,24706,24706,27506,4,1
365,23541,24706,24706,27506,4,1
366,23553,24706,24706,27506,4,1
367,23555,24706,24706,27506,4,1
368,23561,24706,24706,27506,4,1
369,23566,23566,23566,26366,1,0
370,23567,24426,24426,27226,3,0
371,23576,24426,24426,27226,3,0
372,23577,24426,24426,27226,3,0
373,23578,24426,24426,27226,3,0
374,23584,24426,24426,27226,3,0
375,23585,24706,24706,27506,4,1
376,23595,24706,24706,27506,4,1
377,23598,24426,24426,27226,3,0
378,23608,24706,24706,27506,4,1
379,23621,24426,24426,27226,3,0
380,23622,24426,24426,27226,3,0
381,23633,24706,24706,27506,4,1
382,23635,24706,24706,27506,4,1
383,23636,24426,24426,27226,3,0
384,23637,24426,24426,27226,3,0
385,23643,24426,24426,27226,3,0
386,23656,24706,24706,27506,4,1
387,23659,24426,24426,27226,3,0
388,23665,24426,24426,27226,3,0
389,23669,24706,24706,27506,4,1
390,23683,24706,24706,27506,4,1
391,23701,24706,24706,27506,4,1
392,23709,24426,24426,27226,3,0
393,23718,24706,24706,27506,4,1
394,23722,24426,24426,27226,3,0
395,23725,24961,24961,27761,6,1
396,23728,24426,24426,27226,3,0
397,23744,24961,24961,27761,6,1
398,23746,24961,24961,27761,6,1
399,23747,24426,24426,27226,3,0
400,23754,24426,24426,27226,3,0
401,23755,24426,24426,27226,3,0
402,23768,24426,24426,27226,3,0
403,23781,24704,24704,27504,5,0
404,23782,24961,24961,27761,6,1
405,23785,24704,24704,27504,5,0
406,23807,24961,24961,27761,6,1
407,23814,24961,24961,27761,6,1
408,23828,24704,24704,27504,5,0
409,23830,24961,24961,27761,6,1
410,23835,24704,24704,27504,5,0
411,23840,24961,24961,27761,6,1
412,23853,24704,24704,27504,5,0
413,23865,24961,24961,27761,6,1
414,23867,24961,24961,27761,6,1
415,23869,24704,24704,27504,5,0
416,23871,24961,24961,27761,6,1
417,23892,24961,24961,27761,6,1
418,23895,24961,24961,27761,6,1
419,23900,24961,24961,27761,6,1
420,23910,24704,24704,27504,5,0
421,23912,24961,24961,27761,6,1
422,23913,24704,24704,27504,5,0
423,23914,24704,24704,27504,5,0
424,23923,24961,24961,27761,6,1
425,23925,24961,24961,27761,6,1
426,23933,24704,24704,27504,5,0
427,23934,24961,24961,27761,6,1
428,23935,24704,24704,27504,5,0
429,23936,24704,24704,27504,5,0
430,23941,24704,24704,27504,5,0
431,23948,24704,24704,27504,5,0
432,23949,24704,24704,27504,5,0
433,23957,24704,24704,27504,5,0
434,23957,24961,24961,27761,6,1
435,23967,24961,24961,27761,6,1
436,23971,24704,24704,27504,5,0
437,23978,25224,25224,28024,8,1
438,23995,25224,25224,28024,8,1
439,23998,24704,24704,27504,5,0
440,23999,24704,24704,27504,5,0
441,24009,24704,24704,27504,5,0
442,24009,25224,25224,28024,8,1
443,24023,24877,24877,27677,7,0
444,24026,24877,24877,27677,7,0
445,24026,25224,25224,28024,8,1
446,24032,24877,24877,27677,7,0
447,24032,25224,25224,28024,8,1
448,24033,25224,25224,28024,8,1
449,24034,25224,25224,28024,8,1
450,24043,25224,25224,28024,8,1
451,24046,24877,24877,27677,7,0
452,24051,25224,25224,28024,8,1
453,24052,24877,24877,27677,7,0
454,24054,25224,25224,28024,8,1
455,24057,24877,24877,27677,7,0
456,24060,24877,24877,27677,7,0
457,24062,25224,25224,28024,8,1
458,24064,25224,25224,28024,8,1
459,24065,24877,24877,27677,7,0
460,24069,24877,24877,27677,7,0
461,24070,25224,25224,28024,8,1
462,24076,24877,24877,27677,7,0
463,24081,24877,24877,27677,7,0
464,24094,25224,25224,28024,8,1
465,24095,25224,25224,28024,8,1
466,24103,25224,25224,28024,8,1
467,24104,24877,24877,27677,7,0
468,24104,25224,25224,28024,8,1
469,24107,24877,24877,27677,7,0
470,24111,24877,24877,27677,7,0
471,24111,25224,25224,28024,8,1
472,24118,24877,24877,27677,7,0
473,24120,24877,24877,27677,7,0
474,24120,25224,25224,28024,8,1
475,24125,24877,24877,27677,7,0
476,24132,24877,24877,27677,7,0
477,24137,24877,24877,27677,7,0
478,24142,25224,25224,28024,8,1
479,24144,24877,24877,27677,7,0
480,24146,25084,25084,27884,9,0
481,24149,25521,25521,28321,10,1
482,24156,25521,25521,28321,10,1
483,24157,25521,25521,28321,10,1
484,24158,25521,25521,28321,10,1
485,24159,25521,25521,28321,10,1
486,24165,25084,25084,27884,9,0
487,24178,25084,25084,27884,9,0
488,24178,25521,25521,28321,10,1
489,24184,25084,25084,27884,9,0
490,24185,25521,25521,28321,10,1
491,24193,25521,25521,28321,10,1
492,24198,25084,25084,27884,9,0
493,24199,25521,25521,28321,10,1
494,24200,25521,25521,28321,10,1
495,24202,25521,25521,28321,10,1
496,24205,25521,25521,28321,10,1
497,24212,25521,25521,28321,10,1
498,24213,25521,25521,28321,10,1
499,24214,25521,25521,28321,10,1
500,24219,25521,25521,28321,10,1
501,24237,25084,25084,27884,9,0
502,24249,25521,25521,28321,10,1
503,24259,25084,25084,27884,9,0
504,24260,25084,25084,27884,9,0
505,24261,25521,25521,28321,10,1
506,24265,25521,25521,28321,10,1
507,24268,25521,25521,28321,10,1
508,24272,25821,25821,28621,12,1
509,24288,25821,25821,28621,12,1
510,24295,25084,25084,27884,9,0
511,24296,25821,25821,28621,12,1
512,24310,25821,25821,28621,12,1
513,24315,25084,25084,27884,9,0
514,24316,25084,25084,27884,9,0
515,24317,25084,25084,27884,9,0
516,24323,25821,25821,28621,12,1
517,24339,25084,25084,27884,9,0
518,24339,25821,25821,28621,12,1
519,24340,25084,25084,27884,9,0
520,24344,25084,25084,27884,9,0
521,24345,25821,25821,28621,12,1
522,24349,25821,25821,28621,12,1
523,24352,25821,25821,28621,12,1
524,24353,25821,25821,28621,12,1
525,24355,25084,25084,27884,9,0
526,24360,25821,25821,28621,12,1
527,24368,25084,25084,27884,9,0
528,24375,25084,25084,27884,9,0
529,24377,25084,25084,27884,9,0
530,24378,25084,25084,27884,9,0
531,24379,25821,25821,28621,12,1
532,24382,25821,25821,28621,12,1
533,24385,25323,25323,28123,11,0
534,24386,25821,25821,28621,12,1
535,24389,25821,25821,28621,12,1
536,24396,25821,25821,28621,12,1
537,24399,25821,25821,28621,12,1
538,24418,25323,25323,28123,11,0
539,24425,25821,25821,28621,12,1
540,24426,25323,25323,28123,11,0
541,24431,25323,25323,28123,11,0
542,24443,25821,25821,28621,12,1
543,24448,25323,25323,28123,11,0
544,24448,25821,25821,28621,12,1
545,24449,25323,25323,28123,11,0
546,24457,26126,26126,28926,14,1
547,24467,26126,26126,28926,14,1
548,24476,26126,26126,28926,14,1
549,24481,25323,25323,28123,11,0
550,24494,25323,25323,28123,11,0
551,24504,25323,25323,28123,11,0
552,24508,25323,25323,28123,11,0
553,24518,26126,26126,28926,14,1
554,24523,26126,26126,28926,14,1
555,24527,25323,25323,28123,11,0
556,24535,25323,25323,28123,11,0
557,24538,26126,26126,28926,14,1
558,24545,25323,25323,28123,11,0
559,24545,26126,26126,28926,14,1
560,24555,25323,25323,28123,11,0
561,24555,26126,26126,28926,14,1
562,24563,26126,26126,28926,14,1
563,24573,26126,26126,28926,14,1
564,24576,25323,25323,28123,11,0
565,24582,25323,25323,28123,11,0
566,24582,26126,26126,28926,14,1
567,24607,25323,25323,28123,11,0
568,24613,25323,25323,28123,11,0
569,24620,26126,26126,28926,14,1
570,24623,26126,26126,28926,14,1
571,24634,25323,25323,28123,11,0
572,24636,25323,25323,28123,11,0
573,24648,26126,26126,28926,14,1
574,24672,25608,25608,28408,13,0
575,24704,25608,25608,28408,13,0
576,24705,26126,26126,28926,14,1
577,24724,26126,26126,28926,14,1
578,24728,26126,26126,28926,14,1
579,24731,25608,25608,28408,13,0
580,24731,26126,26126,28926,14,1
581,24735,25608,25608,28408,13,0
582,24742,25608,25608,28408,13,0
583,24749,25608,25608,28408,13,0
584,24749,26126,26126,28926,14,1
585,24756,26126,26126,28926,14,1
586,24774,25608,25608,28408,13,0
587,24785,26367,26367,29167,1,1
588,24787,25608,25608,28408,13,0
589,24789,25608,25608,28408,13,0
590,24796,26367,26367,29167,1,1
591,24797,26367,26367,29167,1,1
592,24801,26367,26367,29167,1,1
593,24811,25608,25608,28408,13,0
594,24814,25608,25608,28408,13,0
595,24819,26367,26367,29167,1,1
596,24820,26367,26367,29167,1,1
597,24824,25608,25608,28408,13,0
598,24830,25608,25608,28408,13,0
599,24852,25608,25608,28408,13,0
600,24857,25608,25608,28408,13,0
601,24859,26367,26367,29167,1,1
602,24875,25608,25608,28408,13,0
603,24879,26367,26367,29167,1,1
604,24888,25608,25608,28408,13,0
605,24894,25608,25608,28408,13,0
606,24898,25608,25608,28408,13,0
607,24898,26367,26367,29167,1,1
608,24899,25608,25608,28408,13,0
609,24907,26367,26367,29167,1,1
610,24918,26367,26367,29167,1,1
611,24919,26010,26010,28810,0,0
612,24931,26010,26010,28810,0,0
613,24934,26010,26010,28810,0,0
614,24937,26367,26367,29167,1,1
615,24939,26010,26010,28810,0,0
616,24944,26010,26010,28810,0,0
617,24945,26367,26367,29167,1,1
618,24948,26010,26010,28810,0,0
619,24953,26367,26367,29167,1,1
620,24954,26367,26367,29167,1,1
621,24960,26010,26010,28810,0,0
622,24971,26367,26367,29167,1,1
623,24975,26010,26010,28810,0,0
624,24978,26367,26367,29167,1,1
625,24981,26367,26367,29167,1,1
626,24983,26367,26367,29167,1,1
627,25014,26367,26367,29167,1,1
628,25016,27227,27227,30027,3,1
629,25031,26010,26010,28810,0,0
630,25032,26010,26010,28810,0,0
631,25048,26010,26010,28810,0,0
632,25049,27227,27227,30027,3,1
633,25053,26010,26010,28810,0,0
634,25063,27227,27227,30027,3,1
635,25065,26010,26010,28810,0,0
636,25075,26010,26010,28810,0,0
637,25075,27227,27227,30027,3,1
638,25076,27227,27227,30027,3,1
639,25093,27227,27227,30027,3,1
640,25098,26010,26010,28810,0,0
641,25098,27227,27227,30027,3,1
642,25110,26010,26010,28810,0,0
643,25124,27227,27227,30027,3,1
644,25131,26010,26010,28810,0,0
645,25136,27227,27227,30027,3,1
646,25144,26010,26010,28810,0,0
647,25152,26010,26010,28810,0,0
648,25158,27227,27227,30027,3,1
649,25160,27227,27227,30027,3,1
650,25164,27227,27227,30027,3,1
651,25168,26010,26010,28810,0,0
652,25174,27227,27227,30027,3,1
653,25176,27221,27221,30021,2,0
654,25187,27221,27221,30021,2,0
655,25193,27221,27221,30021,2,0
656,25196,27221,27221,30021,2,0
657,25205,27227,27227,30027,3,1
658,25206,27227,27227,30027,3,1
659,25210,27227,27227,30027,3,1
660,25215,27227,27227,30027,3,1
661,25216,27221,27221,30021,2,0
662,25219,27221,27221,30021,2,0
663,25221,27227,27227,30027,3,1
664,25222,27221,27221,30021,2,0
665,25223,27221,27221,30021,2,0
666,25225,27221,27221,30021,2,0
667,25236,27227,27227,30027,3,1
668,25238,27227,27227,30027,3,1
669,25247,27221,27221,30021,2,0
670,25248,27505,27505,30305,5,1
671,25253,27505,27505,30305,5,1
672,25255,27505,27505,30305,5,1
673,25257,27505,27505,30305,5,1
674,25265,27505,27505,30305,5,1
675,25284,27221,27221,30021,2,0
676,25285,27505,27505,30305,5,1
677,25286,27221,27221,30021,2,0
678,25291,27221,27221,30021,2,0
679,25293,27505,27505,30305,5,1
680,25295,27221,27221,30021,2,0
681,25296,27221,27221,30021,2,0
682,25298,27221,27221,30021,2,0
683,25299,27221,27221,30021,2,0
684,25303,27221,27221,30021,2,0
685,25320,27505,27505,30305,5,1
686,25323,27505,27505,30305,5,1
687,25336,27221,27221,30021,2,0
688,25340,27505,27505,30305,5,1
689,25341,27505,27505,30305,5,1
690,25354,27221,27221,30021,2,0
691,25357,27507,27507,30307,4,0
692,25364,27507,27507,30307,4,0
693,25368,27505,27505,30305,5,1
694,25378,27505,27505,30305,5,1
695,25383,27507,27507,30307,4,0
696,25392,27505,27505,30305,5,1
697,25401,27505,27505,30305,5,1
698,25407,27507,27507,30307,4,0
699,25407,27505,27505,30305,5,1
700,25422,27505,27505,30305,5,1
701,25426,27507,27507,30307,4,0
702,25434,27507,27507,30307,4,0
703,25438,27507,27507,30307,4,0
704,25443,27505,27505,30305,5,1
705,25444,27507,27507,30307,4,0
706,25452,27507,27507,30307,4,0
707,25454,27507,27507,30307,4,0
708,25456,27507,27507,30307,4,0
709,25460,27507,27507,30307,4,0
710,25465,27507,27507,30307,4,0
711,25468,27507,27507,30307,4,0
712,25480,27507,27507,30307,4,0
713,25480,27505,27505,30305,5,1
714,25489,27507,27507,30307,4,0
715,25492,27507,27507,30307,4,0
716,25504,27505,27505,30305,5,1
717,25505,27507,27507,30307,4,0
718,25507,27678,27678,30478,7,1
719,25524,27507,27507,30307,4,0
720,25530,27507,27507,30307,4,0
721,25537,27678,27678,30478,7,1
722,25541,27762,27762,30562,6,0
723,25542,27678,27678,30478,7,1
724,25543,27762,27762,30562,6,0
725,25543,27678,27678,30478,7,1
726,25548,27678,27678,30478,7,1
727,25559,27678,27678,30478,7,1
728,25565,27678,27678,30478,7,1
729,25569,27678,27678,30478,7,1
730,25573,27762,27762,30562,6,0
731,25573,27678,27678,30478,7,1
732,25574,27678,27678,30478,7,1
733,25575,27762,27762,30562,6,0
734,25578,27678,27678,30478,7,1
735,25579,27762,27762,30562,6,0
736,25580,27678,27678,30478,7,1
737,25593,27678,27678,30478,7,1
738,25594,27762,27762,30562,6,0
739,25595,27762,27762,30562,6,0
740,25597,27762,27762,30562,6,0
741,25606,27678,27678,30478,7,1
742,25619,27678,27678,30478,7,1
743,25623,27762,27762,30562,6,0
744,25629,27678,27678,30478,7,1
745,25635,27762,27762,30562,6,0
746,25647,27678,27678,30478,7,1
747,25651,27762,27762,30562,6,0
748,25652,27762,27762,30562,6,0
749,25656,27762,27762,30562,6,0
750,25659,27762,27762,30562,6,0
751,25659,27678,27678,30478,7,1
752,25663,27678,27678,30478,7,1
753,25667,27762,27762,30562,6,0
754,25668,27678,27678,30478,7,1
755,25670,27885,27885,30685,9,1
756,25680,27762,27762,30562,6,0
757,25689,27885,27885,30685,9,1
758,25699,27762,27762,30562,6,0
759,25701,27885,27885,30685,9,1
760,25708,27762,27762,30562,6,0
761,25709,27885,27885,30685,9,1
762,25711,27762,27762,30562,6,0
763,25714,27762,27762,30562,6,0
764,25721,27885,27885,30685,9,1
765,25728,28025,28025,30825,8,0
766,25735,28025,28025,30825,8,0
767,25747,28025,28025,30825,8,0
768,25756,28025,28025,30825,8,0
769,25762,28025,28025,30825,8,0
770,25764,28025,28025,30825,8,0
771,25765,28025,28025,30825,8,0
772,25767,28025,28025,30825,8,0
773,25783,27885,27885,30685,9,1
774,25786,28025,28025,30825,8,0
775,25789,27885,27885,30685,9,1
776,25792,27885,27885,30685,9,1
777,25810,28025,28025,30825,8,0
778,25836,28025,28025,30825,8,0
779,25838,27885,27885,30685,9,1
780,25843,27885,27885,30685,9,1
781,25850,28025,28025,30825,8,0
782,25859,28025,28025,30825,8,0
783,25863,27885,27885,30685,9,1
784,25865,27885,27885,30685,9,1
785,25870,27885,27885,30685,9,1
786,25881,27885,27885,30685,9,1
787,25884,28025,28025,30825,8,0
788,25894,27885,27885,30685,9,1
789,25901,27885,27885,30685,9,1
790,25905,27885,27885,30685,9,1
791,25916,28025,28025,30825,8,0
792,25923,28025,28025,30825,8,0
793,25925,27885,27885,30685,9,1
794,25932,27885,27885,30685,9,1
795,25946,28025,28025,30825,8,0
796,25950,28025,28025,30825,8,0
797,25950,27885,27885,30685,9,1
798,25958,28025,28025,30825,8,0
799,25958,28124,28124,30924,11,1
800,25961,28124,28124,30924,11,1
801,25963,28025,28025,30825,8,0
802,25963,28124,28124,30924,11,1
803,25964,28322,28322,31122,10,0
804,25977,28322,28322,31122,10,0
805,25980,28322,28322,31122,10,0
806,25996,28124,28124,30924,11,1
807,26004,28124,28124,30924,11,1
808,26016,28322,28322,31122,10,0
809,26016,28124,28124,30924,11,1
810,26026,28322,28322,31122,10,0
811,26029,28124,28124,30924,11,1
812,26058,28322,28322,31122,10,0
813,26069,28124,28124,30924,11,1
814,26073,28322,28322,31122,10,0
815,26080,28322,28322,31122,10,0
816,26080,28124,28124,30924,11,1
817,26087,28322,28322,31122,10,0
818,26088,28322,28322,31122,10,0
819,26095,28124,28124,30924,11,1
820,26098,28322,28322,31122,10,0
821,26099,28322,28322,31122,10,0
822,26099,28124,28124,30924,11,1
823,26102,28124,28124,30924,11,1
824,26111,28322,28322,31122,10,0
825,26132,28322,28322,31122,10,0
826,26155,28124,28124,30924,11,1
827,26170,28124,28124,30924,11,1
828,26173,28322,28322,31122,10,0
829,26186,28124,28124,30924,11,1
830,26188,28124,28124,30924,11,1
831,26212,28322,28322,31122,10,0
832,26217,28322,28322,31122,10,0
833,26218,28124,28124,30924,11,1
834,26220,28124,28124,30924,11,1
835,26222,28322,28322,31122,10,0
836,26231,28124,28124,30924,11,1
837,26232,28322,28322,31122,10,0
838,26241,28322,28322,31122,10,0
839,26243,28622,28622,31422,12,0
840,26243,28124,28124,30924,11,1
841,26245,28409,28409,31209,13,1
842,26256,28409,28409,31209,13,1
843,26265,28622,28622,31422,12,0
844,26271,28409,28409,31209,13,1
845,26287,28622,28622,31422,12,0
846,26298,28409,28409,31209,13,1
847,26314,28622,28622,31422,12,0
848,26321,28409,28409,31209,13,1
849,26322,28409,28409,31209,13,1
850,26327,28409,28409,31209,13,1
851,26332,28622,28622,31422,12,0
852,26334,28409,28409,31209,13,1
853,26338,28622,28622,31422,12,0
854,26339,28409,28409,31209,13,1
855,26344,28409,28409,31209,13,1
856,26365,28622,28622,31422,12,0
857,26370,28622,28622,31422,12,0
858,26377,28622,28622,31422,12,0
859,26385,28622,28622,31422,12,0
860,26386,28409,28409,31209,13,1
861,26394,28622,28622,31422,12,0
862,26404,28622,28622,31422,12,0
863,26407,28409,28409,31209,13,1
864,26408,28409,28409,31209,13,1
865,26433,28622,28622,31422,12,0
866,26450,28622,28622,31422,12,0
867,26450,28409,28409,31209,13,1
868,26456,28622,28622,31422,12,0
869,26465,28622,28622,31422,12,0
870,26471,28409,28409,31209,13,1
871,26472,28622,28622,31422,12,0
872,26495,28409,28409,31209,13,1
873,26510,28622,28622,31422,12,0
874,26512,28622,28622,31422,12,0
875,26525,28622,28622,31422,12,0
876,26530,28409,28409,31209,13,1
877,26532,28927,28927,31727,14,0
878,26541,28409,28409,31209,13,1
879,26573,28927,28927,31727,14,0
880,26573,28409,28409,31209,13,1
881,26581,28927,28927,31727,14,0
882,26595,28409,28409,31209,13,1
883,26625,28811,28811,31611,0,1
884,26635,28927,28927,31727,14,0
885,26636,28927,28927,31727,14,0
886,26638,28927,28927,31727,14,0
887,26641,28927,28927,31727,14,0
888,26648,28927,28927,31727,14,0
889,26649,28811,28811,31611,0,1
890,26651,28811,28811,31611,0,1
891,26653,28811,28811,31611,0,1
892,26654,28811,28811,31611,0,1
893,26664,28811,28811,31611,0,1
894,26673,28927,28927,31727,14,0
895,26685,28811,28811,31611,0,1
896,26695,28927,28927,31727,14,0
897,26699,28811,28811,31611,0,1
898,26701,28811,28811,31611,0,1
899,26709,28811,28811,31611,0,1
900,26711,28811,28811,31611,0,1
901,26713,28927,28927,31727,14,0
902,26719,28811,28811,31611,0,1
903,26721,28811,28811,31611,0,1
904,26732,28927,28927,31727,14,0
905,26732,28811,28811,31611,0,1
906,26733,28811,28811,31611,0,1
907,26740,28811,28811,31611,0,1
908,26751,28811,28811,31611,0,1
909,26752,28927,28927,31727,14,0
910,26759,28811,28811,31611,0,1
911,26761,28811,28811,31611,0,1
912,26770,28811,28811,31611,0,1
913,26771,30022,30022,32653,2,1
914,26774,30022,30022,32653,2,1
915,26787,28927,28927,31727,14,0
916,26819,28927,28927,31727,14,0
917,26826,30022,30022,32653,2,1
918,26827,28927,28927,31727,14,0
919,26829,30022,30022,32653,2,1
920,26838,28927,28927,31727,14,0
921,26847,30022,30022,32653,2,1
922,26853,28927,28927,31727,14,0
923,26866,30022,30022,32653,2,1
924,26873,30022,30022,32653,2,1
925,26874,30022,30022,32653,2,1
926,26876,30022,30022,32653,2,1
927,26881,28927,28927,31727,14,0
928,26883,30022,30022,32653,2,1
929,26886,28927,28927,31727,14,0
930,26920,29168,29168,31968,1,0
931,26927,29168,29168,31968,1,0
932,26935,29168,29168,31968,1,0
933,26948,29168,29168,31968,1,0
934,26963,29168,29168,31968,1,0
935,26966,30022,30022,32653,2,1
936,26974,30022,30022,32653,2,1
937,26979,29168,29168,31968,1,0
938,26981,29168,29168,31968,1,0
939,26983,29168,29168,31968,1,0
940,26987,29168,29168,31968,1,0
941,26987,30022,30022,32653,2,1
942,26992,30022,30022,32653,2,1
943,26994,30022,30022,32653,2,1
944,26996,30022,30022,32653,2,1
945,26997,30022,30022,32653,2,1
946,27000,30022,30022,32653,2,1
947,27002,30022,30022,32653,2,1
948,27006,29168,29168,31968,1,0
949,27010,30022,30022,32653,2,1
950,27011,29168,29168,31968,1,0
951,27013,29168,29168,31968,1,0
952,27023,29168,29168,31968,1,0
953,27025,29168,29168,31968,1,0
954,27056,29168,29168,31968,1,0
955,27057,29168,29168,31968,1,0
956,27062,29168,29168,31968,1,0
957,27064,30308,30308,32824,4,1
958,27069,29168,29168,31968,1,0
959,27073,30308,30308,32824,4,1
960,27077,29168,29168,31968,1,0
961,27079,30308,30308,32824,4,1
962,27088,30308,30308,32824,4,1
963,27094,30308,30308,32824,4,1
964,27105,30308,30308,32824,4,1
965,27107,29168,29168,31968,1,0
966,27108,30308,30308,32824,4,1
967,27113,30028,30028,32656,3,0
968,27114,30028,30028,32656,3,0
969,27118,30308,30308,32824,4,1
970,27120,30308,30308,32824,4,1
971,27128,30028,30028,32656,3,0
972,27136,30308,30308,32824,4,1
973,27137,30028,30028,32656,3,0
974,27138,30308,30308,32824,4,1
975,27143,30308,30308,32824,4,1
976,27144,30308,30308,32824,4,1
977,27159,30028,30028,32656,3,0
978,27162,30308,30308,32824,4,1
979,27165,30308,30308,32824,4,1
980,27174,30308,30308,32824,4,1
981,27182,30028,30028,32656,3,0
982,27185,30028,30028,32656,3,0
983,27190,30028,30028,32656,3,0
984,27192,30028,30028,32656,3,0
985,27193,30028,30028,32656,3,0
986,27195,30028,30028,32656,3,0
987,27199,30308,30308,32824,4,1
988,27207,30028,30028,32656,3,0
989,27210,30308,30308,32824,4,1
990,27211,30028,30028,32656,3,0
991,27217,30028,30028,32656,3,0
992,27219,30028,30028,32656,3,0
993,27220,30308,30308,32824,4,1
994,27225,30028,30028,32656,3,0
995,27229,30308,30308,32824,4,1
996,27230,30028,30028,32656,3,0
997,27232,30028,30028,32656,3,0
998,27240,30563,30563,32977,6,1
999,27248,30028,30028,32656,3,0
1000,27251,30028,30028,32656,3,0
1001,27251,30563,30563,32977,6,1
1002,27252,30563,30563,32977,6,1
1003,27261,30563,30563,32977,6,1
1004,27267,30563,30563,32977,6,1
1005,27273,30563,30563,32977,6,1
1006,27284,30563,30563,32977,6,1
1007,27300,30563,30563,32977,6,1
1008,27310,30563,30563,32977,6,1
1009,27313,30563,30563,32977,6,1
1010,27318,30563,30563,32977,6,1
1011,27319,30306,30306,32823,5,0
1012,27319,30563,30563,32977,6,1
1013,27326,30563,30563,32977,6,1
1014,27340,30563,30563,32977,6,1
1015,27345,30563,30563,32977,6,1
1016,27369,30306,30306,32823,5,0
1017,27374,30306,30306,32823,5,0
1018,27375,30306,30306,32823,5,0
1019,27376,30563,30563,32977,6,1
1020,27377,30563,30563,32977,6,1
1021,27378,30306,30306,32823,5,0
1022,27391,30306,30306,32823,5,0
1023,27397,30563,30563,32977,6,1
1024,27399,30306,30306,32823,5,0
1025,27399,30563,30563,32977,6,1
1026,27409,30563,30563,32977,6,1
1027,27411,30306,30306,32823,5,0
1028,27413,30826,30826,33135,8,1
1029,27421,30826,30826,33135,8,1
1030,27431,30306,30306,32823,5,0
1031,27432,30826,30826,33135,8,1
1032,27445,30826,30826,33135,8,1
1033,27447,30306,30306,32823,5,0
1034,27450,30306,30306,32823,5,0
1035,27456,30826,30826,33135,8,1
1036,27461,30826,30826,33135,8,1
1037,27463,30306,30306,32823,5,0
1038,27465,30306,30306,32823,5,0
1039,27465,30826,30826,33135,8,1
1040,27469,30306,30306,32823,5,0
1041,27471,30826,30826,33135,8,1
1042,27477,30306,30306,32823,5,0
1043,27480,30306,30306,32823,5,0
1044,27483,30306,30306,32823,5,0
1045,27484,30826,30826,33135,8,1
1046,27487,30306,30306,32823,5,0
1047,27504,30306,30306,32823,5,0
1048,27520,30306,30306,32823,5,0
1049,27529,30479,30479,32927,7,0
1050,27538,30826,30826,33135,8,1
1051,27539,30479,30479,32927,7,0
1052,27549,30826,30826,33135,8,1
1053,27551,30479,30479,32927,7,0
1054,27556,30479,30479,32927,7,0
1055,27557,30826,30826,33135,8,1
1056,27564,30479,30479,32927,7,0
1057,27576,30479,30479,32927,7,0
1058,27577,30479,30479,32927,7,0
1059,27578,30479,30479,32927,7,0
1060,27587,30479,30479,32927,7,0
1061,27589,30479,30479,32927,7,0
1062,27590,30479,30479,32927,7,0
1063,27597,30479,30479,32927,7,0
1064,27600,30479,30479,32927,7,0
1065,27601,30479,30479,32927,7,0
1066,27604,30826,30826,33135,8,1
1067,27605,30826,30826,33135,8,1
1068,27617,30479,30479,32927,7,0
1069,27623,30826,30826,33135,8,1
1070,27625,30479,30479,32927,7,0
1071,27635,30826,30826,33135,8,1
1072,27638,30826,30826,33135,8,1
1073,27639,30826,30826,33135,8,1
1074,27643,30826,30826,33135,8,1
1075,27645,30826,30826,33135,8,1
1076,27648,31123,31123,33313,10,1
1077,27650,31123,31123,33313,10,1
1078,27651,31123,31123,33313,10,1
1079,27652,30479,30479,32927,7,0
1080,27653,30479,30479,32927,7,0
1081,27653,31123,31123,33313,10,1
1082,27654,30479,30479,32927,7,0
1083,27654,31123,31123,33313,10,1
1084,27664,31123,31123,33313,10,1
1085,27679,31123,31123,33313,10,1
1086,27699,30479,30479,32927,7,0
1087,27705,30686,30686,33051,9,0
1088,27705,31123,31123,33313,10,1
1089,27716,30686,30686,33051,9,0
1090,27717,30686,30686,33051,9,0
1091,27723,31123,31123,33313,10,1
1092,27724,31123,31123,33313,10,1
1093,27730,30686,30686,33051,9,0
1094,27736,30686,30686,33051,9,0
1095,27740,30686,30686,33051,9,0
1096,27753,30686,30686,33051,9,0
1097,27758,31123,31123,33313,10,1
1098,27761,31123,31123,33313,10,1
1099,27763,30686,30686,33051,9,0
1100,27764,30686,30686,33051,9,0
1101,27776,30686,30686,33051,9,0
1102,27777,30686,30686,33051,9,0
1103,27778,31123,31123,33313,10,1
1104,27780,31123,31123,33313,10,1
1105,27781,31123,31123,33313,10,1
1106,27783,31123,31123,33313,10,1
1107,27798,31123,31123,33313,10,1
1108,27799,30686,30686,33051,9,0
1109,27799,31123,31123,33313,10,1
1110,27800,30686,30686,33051,9,0
1111,27800,31123,31123,33313,10,1
1112,27802,30686,30686,33051,9,0
1113,27805,31123,31123,33313,10,1
1114,27815,30686,30686,33051,9,0
1115,27818,31423,31423,33493,12,1
1116,27831,31423,31423,33493,12,1
1117,27832,30686,30686,33051,9,0
1118,27832,31423,31423,33493,12,1
1119,27836,31423,31423,33493,12,1
1120,27840,31423,31423,33493,12,1
1121,27866,31423,31423,33493,12,1
1122,27875,31423,31423,33493,12,1
1123,27876,30686,30686,33051,9,0
1124,27876,31423,31423,33493,12,1
1125,27877,31423,31423,33493,12,1
1126,27883,31423,31423,33493,12,1
1127,27889,31423,31423,33493,12,1
1128,27892,30686,30686,33051,9,0
1129,27895,31423,31423,33493,12,1
1130,27913,31423,31423,33493,12,1
1131,27916,30686,30686,33051,9,0
1132,27930,30686,30686,33051,9,0
1133,27933,31423,31423,33493,12,1
1134,27936,31423,31423,33493,12,1
1135,27942,30925,30925,33195,11,0
1136,27947,31423,31423,33493,12,1
1137,27957,31423,31423,33493,12,1
1138,27959,31423,31423,33493,12,1
1139,27969,31423,31423,33493,12,1
1140,27974,31423,31423,33493,12,1
1141,27990,31728,31728,33676,14,1
1142,27992,31728,31728,33676,14,1
1143,27993,30925,30925,33195,11,0
1144,28004,30925,30925,33195,11,0
1145,28006,30925,30925,33195,11,0
1146,28018,30925,30925,33195,11,0
1147,28021,31728,31728,33676,14,1
1148,28022,30925,30925,33195,11,0
1149,28022,31728,31728,33676,14,1
1150,28028,31728,31728,33676,14,1
1151,28041,30925,30925,33195,11,0
1152,28042,30925,30925,33195,11,0
1153,28043,30925,30925,33195,11,0
1154,28045,31728,31728,33676,14,1
1155,28051,31728,31728,33676,14,1
1156,28055,31728,31728,33676,14,1
1157,28059,31728,31728,33676,14,1
1158,28063,30925,30925,33195,11,0
1159,28064,30925,30925,33195,11,0
1160,28074,30925,30925,33195,11,0
1161,28082,31728,31728,33676,14,1
1162,28084,30925,30925,33195,11,0
1163,28087,30925,30925,33195,11,0
1164,28092,31728,31728,33676,14,1
1165,28100,31728,31728,33676,14,1
1166,28101,30925,30925,33195,11,0
1167,28103,31728,31728,33676,14,1
1168,28112,30925,30925,33195,11,0
1169,28122,31728,31728,33676,14,1
1170,28126,31728,31728,33676,14,1
1171,28129,30925,30925,33195,11,0
1172,28139,30925,30925,33195,11,0
1173,28142,31728,31728,33676,14,1
1174,28153,30925,30925,33195,11,0
1175,28156,31728,31728,33676,14,1
1176,28170,30925,30925,33195,11,0
1177,28171,31210,31210,33366,13,0
1178,28171,31728,31728,33676,14,1
1179,28173,31210,31210,33366,13,0
1180,28188,31728,31728,33676,14,1
1181,28191,31728,31728,33676,14,1
1182,28196,31969,31969,33821,1,1
1183,28198,31210,31210,33366,13,0
1184,28200,31969,31969,33821,1,1
1185,28202,31969,31969,33821,1,1
1186,28207,31210,31210,33366,13,0
1187,28209,31969,31969,33821,1,1
1188,28210,31969,31969,33821,1,1
1189,28211,31969,31969,33821,1,1
1190,28212,31210,31210,33366,13,0
1191,28229,31969,31969,33821,1,1
1192,28230,31210,31210,33366,13,0
1193,28234,31210,31210,33366,13,0
1194,28234,31969,31969,33821,1,1
1195,28237,31969,31969,33821,1,1
1196,28244,31210,31210,33366,13,0
1197,28247,31210,31210,33366,13,0
1198,28249,31210,31210,33366,13,0
1199,28249,31969,31969,33821,1,1
1200,28250,31969,31969,33821,1,1
1201,28256,31969,31969,33821,1,1
1202,28258,31210,31210,33366,13,0
1203,28261,31210,31210,33366,13,0
1204,28274,31969,31969,33821,1,1
1205,28276,31210,31210,33366,13,0
1206,28281,31210,31210,33366,13,0
1207,28282,31969,31969,33821,1,1
1208,28284,31969,31969,33821,1,1
1209,28288,31210,31210,33366,13,0
1210,28296,31969,31969,33821,1,1
1211,28298,31210,31210,33366,13,0
1212,28299,31210,31210,33366,13,0
1213,28301,31969,31969,33821,1,1
1214,28304,31210,31210,33366,13,0
1215,28311,31210,31210,33366,13,0
1216,28311,31969,31969,33821,1,1
1217,28312,31969,31969,33821,1,1
1218,28317,31969,31969,33821,1,1
1219,28324,32657,32657,34337,3,1
1220,28329,32657,32657,34337,3,1
1221,28337,32657,32657,34337,3,1
1222,28356,31210,31210,33366,13,0
1223,28373,32657,32657,34337,3,1
1224,28388,31612,31612,33607,0,0
1225,28396,32657,32657,34337,3,1
1226,28406,32657,32657,34337,3,1
1227,28409,31612,31612,33607,0,0
1228,28410,31612,31612,33607,0,0
1229,28413,32657,32657,34337,3,1
1230,28415,31612,31612,33607,0,0
1231,28418,32657,32657,34337,3,1
1232,28422,32657,32657,34337,3,1
1233,28423,31612,31612,33607,0,0
1234,28428,31612,31612,33607,0,0
1235,28445,32657,32657,34337,3,1
1236,28448,31612,31612,33607,0,0
1237,28451,31612,31612,33607,0,0
1238,28452,31612,31612,33607,0,0
1239,28453,31612,31612,33607,0,0
1240,28458,31612,31612,33607,0,0
1241,28460,32657,32657,34337,3,1
1242,28462,31612,31612,33607,0,0
1243,28487,31612,31612,33607,0,0
1244,28490,31612,31612,33607,0,0
1245,28494,32657,32657,34337,3,1
1246,28504,31612,31612,33607,0,0
1247,28510,31612,31612,33607,0,0
1248,28512,31612,31612,33607,0,0
1249,28518,31612,31612,33607,0,0
1250,28526,31612,31612,33607,0,0
1251,28527,32657,32657,34337,3,1
1252,28530,31612,31612,33607,0,0
1253,28533,32657,32657,34337,3,1
1254,28534,32657,32657,34337,3,1
1255,28539,32654,32654,34334,2,0
1256,28544,32654,32654,34334,2,0
1257,28548,32657,32657,34337,3,1
1258,28554,32657,32657,34337,3,1
1259,28555,32657,32657,34337,3,1
1260,28556,32654,32654,34334,2,0
1261,28557,32657,32657,34337,3,1
1262,28565,32657,32657,34337,3,1
1263,28581,32824,32824,34504,5,1
1264,28584,32824,32824,34504,5,1
1265,28589,32654,32654,34334,2,0
1266,28592,32654,32654,34334,2,0
1267,28615,32824,32824,34504,5,1
1268,28616,32654,32654,34334,2,0
1269,28620,32654,32654,34334,2,0
1270,28630,32824,32824,34504,5,1
1271,28632,32654,32654,34334,2,0
1272,28632,32824,32824,34504,5,1
1273,28641,32654,32654,34334,2,0
1274,28648,32654,32654,34334,2,0
1275,28648,32824,32824,34504,5,1
1276,28665,32824,32824,34504,5,1
1277,28680,32824,32824,34504,5,1
1278,28681,32654,32654,34334,2,0
1279,28682,32824,32824,34504,5,1
1280,28689,32654,32654,34334,2,0
1281,28692,32824,32824,34504,5,1
1282,28701,32654,32654,34334,2,0
1283,28711,32654,32654,34334,2,0
1284,28715,32824,32824,34504,5,1
1285,28725,32654,32654,34334,2,0
1286,28726,32654,32654,34334,2,0
1287,28728,32654,32654,34334,2,0
1288,28729,32654,32654,34334,2,0
1289,28748,32824,32824,34504,5,1
1290,28752,32824,32824,34504,5,1
1291,28755,32654,32654,34334,2,0
1292,28756,32824,32824,34504,5,1
1293,28763,32824,32824,34504,5,1
1294,28765,32824,32824,34504,5,1
1295,28768,32824,32824,34504,5,1
1296,28791,32654,32654,34334,2,0
1297,28797,32824,32824,34504,5,1
1298,28798,32824,32824,34504,5,1
1299,28806,32825,32825,34505,4,0
1300,28827,32825,32825,34505,4,0
1301,28836,32825,32825,34505,4,0
1302,28838,32825,32825,34505,4,0
1303,28843,32825,32825,34505,4,0
1304,28849,32824,32824,34504,5,1
1305,28854,32928,32928,34608,7,1
1306,28867,32825,32825,34505,4,0
1307,28875,32825,32825,34505,4,0
1308,28876,32928,32928,34608,7,1
1309,28879,32825,32825,34505,4,0
1310,28904,32825,32825,34505,4,0
1311,28904,32928,32928,34608,7,1
1312,28906,32928,32928,34608,7,1
1313,28915,32928,32928,34608,7,1
1314,28923,32825,32825,34505,4,0
1315,28925,32825,32825,34505,4,0
1316,28927,32928,32928,34608,7,1
1317,28933,32928,32928,34608,7,1
1318,28942,32928,32928,34608,7,1
1319,28950,32928,32928,34608,7,1
1320,28962,32825,32825,34505,4,0
1321,28964,32825,32825,34505,4,0
1322,28971,32928,32928,34608,7,1
1323,28978,32825,32825,34505,4,0
1324,28978,32928,32928,34608,7,1
1325,28984,32825,32825,34505,4,0
1326,28984,32928,32928,34608,7,1
1327,28992,32928,32928,34608,7,1
1328,29023,32928,32928,34608,7,1
1329,29038,32928,32928,34608,7,1
1330,29043,32825,32825,34505,4,0
1331,29047,32825,32825,34505,4,0
1332,29057,32928,32928,34608,7,1
1333,29074,32928,32928,34608,7,1
1334,29077,32825,32825,34505,4,0
1335,29079,32825,32825,34505,4,0
1336,29087,32928,32928,34608,7,1
1337,29088,32825,32825,34505,4,0
1338,29092,32978,32978,34658,6,0
1339,29094,32978,32978,34658,6,0
1340,29117,32928,32928,34608,7,1
1341,29126,32978,32978,34658,6,0
1342,29140,32978,32978,34658,6,0
1343,29141,32978,32978,34658,6,0
1344,29149,32928,32928,34608,7,1
1345,29156,33052,33052,34732,9,1
1346,29174,33052,33052,34732,9,1
1347,29175,32978,32978,34658,6,0
1348,29175,33052,33052,34732,9,1
1349,29183,32978,32978,34658,6,0
1350,29184,32978,32978,34658,6,0
1351,29187,32978,32978,34658,6,0
1352,29191,32978,32978,34658,6,0
1353,29197,33052,33052,34732,9,1
1354,29203,33052,33052,34732,9,1
1355,29228,33052,33052,34732,9,1
1356,29230,32978,32978,34658,6,0
1357,29242,33052,33052,34732,9,1
1358,29248,32978,32978,34658,6,0
1359,29253,33052,33052,34732,9,1
1360,29258,32978,32978,34658,6,0
1361,29267,32978,32978,34658,6,0
1362,29269,33052,33052,34732,9,1
1363,29271,32978,32978,34658,6,0
1364,29271,33052,33052,34732,9,1
1365,29273,32978,32978,34658,6,0
1366,29276,33052,33052,34732,9,1
1367,29278,33052,33052,34732,9,1
1368,29285,32978,32978,34658,6,0
1369,29300,32978,32978,34658,6,0
1370,29309,33052,33052,34732,9,1
1371,29328,32978,32978,34658,6,0
1372,29343,32978,32978,34658,6,0
1373,29360,33136,33136,34816,8,0
1374,29360,33052,33052,34732,9,1
1375,29362,33136,33136,34816,8,0
1376,29392,33136,33136,34816,8,0
1377,29393,33136,33136,34816,8,0
1378,29396,33136,33136,34816,8,0
1379,29398,33052,33052,34732,9,1
1380,29399,33136,33136,34816,8,0
1381,29404,33136,33136,34816,8,0
1382,29412,33136,33136,34816,8,0
1383,29416,33136,33136,34816,8,0
1384,29421,33136,33136,34816,8,0
1385,29424,33052,33052,34732,9,1
1386,29432,33052,33052,34732,9,1
1387,29448,33052,33052,34732,9,1
1388,29451,33052,33052,34732,9,1
1389,29457,33052,33052,34732,9,1
1390,29464,33136,33136,34816,8,0
1391,29466,33136,33136,34816,8,0
1392,29468,33196,33196,34876,11,1
1393,29477,33196,33196,34876,11,1
1394,29486,33136,33136,34816,8,0
1395,29487,33136,33136,34816,8,0
1396,29490,33136,33136,34816,8,0
1397,29494,33136,33136,34816,8,0
1398,29496,33136,33136,34816,8,0
1399,29501,33196,33196,34876,11,1
1400,29512,33196,33196,34876,11,1
1401,29513,33136,33136,34816,8,0
1402,29518,33196,33196,34876,11,1
1403,29530,33196,33196,34876,11,1
1404,29532,33136,33136,34816,8,0
1405,29535,33136,33136,34816,8,0
1406,29550,33314,33314,34994,10,0
1407,29568,33314,33314,34994,10,0
1408,29572,33314,33314,34994,10,0
1409,29573,33196,33196,34876,11,1
1410,29578,33314,33314,34994,10,0
1411,29580,33314,33314,34994,10,0
1412,29585,33196,33196,34876,11,1
1413,29586,33314,33314,34994,10,0
1414,29598,33196,33196,34876,11,1
1415,29610,33314,33314,34994,10,0
1416,29614,33196,33196,34876,11,1
1417,29618,33196,33196,34876,11,1
1418,29621,33314,33314,34994,10,0
1419,29627,33196,33196,34876,11,1
1420,29640,33314,33314,34994,10,0
1421,29647,33196,33196,34876,11,1
1422,29655,33314,33314,34994,10,0
1423,29656,33196,33196,34876,11,1
1424,29662,33196,33196,34876,11,1
1425,29663,33196,33196,34876,11,1
1426,29672,33196,33196,34876,11,1
1427,29674,33314,33314,34994,10,0
1428,29685,33314,33314,34994,10,0
1429,29691,33314,33314,34994,10,0
1430,29698,33314,33314,34994,10,0
1431,29699,33196,33196,34876,11,1
1432,29703,33314,33314,34994,10,0
1433,29725,33314,33314,34994,10,0
1434,29746,33314,33314,34994,10,0
1435,29757,33196,33196,34876,11,1
1436,29762,33314,33314,34994,10,0
1437,29788,33314,33314,34994,10,0
1438,29788,33196,33196,34876,11,1
1439,29796,33314,33314,34994,10,0
1440,29802,33494,33494,35174,12,0
1441,29806,33494,33494,35174,12,0
1442,29821,33494,33494,35174,12,0
1443,29822,33494,33494,35174,12,0
1444,29822,33367,33367,35047,13,1
1445,29826,33494,33494,35174,12,0
1446,29829,33494,33494,35174,12,0
1447,29830,33367,33367,35047,13,1
1448,29854,33367,33367,35047,13,1
1449,29869,33494,33494,35174,12,0
1450,29878,33494,33494,35174,12,0
1451,29882,33367,33367,35047,13,1
1452,29888,33367,33367,35047,13,1
1453,29896,33367,33367,35047,13,1
1454,29899,33494,33494,35174,12,0
1455,29901,33367,33367,35047,13,1
1456,29916,33494,33494,35174,12,0
1457,29927,33367,33367,35047,13,1
1458,29928,33367,33367,35047,13,1
1459,29934,33367,33367,35047,13,1
1460,29936,33494,33494,35174,12,0
1461,29939,33494,33494,35174,12,0
1462,29940,33494,33494,35174,12,0
1463,29941,33494,33494,35174,12,0
1464,29942,33367,33367,35047,13,1
1465,29949,33494,33494,35174,12,0
1466,29951,33494,33494,35174,12,0
1467,29953,33494,33494,35174,12,0
1468,29956,33494,33494,35174,12,0
1469,29956,33367,33367,35047,13,1
1470,29961,33367,33367,35047,13,1
1471,29967,33367,33367,35047,13,1
1472,29969,33494,33494,35174,12,0
1473,29972,33494,33494,35174,12,0
1474,29974,33367,33367,35047,13,1
1475,29977,33367,33367,35047,13,1
1476,29981,33367,33367,35047,13,1
1477,29991,33677,33677,35357,14,0
1478,29994,33367,33367,35047,13,1
1479,29996,33367,33367,35047,13,1
1480,30000,33677,33677,35357,14,0
1481,30004,33677,33677,35357,14,0
1482,30017,33677,33677,35357,14,0
1483,30023,33367,33367,35047,13,1
1484,30030,33608,33608,35288,0,1
1485,30036,33677,33677,35357,14,0
1486,30039,33608,33608,35288,0,1
1487,30040,33608,33608,35288,0,1
1488,30042,33677,33677,35357,14,0
1489,30045,33677,33677,35357,14,0
1490,30051,33608,33608,35288,0,1
1491,30055,33608,33608,35288,0,1
1492,30057,33608,33608,35288,0,1
1493,30058,33677,33677,35357,14,0
1494,30061,33677,33677,35357,14,0
1495,30062,33608,33608,35288,0,1
1496,30064,33677,33677,35357,14,0
1497,30065,33608,33608,35288,0,1
1498,30068,33608,33608,35288,0,1
1499,30071,33608,33608,35288,0,1
1500,30074,33608,33608,35288,0,1
1501,30096,33677,33677,35357,14,0
1502,30099,33608,33608,35288,0,1
1503,30107,33677,33677,35357,14,0
1504,30125,33677,33677,35357,14,0
1505,30132,33677,33677,35357,14,0
1506,30136,33608,33608,35288,0,1
1507,30145,33608,33608,35288,0,1
1508,30156,33677,33677,35357,14,0
1509,30169,33608,33608,35288,0,1
1510,30172,33608,33608,35288,0,1
1511,30187,33608,33608,35288,0,1
1512,30194,33608,33608,35288,0,1
1513,30196,33608,33608,35288,0,1
1514,30211,33677,33677,35357,14,0
1515,30220,33677,33677,35357,14,0
1516,30226,33677,33677,35357,14,0
1517,30227,33608,33608,35288,0,1
1518,30230,34335,34335,36015,2,1
1519,30238,33677,33677,35357,14,0
1520,30241,33677,33677,35357,14,0
1521,30241,34335,34335,36015,2,1
1522,30246,33822,33822,35502,1,0
1523,30269,34335,34335,36015,2,1
1524,30287,33822,33822,35502,1,0
1525,30295,34335,34335,36015,2,1
1526,30298,33822,33822,35502,1,0
1527,30304,33822,33822,35502,1,0
1528,30307,33822,33822,35502,1,0
1529,30312,33822,33822,35502,1,0
1530,30314,34335,34335,36015,2,1
1531,30327,34335,34335,36015,2,1
1532,30330,33822,33822,35502,1,0
1533,30330,34335,34335,36015,2,1
1534,30334,33822,33822,35502,1,0
1535,30336,34335,34335,36015,2,1
1536,30339,34335,34335,36015,2,1
1537,30344,33822,33822,35502,1,0
1538,30345,33822,33822,35502,1,0
1539,30351,33822,33822,35502,1,0
1540,30366,34335,34335,36015,2,1
1541,30372,34335,34335,36015,2,1
1542,30383,34335,34335,36015,2,1
1543,30388,34335,34335,36015,2,1
1544,30391,33822,33822,35502,1,0
1545,30394,33822,33822,35502,1,0
1546,30400,33822,33822,35502,1,0
1547,30401,34335,34335,36015,2,1
1548,30412,33822,33822,35502,1,0
1549,30413,33822,33822,35502,1,0
1550,30416,33822,33822,35502,1,0
1551,30417,34335,34335,36015,2,1
1552,30420,34335,34335,36015,2,1
1553,30421,33822,33822,35502,1,0
1554,30430,34335,34335,36015,2,1
1555,30432,34335,34335,36015,2,1
1556,30434,34335,34335,36015,2,1
1557,30436,34335,34335,36015,2,1
1558,30439,34506,34506,36186,4,1
1559,30440,33822,33822,35502,1,0
1560,30444,34506,34506,36186,4,1
1561,30445,34506,34506,36186,4,1
1562,30446,34506,34506,36186,4,1
1563,30454,33822,33822,35502,1,0
1564,30461,34506,34506,36186,4,1
1565,30463,34338,34338,36018,3,0
1566,30466,34338,34338,36018,3,0
1567,30469,34506,34506,36186,4,1
1568,30476,34338,34338,36018,3,0
1569,30478,34506,34506,36186,4,1
1570,30483,34506,34506,36186,4,1
1571,30484,34506,34506,36186,4,1
1572,30491,34506,34506,36186,4,1
1573,30492,34506,34506,36186,4,1
1574,30500,34506,34506,36186,4,1
1575,30504,34506,34506,36186,4,1
1576,30505,34338,34338,36018,3,0
1577,30508,34338,34338,36018,3,0
1578,30520,34506,34506,36186,4,1
1579,30525,34338,34338,36018,3,0
1580,30525,34506,34506,36186,4,1
1581,30527,34338,34338,36018,3,0
1582,30536,34338,34338,36018,3,0
1583,30541,34338,34338,36018,3,0
1584,30543,34338,34338,36018,3,0
1585,30543,34506,34506,36186,4,1
1586,30545,34338,34338,36018,3,0
1587,30547,34338,34338,36018,3,0
1588,30548,34338,34338,36018,3,0
1589,30549,34338,34338,36018,3,0
1590,30551,34338,34338,36018,3,0
1591,30551,34506,34506,36186,4,1
1592,30561,34506,34506,36186,4,1
1593,30565,34338,34338,36018,3,0
1594,30588,34506,34506,36186,4,1
1595,30590,34338,34338,36018,3,0
1596,30594,34338,34338,36018,3,0
1597,30605,34338,34338,36018,3,0
1598,30619,34506,34506,36186,4,1
1599,30625,34659,34659,36339,6,1
1600,30630,34338,34338,36018,3,0
1601,30636,34505,34505,36185,5,0
1602,30647,34505,34505,36185,5,0
1603,30652,34659,34659,36339,6,1
1604,30659,34505,34505,36185,5,0
1605,30659,34659,34659,36339,6,1
1606,30660,34659,34659,36339,6,1
1607,30666,34505,34505,36185,5,0
1608,30673,34659,34659,36339,6,1
1609,30677,34505,34505,36185,5,0
1610,30702,34659,34659,36339,6,1
1611,30709,34505,34505,36185,5,0
1612,30710,34659,34659,36339,6,1
1613,30714,34659,34659,36339,6,1
1614,30721,34505,34505,36185,5,0
1615,30724,34659,34659,36339,6,1
1616,30737,34505,34505,36185,5,0
1617,30740,34659,34659,36339,6,1
1618,30744,34659,34659,36339,6,1
1619,30745,34659,34659,36339,6,1
1620,30752,34505,34505,36185,5,0
1621,30753,34505,34505,36185,5,0
1622,30755,34659,34659,36339,6,1
1623,30760,34659,34659,36339,6,1
1624,30761,34659,34659,36339,6,1
1625,30764,34659,34659,36339,6,1
1626,30768,34659,34659,36339,6,1
1627,30779,34659,34659,36339,6,1
1628,30784,34659,34659,36339,6,1
1629,30788,34659,34659,36339,6,1
1630,30801,34505,34505,36185,5,0
1631,30809,34817,34817,36497,8,1
1632,30811,34817,34817,36497,8,1
1633,30816,34817,34817,36497,8,1
1634,30824,34817,34817,36497,8,1
1635,30828,34817,34817,36497,8,1
1636,30834,34505,34505,36185,5,0
1637,30839,34505,34505,36185,5,0
1638,30860,34817,34817,36497,8,1
1639,30867,34817,34817,36497,8,1
1640,30868,34817,34817,36497,8,1
1641,30873,34817,34817,36497,8,1
1642,30876,34817,34817,36497,8,1
1643,30878,34817,34817,36497,8,1
1644,30886,34505,34505,36185,5,0
1645,30890,34505,34505,36185,5,0
1646,30895,34505,34505,36185,5,0
1647,30908,34817,34817,36497,8,1
1648,30922,34817,34817,36497,8,1
1649,30924,34505,34505,36185,5,0
1650,30924,34817,34817,36497,8,1
1651,30928,34817,34817,36497,8,1
1652,30940,34817,34817,36497,8,1
1653,30963,34817,34817,36497,8,1
1654,30965,34817,34817,36497,8,1
1655,30976,34505,34505,36185,5,0
1656,30976,34817,34817,36497,8,1
1657,30985,34505,34505,36185,5,0
1658,30989,34817,34817,36497,8,1
1659,30990,34995,34995,36675,10,1
1660,30995,34995,34995,36675,10,1
1661,30999,34505,34505,36185,5,0
1662,31010,34609,34609,36289,7,0
1663,31012,34609,34609,36289,7,0
1664,31017,34609,34609,36289,7,0
1665,31018,34609,34609,36289,7,0
1666,31035,34609,34609,36289,7,0
1667,31038,34609,34609,36289,7,0
1668,31049,34609,34609,36289,7,0
1669,31050,34609,34609,36289,7,0
1670,31068,34995,34995,36675,10,1
1671,31078,34995,34995,36675,10,1
1672,31087,34609,34609,36289,7,0
1673,31100,34995,34995,36675,10,1
1674,31101,34995,34995,36675,10,1
1675,31109,34609,34609,36289,7,0
1676,31111,34995,34995,36675,10,1
1677,31119,34995,34995,36675,10,1
1678,31120,34995,34995,36675,10,1
1679,31136,34609,34609,36289,7,0
1680,31139,34609,34609,36289,7,0
1681,31140,34609,34609,36289,7,0
1682,31140,34995,34995,36675,10,1
1683,31142,34609,34609,36289,7,0
1684,31144,34995,34995,36675,10,1
1685,31152,34609,34609,36289,7,0
1686,31154,34609,34609,36289,7,0
1687,31163,34995,34995,36675,10,1
1688,31169,34609,34609,36289,7,0
1689,31173,34609,34609,36289,7,0
1690,31177,34609,34609,36289,7,0
1691,31179,34995,34995,36675,10,1
1692,31190,34609,34609,36289,7,0
1693,31197,34733,34733,36413,9,0
1694,31201,34995,34995,36675,10,1
1695,31202,34733,34733,36413,9,0
1696,31204,34733,34733,36413,9,0
1697,31205,34995,34995,36675,10,1
1698,31206,34733,34733,36413,9,0
1699,31209,34733,34733,36413,9,0
1700,31212,34995,34995,36675,10,1
1701,31222,34995,34995,36675,10,1
1702,31229,34733,34733,36413,9,0
1703,31233,34995,34995,36675,10,1
1704,31235,34733,34733,36413,9,0
1705,31249,34995,34995,36675,10,1
1706,31256,34995,34995,36675,10,1
1707,31257,35175,35175,36855,12,1
1708,31259,34733,34733,36413,9,0
1709,31259,35175,35175,36855,12,1
1710,31264,34733,34733,36413,9,0
1711,31265,34733,34733,36413,9,0
1712,31267,34733,34733,36413,9,0
1713,31273,34733,34733,36413,9,0
1714,31280,35175,35175,36855,12,1
1715,31301,35175,35175,36855,12,1
1716,31304,35175,35175,36855,12,1
1717,31323,35175,35175,36855,12,1
1718,31332,34733,34733,36413,9,0
1719,31338,35175,35175,36855,12,1
1720,31340,35175,35175,36855,12,1
1721,31343,34733,34733,36413,9,0
1722,31346,35175,35175,36855,12,1
1723,31350,34733,34733,36413,9,0
1724,31379,35175,35175,36855,12,1
1725,31381,35175,35175,36855,12,1
1726,31407,34733,34733,36413,9,0
1727,31412,34733,34733,36413,9,0
1728,31413,34733,34733,36413,9,0
1729,31419,34733,34733,36413,9,0
1730,31422,34733,34733,36413,9,0
1731,31422,35175,35175,36855,12,1
1732,31435,35175,35175,36855,12,1
1733,31436,35175,35175,36855,12,1
1734,31439,35175,35175,36855,12,1
1735,31440,35175,35175,36855,12,1
1736,31456,34877,34877,36557,11,0
1737,31481,34877,34877,36557,11,0
1738,31493,35175,35175,36855,12,1
1739,31497,34877,34877,36557,11,0
1740,31499,35175,35175,36855,12,1
1741,31505,35175,35175,36855,12,1
1742,31510,35175,35175,36855,12,1
1743,31525,35358,35358,37038,14,1
1744,31533,34877,34877,36557,11,0
1745,31536,35358,35358,37038,14,1
1746,31540,34877,34877,36557,11,0
1747,31543,34877,34877,36557,11,0
1748,31546,34877,34877,36557,11,0
1749,31549,35358,35358,37038,14,1
1750,31565,34877,34877,36557,11,0
1751,31567,35358,35358,37038,14,1
1752,31568,35358,35358,37038,14,1
1753,31569,34877,34877,36557,11,0
1754,31573,34877,34877,36557,11,0
1755,31573,35358,35358,37038,14,1
1756,31574,34877,34877,36557,11,0
1757,31578,35358,35358,37038,14,1
1758,31586,35358,35358,37038,14,1
1759,31587,34877,34877,36557,11,0
1760,31601,35358,35358,37038,14,1
1761,31603,35358,35358,37038,14,1
1762,31606,34877,34877,36557,11,0
1763,31615,34877,34877,36557,11,0
1764,31616,35358,35358,37038,14,1
1765,31624,35358,35358,37038,14,1
1766,31625,35358,35358,37038,14,1
1767,31636,34877,34877,36557,11,0
1768,31645,34877,34877,36557,11,0
1769,31647,35358,35358,37038,14,1
1770,31654,35358,35358,37038,14,1
1771,31657,34877,34877,36557,11,0
1772,31660,34877,34877,36557,11,0
1773,31668,34877,34877,36557,11,0
1774,31679,34877,34877,36557,11,0
1775,31680,35358,35358,37038,14,1
1776,31682,35358,35358,37038,14,1
1777,31703,35048,35048,36728,13,0
1778,31710,35358,35358,37038,14,1
1779,31713,35048,35048,36728,13,0
1780,31718,35358,35358,37038,14,1
1781,31723,35048,35048,36728,13,0
1782,31724,35358,35358,37038,14,1
1783,31725,35048,35048,36728,13,0
1784,31726,35503,35503,37183,1,1
1785,31738,35503,35503,37183,1,1
1786,31739,35503,35503,37183,1,1
1787,31753,35503,35503,37183,1,1
1788,31756,35503,35503,37183,1,1
1789,31780,35503,35503,37183,1,1
1790,31785,35503,35503,37183,1,1
1791,31803,35503,35503,37183,1,1
1792,31804,35503,35503,37183,1,1
1793,31808,35503,35503,37183,1,1
1794,31813,35048,35048,36728,13,0
1795,31817,35048,35048,36728,13,0
1796,31826,35048,35048,36728,13,0
1797,31832,35048,35048,36728,13,0
1798,31836,35503,35503,37183,1,1
1799,31842,35503,35503,37183,1,1
1800,31848,35503,35503,37183,1,1
1801,31850,35048,35048,36728,13,0
1802,31854,35048,35048,36728,13,0
1803,31861,35503,35503,37183,1,1
1804,31865,35503,35503,37183,1,1
1805,31871,35048,35048,36728,13,0
1806,31873,35503,35503,37183,1,1
1807,31876,35048,35048,36728,13,0
1808,31878,35048,35048,36728,13,0
1809,31885,35048,35048,36728,13,0
1810,31900,35503,35503,37183,1,1
1811,31901,35503,35503,37183,1,1
1812,31902,35503,35503,37183,1,1
1813,31905,35503,35503,37183,1,1
1814,31930,36019,36019,37699,3,1
1815,31933,35048,35048,36728,13,0
1816,31944,35048,35048,36728,13,0
1817,31960,36019,36019,37699,3,1
1818,31961,36019,36019,37699,3,1
1819,31962,36019,36019,37699,3,1
1820,31968,36019,36019,37699,3,1
1821,31970,35048,35048,36728,13,0
1822,31972,36019,36019,37699,3,1
1823,31978,36019,36019,37699,3,1
1824,31986,35048,35048,36728,13,0
1825,32024,35048,35048,36728,13,0
1826,32032,35048,35048,36728,13,0
1827,32033,35289,35289,36969,0,0
1828,32034,36019,36019,37699,3,1
1829,32042,35289,35289,36969,0,0
1830,32045,36019,36019,37699,3,1
1831,32061,36019,36019,37699,3,1
1832,32063,35289,35289,36969,0,0
1833,32077,35289,35289,36969,0,0
1834,32078,36019,36019,37699,3,1
1835,32079,35289,35289,36969,0,0
1836,32083,36019,36019,37699,3,1
1837,32087,36019,36019,37699,3,1
1838,32088,36019,36019,37699,3,1
1839,32094,35289,35289,36969,0,0
1840,32096,36019,36019,37699,3,1
1841,32097,36019,36019,37699,3,1
1842,32103,35289,35289,36969,0,0
1843,32112,35289,35289,36969,0,0
1844,32116,36019,36019,37699,3,1
1845,32121,35289,35289,36969,0,0
1846,32123,35289,35289,36969,0,0
1847,32134,35289,35289,36969,0,0
1848,32139,35289,35289,36969,0,0
1849,32140,35289,35289,36969,0,0
1850,32148,36019,36019,37699,3,1
1851,32159,35289,35289,36969,0,0
1852,32172,35289,35289,36969,0,0
1853,32172,36019,36019,37699,3,1
1854,32177,35289,35289,36969,0,0
1855,32178,35289,35289,36969,0,0
1856,32178,36019,36019,37699,3,1
1857,32180,35289,35289,36969,0,0
1858,32181,36186,36186,37866,5,1
1859,32184,35289,35289,36969,0,0
1860,32186,35289,35289,36969,0,0
1861,32187,36016,36016,37696,2,0
1862,32201,36186,36186,37866,5,1
1863,32204,36016,36016,37696,2,0
1864,32207,36186,36186,37866,5,1
1865,32213,36016,36016,37696,2,0
1866,32218,36186,36186,37866,5,1
1867,32229,36186,36186,37866,5,1
1868,32236,36186,36186,37866,5,1
1869,32245,36186,36186,37866,5,1
1870,32246,36016,36016,37696,2,0
1871,32251,36186,36186,37866,5,1
1872,32257,36186,36186,37866,5,1
1873,32262,36016,36016,37696,2,0
1874,32264,36186,36186,37866,5,1
1875,32269,36186,36186,37866,5,1
1876,32278,36016,36016,37696,2,0
1877,32290,36016,36016,37696,2,0
1878,32295,36186,36186,37866,5,1
1879,32296,36016,36016,37696,2,0
1880,32298,36186,36186,37866,5,1
1881,32304,36016,36016,37696,2,0
1882,32317,36016,36016,37696,2,0
1883,32318,36016,36016,37696,2,0
1884,32323,36186,36186,37866,5,1
1885,32325,36186,36186,37866,5,1
1886,32328,36186,36186,37866,5,1
1887,32336,36016,36016,37696,2,0
1888,32352,36016,36016,37696,2,0
1889,32360,36186,36186,37866,5,1
1890,32374,36186,36186,37866,5,1
1891,32378,36186,36186,37866,5,1
1892,32379,36186,36186,37866,5,1
1893,32386,36016,36016,37696,2,0
1894,32390,36290,36290,37970,7,1
1895,32394,36016,36016,37696,2,0
1896,32412,36290,36290,37970,7,1
1897,32465,36290,36290,37970,7,1
1898,32494,36290,36290,37970,7,1
1899,32501,36016,36016,37696,2,0
1900,32511,36290,36290,37970,7,1
1901,32514,36290,36290,37970,7,1
1902,32541,36290,36290,37970,7,1
1903,32542,36016,36016,37696,2,0
1904,32608,36016,36016,37696,2,0
1905,32642,36290,36290,37970,7,1
1906,32718,36290,36290,37970,7,1
1907,32727,36290,36290,37970,7,1
1908,32737,36290,36290,37970,7,1
1909,32738,36016,36016,37696,2,0
1910,32784,36016,36016,37696,2,0
1911,32785,36290,36290,37970,7,1
1912,32792,36290,36290,37970,7,1
1913,32812,36290,36290,37970,7,1
1914,32844,36187,36187,37867,4,0
1915,32861,36290,36290,37970,7,1
1916,32878,36290,36290,37970,7,1
1917,32884,36187,36187,37867,4,0
1918,32894,36187,36187,37867,4,0
1919,32900,36187,36187,37867,4,0
1920,32938,36187,36187,37867,4,0
1921,33017,36187,36187,37867,4,0
1922,33020,36290,36290,37970,7,1
1923,33066,36290,36290,37970,7,1
1924,33087,36187,36187,37867,4,0
1925,33089,36290,36290,37970,7,1
1926,33111,36187,36187,37867,4,0
1927,33124,36290,36290,37970,7,1
1928,33220,36414,36414,38094,9,1
1929,33292,36414,36414,38094,9,1
1930,33304,36414,36414,38094,9,1
1931,33329,36414,36414,38094,9,1
1932,33360,36414,36414,38094,9,1
1933,33379,36187,36187,37867,4,0
1934,33401,36414,36414,38094,9,1
1935,33465,36187,36187,37867,4,0
1936,33720,36187,36187,37867,4,0
1937,33807,36187,36187,37867,4,0
1938,33815,36414,36414,38094,9,1
1939,33926,36187,36187,37867,4,0
1940,33964,36414,36414,38094,9,1
1941,34018,36414,36414,38094,9,1
1942,34035,36187,36187,37867,4,0
1943,34122,36414,36414,38094,9,1
1944,34164,36187,36187,37867,4,0
1945,34188,36187,36187,37867,4,0
1946,34206,36414,36414,38094,9,1
1947,34224,36414,36414,38094,9,1
1948,34227,36414,36414,38094,9,1
1949,34236,36187,36187,37867,4,0
1950,34238,36187,36187,37867,4,0
1951,34276,36187,36187,37867,4,0
1952,34285,36187,36187,37867,4,0
1953,34335,36340,36340,38020,6,0
1954,34364,36414,36414,38094,9,1
1955,34401,36340,36340,38020,6,0
1956,34415,36340,36340,38020,6,0
1957,34443,36340,36340,38020,6,0
1958,34451,36340,36340,38020,6,0
1959,34456,36340,36340,38020,6,0
1960,34548,36414,36414,38094,9,1
1961,34584,36340,36340,38020,6,0
1962,34695,36340,36340,38020,6,0
1963,34715,36414,36414,38094,9,1
1964,34782,36340,36340,38020,6,0
1965,34796,36414,36414,38094,9,1
1966,34817,36414,36414,38094,9,1
1967,34823,36340,36340,38020,6,0
1968,34900,36340,36340,38020,6,0
1969,34902,36340,36340,38020,6,0
1970,34931,36340,36340,38020,6,0
1971,34942,36414,36414,38094,9,1
1972,34958,36340,36340,38020,6,0
1973,34996,36414,36414,38094,9,1
1974,35009,36340,36340,38020,6,0
1975,35022,36558,36558,38238,11,1
1976,35052,36558,36558,38238,11,1
1977,35054,36558,36558,38238,11,1
1978,35144,36558,36558,38238,11,1
1979,35149,36340,36340,38020,6,0
1980,35150,36558,36558,38238,11,1
1981,35184,36340,36340,38020,6,0
1982,35226,36340,36340,38020,6,0
1983,35228,36340,36340,38020,6,0
1984,35250,36558,36558,38238,11,1
1985,35336,36558,36558,38238,11,1
1986,35369,36558,36558,38238,11,1
1987,35383,36558,36558,38238,11,1
1988,35432,36340,36340,38020,6,0
1989,35453,36558,36558,38238,11,1
1990,35480,36498,36522,38202,8,0
1991,35485,36498,36522,38202,8,0
1992,35490,36498,36522,38202,8,0
1993,35497,36498,36522,38202,8,0
1994,35506,36558,36558,38238,11,1
1995,35511,36558,36558,38238,11,1
1996,35513,36558,36558,38238,11,1
1997,35541,36558,36558,38238,11,1
1998,35548,36558,36558,38238,11,1
1999,35575,36498,36522,38202,8,0
2000,35608,36558,36558,38238,11,1
2001,35638,36498,36522,38202,8,0
2002,35674,36558,36558,38238,11,1
2003,35704,36558,36558,38238,11,1
2004,35707,36558,36558,38238,11,1
2005,35739,36498,36522,38202,8,0
2006,35804,36498,36522,38202,8,0
2007,35810,36558,36558,38238,11,1
2008,35818,36729,36729,38409,13,1
2009,35854,36498,36522,38202,8,0
2010,35856,36729,36729,38409,13,1
2011,35923,36498,36522,38202,8,0
2012,35936,36729,36729,38409,13,1
2013,35940,36498,36522,38202,8,0
2014,35966,36729,36729,38409,13,1
2015,35995,36498,36522,38202,8,0
2016,36038,36729,36729,38409,13,1
2017,36050,36729,36729,38409,13,1
2018,36105,36729,36729,38409,13,1
2019,36116,36729,36729,38409,13,1
2020,36154,36498,36522,38202,8,0
2021,36187,36498,36522,38202,8,0
2022,36247,36729,36729,38409,13,1
2023,36250,36729,36729,38409,13,1
2024,36254,36498,36522,38202,8,0
2025,36255,36498,36522,38202,8,0
2026,36279,36729,36729,38409,13,1
2027,36317,36729,36729,38409,13,1
2028,36374,36729,36729,38409,13,1
2029,36389,36729,36729,38409,13,1
2030,36393,36498,36522,38202,8,0
2031,36396,36498,36522,38202,8,0
2032,36399,36498,36522,38202,8,0
2033,36400,36729,36729,38409,13,1
2034,36457,36729,36729,38409,13,1
2035,36493,36729,36729,38409,13,1
2036,36513,36729,36729,38409,13,1
2037,36522,36522,36522,38202,8,0
2038,36535,36676,37746,39426,10,0
2039,36541,36729,36729,38409,13,1
2040,36555,36676,37746,39426,10,0
2041,36593,36729,36729,38409,13,1
2042,36617,36970,37881,39561,0,1
2043,36627,36676,37746,39426,10,0
2044,36628,36676,37746,39426,10,0
2045,36670,36970,37881,39561,0,1
2046,36691,36691,37746,39426,10,0
2047,36691,36970,37881,39561,0,1
2048,36772,36772,37746,39426,10,0
2049,36782,36782,37746,39426,10,0
2050,36843,36970,37881,39561,0,1
2051,36861,36970,37881,39561,0,1
2052,36877,36877,37746,39426,10,0
2053,36925,36925,37746,39426,10,0
2054,36979,36979,37746,39426,10,0
2055,37051,37051,37746,39426,10,0
2056,37180,37180,37746,39426,10,0
2057,37191,37191,37746,39426,10,0
2058,37231,37231,37881,39561,0,1
2059,37241,37241,37881,39561,0,1
2060,37286,37286,37881,39561,0,1
2061,37288,37288,37881,39561,0,1
2062,37333,37333,37881,39561,0,1
2063,37362,37362,37881,39561,0,1
2064,37433,37433,37746,39426,10,0
2065,37483,37483,37881,39561,0,1
2066,37489,37489,37881,39561,0,1
2067,37491,37491,37881,39561,0,1
2068,37507,37507,37746,39426,10,0
2069,37537,37537,37881,39561,0,1
2070,37576,37576,37746,39426,10,0
2071,37611,37611,37746,39426,10,0
2072,37650,37650,37746,39426,10,0
2073,37674,37674,37881,39561,0,1
2074,37700,37700,37746,39426,10,0
2075,37746,37746,37746,39426,10,0
2076,37752,37752,38600,40280,12,0
2077,37772,37772,38600,40280,12,0
2078,37795,37795,38600,40280,12,0
2079,37798,37798,37881,39561,0,1
2080,37817,37817,37881,39561,0,1
2081,37851,37851,37881,39561,0,1
2082,37881,37881,37881,39561,0,1
2083,37925,37925,39188,40868,2,1
2084,37929,37929,39188,40868,2,1
2085,37981,37981,38600,40280,12,0
2086,37997,37997,39188,40868,2,1
2087,38037,38037,38600,40280,12,0
2088,38038,38038,39188,40868,2,1
2089,38061,38061,38600,40280,12,0
2090,38064,38064,39188,40868,2,1
2091,38082,38082,38600,40280,12,0
2092,38096,38096,39188,40868,2,1
2093,38126,38126,38600,40280,12,0
2094,38157,38157,39188,40868,2,1
2095,38185,38185,38600,40280,12,0
2096,38191,38191,39188,40868,2,1
2097,38195,38195,39188,40868,2,1
2098,38197,38197,38600,40280,12,0
2099,38198,38198,38600,40280,12,0
2100,38222,38222,39188,40868,2,1
2101,38288,38288,38600,40280,12,0
2102,38303,38303,38600,40280,12,0
2103,38359,38359,38600,40280,12,0
2104,38365,38365,38600,40280,12,0
2105,38372,38372,39188,40868,2,1
2106,38511,38511,38600,40280,12,0
2107,38566,38566,39188,40868,2,1
2108,38570,38570,38600,40280,12,0
2109,38582,38582,38600,40280,12,0
2110,38590,38590,38600,40280,12,0
2111,38600,38600,38600,40280,12,0
2112,38607,38607,39905,41585,14,0
2113,38629,38629,39905,41585,14,0
2114,38638,38638,39188,40868,2,1
2115,38670,38670,39905,41585,14,0
2116,38672,38672,39905,41585,14,0
2117,38700,38700,39905,41585,14,0
2118,38740,38740,39905,41585,14,0
2119,38749,38749,39905,41585,14,0
2120,38750,38750,39188,40868,2,1
2121,38765,38765,39905,41585,14,0
2122,38984,38984,39905,41585,14,0
2123,39014,39014,39188,40868,2,1
2124,39073,39073,39188,40868,2,1
2125,39090,39090,39188,40868,2,1
2126,39108,39108,39905,41585,14,0
2127,39110,39110,39905,41585,14,0
2128,39115,39115,39188,40868,2,1
2129,39181,39181,39188,40868,2,1
2130,39188,39188,39188,40868,2,1
2131,39305,39305,40158,41838,4,1
2132,39334,39334,40158,41838,4,1
2133,39429,39429,40158,41838,4,1
2134,39432,39432,40158,41838,4,1
2135,39475,39475,39905,41585,14,0
2136,39531,39531,39905,41585,14,0
2137,39538,39538,40158,41838,4,1
2138,39546,39546,39905,41585,14,0
2139,39547,39547,40158,41838,4,1
2140,39642,39642,40158,41838,4,1
2141,39658,39658,40158,41838,4,1
2142,39684,39684,40158,41838,4,1
2143,39688,39688,39905,41585,14,0
2144,39719,39719,40158,41838,4,1
2145,39741,39741,39905,41585,14,0
2146,39759,39759,39905,41585,14,0
2147,39795,39795,40158,41838,4,1
2148,39803,39803,40158,41838,4,1
2149,39854,39854,39905,41585,14,0
2150,39880,39880,40158,41838,4,1
2151,39885,39885,39905,41585,14,0
2152,39905,39905,39905,41585,14,0
2153,39916,39916,40158,41838,4,1
2154,39931,39931,40158,41838,4,1
2155,39959,39959,40158,41838,4,1
2156,39991,39991,41398,43078,1,0
2157,40000,40000,40158,41838,4,1
2158,40113,40113,40158,41838,4,1
2159,40144,40144,40158,41838,4,1
2160,40145,40145,41398,43078,1,0
2161,40158,40158,40158,41838,4,1
2162,40168,40168,41198,42878,6,1
2163,40197,40197,41198,42878,6,1
2164,40211,40211,41398,43078,1,0
2165,40231,40231,41198,42878,6,1
2166,40232,40232,41198,42878,6,1
2167,40240,40240,41198,42878,6,1
2168,40263,40263,41398,43078,1,0
2169,40345,40345,41398,43078,1,0
2170,40379,40379,41398,43078,1,0
2171,40401,40401,41398,43078,1,0
2172,40404,40404,41198,42878,6,1
2173,40406,40406,41398,43078,1,0
2174,40414,40414,41198,42878,6,1
2175,40429,40429,41398,43078,1,0
2176,40484,40484,41198,42878,6,1
2177,40502,40502,41398,43078,1,0
2178,40510,40510,41198,42878,6,1
2179,40536,40536,41198,42878,6,1
2180,40574,40574,41198,42878,6,1
2181,40602,40602,41398,43078,1,0
2182,40624,40624,41398,43078,1,0
2183,40632,40632,41398,43078,1,0
2184,40646,40646,41198,42878,6,1
2185,40656,40656,41398,43078,1,0
2186,40694,40694,41398,43078,1,0
2187,40699,40699,41398,43078,1,0
2188,40705,40705,41198,42878,6,1
2189,40807,40807,41198,42878,6,1
2190,40811,40811,41198,42878,6,1
2191,40812,40812,41198,42878,6,1
2192,40911,40911,41198,42878,6,1
2193,40927,40927,41398,43078,1,0
2194,40951,40951,41198,42878,6,1
2195,41015,41015,41398,43078,1,0
2196,41187,41187,41198,42878,6,1
2197,41198,41198,41198,42878,6,1
2198,41220,41220,42483,43801,8,1
2199,41246,41246,42483,43801,8,1
2200,41256,41256,42483,43801,8,1
2201,41310,41310,42483,43801,8,1
2202,41316,41316,41398,43078,1,0
2203,41320,41320,42483,43801,8,1
2204,41329,41329,42483,43801,8,1
2205,41398,41398,41398,43078,1,0
2206,41409,41409,42483,43801,8,1
2207,41447,41447,42841,44025,3,0
2208,41470,41470,42841,44025,3,0
2209,41483,41483,42483,43801,8,1
2210,41524,41524,42483,43801,8,1
2211,41538,41538,42483,43801,8,1
2212,41571,41571,42841,44025,3,0
2213,41671,41671,42841,44025,3,0
2214,41675,41675,42841,44025,3,0
2215,41792,41792,42841,44025,3,0
2216,41801,41801,42841,44025,3,0
2217,41850,41850,42483,43801,8,1
2218,41860,41860,42841,44025,3,0
2219,42028,42028,42483,43801,8,1
2220,42123,42123,42841,44025,3,0
2221,42126,42126,42841,44025,3,0
2222,42141,42141,42841,44025,3,0
2223,42160,42160,42483,43801,8,1
2224,42276,42276,42483,43801,8,1
2225,42333,42333,42841,44025,3,0
2226,42337,42337,42483,43801,8,1
2227,42358,42358,42483,43801,8,1
2228,42373,42373,42841,44025,3,0
2229,42392,42392,42483,43801,8,1
2230,42436,42436,42483,43801,8,1
2231,42443,42443,42841,44025,3,0
2232,42461,42461,42483,43801,8,1
2233,42483,42483,42483,43801,8,1
2234,42498,42498,43193,44245,10,1
2235,42533,42533,43193,44245,10,1
2236,42536,42536,43193,44245,10,1
2237,42542,42542,43193,44245,10,1
2238,42568,42568,42841,44025,3,0
2239,42588,42588,42841,44025,3,0
2240,42588,42588,43193,44245,10,1
2241,42594,42594,42841,44025,3,0
2242,42674,42674,43193,44245,10,1
2243,42694,42694,43193,44245,10,1
2244,42710,42710,42841,44025,3,0
2245,42726,42726,43193,44245,10,1
2246,42749,42749,43193,44245,10,1
2247,42779,42779,43193,44245,10,1
2248,42808,42808,42841,44025,3,0
2249,42820,42820,43193,44245,10,1
2250,42841,42841,42841,44025,3,0
2251,42859,42859,44350,45400,5,0
2252,42869,42869,43193,44245,10,1
2253,42872,42872,44350,45400,5,0
2254,42875,42875,43193,44245,10,1
2255,42877,42877,43193,44245,10,1
2256,42892,42892,44350,45400,5,0
2257,42895,42895,44350,45400,5,0
2258,42913,42913,43193,44245,10,1
2259,42950,42950,44350,45400,5,0
2260,42973,42973,44350,45400,5,0
2261,42986,42986,44350,45400,5,0
2262,43004,43004,43193,44245,10,1
2263,43015,43015,43193,44245,10,1
2264,43052,43052,44350,45400,5,0
2265,43109,43109,43193,44245,10,1
2266,43118,43118,44350,45400,5,0
2267,43179,43179,43193,44245,10,1
2268,43193,43193,43193,44245,10,1
2269,43276,43276,45477,46527,12,1
2270,43349,43349,45477,46527,12,1
2271,43420,43420,45477,46527,12,1
2272,43422,43422,44350,45400,5,0
2273,43490,43490,44350,45400,5,0
2274,43494,43494,44350,45400,5,0
2275,43541,43541,44350,45400,5,0
2276,43607,43607,45477,46527,12,1
2277,43692,43692,44350,45400,5,0
2278,43777,43777,44350,45400,5,0
2279,43817,43817,44350,45400,5,0
2280,43873,43873,44350,45400,5,0
2281,43936,43936,44350,45400,5,0
2282,43943,43943,45477,46527,12,1
2283,44217,44217,44350,45400,5,0
2284,44228,44228,45477,46527,12,1
2285,44281,44281,45477,46527,12,1
2286,44350,44350,44350,45400,5,0
2287,44353,44353,47888,48938,7,0
2288,44371,44371,45477,46527,12,1
2289,44414,44414,47888,48938,7,0
2290,44419,44419,47888,48938,7,0
2291,44467,44467,47888,48938,7,0
2292,44492,44492,45477,46527,12,1
2293,44502,44502,47888,48938,7,0
2294,44590,44590,47888,48938,7,0
2295,44614,44614,47888,48938,7,0
2296,44622,44622,45477,46527,12,1
2297,44639,44639,45477,46527,12,1
2298,44695,44695,45477,46527,12,1
2299,44894,44894,45477,46527,12,1
2300,44904,44904,45477,46527,12,1
2301,44928,44928,45477,46527,12,1
2302,44982,44982,47888,48938,7,0
2303,45050,45050,45477,46527,12,1
2304,45076,45076,45477,46527,12,1
2305,45150,45150,47888,48938,7,0
2306,45171,45171,45477,46527,12,1
2307,45224,45224,47888,48938,7,0
2308,45341,45341,45477,46527,12,1
2309,45413,45413,47888,48938,7,0
2310,45477,45477,45477,46527,12,1
2311,45554,45554,47888,48938,7,0
2312,45726,45726,47888,48938,7,0
2313,45820,45820,48090,49140,14,1
2314,45887,45887,48090,49140,14,1
2315,45918,45918,48090,49140,14,1
2316,45951,45951,48090,49140,14,1
2317,45969,45969,48090,49140,14,1
2318,46483,46483,48090,49140,14,1
2319,46488,46488,48090,49140,14,1
2320,46497,46497,47888,48938,7,0
2321,46697,46697,47888,48938,7,0
2322,46700,46700,48090,49140,14,1
2323,46869,46869,48090,49140,14,1
2324,46875,46875,48090,49140,14,1
2325,46922,46922,48090,49140,14,1
2326,47001,47001,48090,49140,14,1
2327,47016,47016,48090,49140,14,1
2328,47232,47232,48090,49140,14,1
2329,47264,47264,47888,48938,7,0
2330,47275,47275,48090,49140,14,1
2331,47290,47290,47888,48938,7,0
2332,47336,47336,47888,48938,7,0
2333,47339,47339,47888,48938,7,0
2334,47487,47487,48090,49140,14,1
2335,47647,47647,48090,49140,14,1
2336,47802,47802,48090,49140,14,1
2337,47888,47888,47888,48938,7,0
2338,47900,47900,50446,51496,9,0
2339,47908,47908,50446,51496,9,0
2340,47970,47970,48090,49140,14,1
2341,48044,48044,50446,51496,9,0
2342,48062,48062,50446,51496,9,0
2343,48090,48090,48090,49140,14,1
2344,48146,48146,49749,50799,1,1
2345,48271,48271,49749,50799,1,1
2346,48273,48273,50446,51496,9,0
2347,48348,48348,49749,50799,1,1
2348,48464,48464,49749,50799,1,1
2349,48554,48554,49749,50799,1,1
2350,48558,48558,49749,50799,1,1
2351,48576,48576,50446,51496,9,0
2352,48643,48643,49749,50799,1,1
2353,48672,48672,49749,50799,1,1
2354,48702,48702,49749,50799,1,1
2355,48720,48720,50446,51496,9,0
2356,48806,48806,49749,50799,1,1
2357,48837,48837,50446,51496,9,0
2358,48840,48840,49749,50799,1,1
2359,48841,48841,49749,50799,1,1
2360,48854,48854,49749,50799,1,1
2361,48944,48944,49749,50799,1,1
2362,49038,49038,50446,51496,9,0
2363,49070,49070,50446,51496,9,0
2364,49126,49126,49749,50799,1,1
2365,49264,49264,49749,50799,1,1
2366,49294,49294,49749,50799,1,1
2367,49388,49388,49749,50799,1,1
2368,49436,49436,49749,50799,1,1
2369,49580,49580,50446,51496,9,0
2370,49658,49658,50446,51496,9,0
2371,49685,49685,50446,51496,9,0
2372,49695,49695,50446,51496,9,0
2373,49749,49749,49749,50799,1,1
2374,49842,49842,50446,51496,9,0
2375,49940,49940,52180,53230,3,1
2376,49968,49968,50446,51496,9,0
2377,49988,49988,50446,51496,9,0
2378,50053,50053,50446,51496,9,0
2379,50260,50260,50446,51496,9,0
2380,50446,50446,50446,51496,9,0
2381,50547,50547,52180,53230,3,1
2382,50613,50613,52515,53565,11,0
2383,50614,50614,52180,53230,3,1
2384,50627,50627,52515,53565,11,0
2385,50701,50701,52515,53565,11,0
2386,50722,50722,52180,53230,3,1
2387,50818,50818,52180,53230,3,1
2388,50822,50822,52515,53565,11,0
2389,50878,50878,52180,53230,3,1
2390,51146,51146,52180,53230,3,1
2391,51162,51162,52180,53230,3,1
2392,51176,51176,52180,53230,3,1
2393,51215,51215,52180,53230,3,1
2394,51231,51231,52515,53565,11,0
2395,51234,51234,52515,53565,11,0
2396,51264,51264,52515,53565,11,0
2397,51285,51285,52515,53565,11,0
2398,51315,51315,52515,53565,11,0
2399,51388,51388,52515,53565,11,0
2400,51438,51438,52515,53565,11,0
2401,51478,51478,52180,53230,3,1
2402,51508,51508,52180,53230,3,1
2403,51519,51519,52180,53230,3,1
2404,51521,51521,52515,53565,11,0
2405,51581,51581,52515,53565,11,0
2406,51585,51585,52180,53230,3,1
2407,51670,51670,52515,53565,11,0
2408,51749,51749,52180,53230,3,1
2409,51768,51768,52515,53565,11,0
2410,51781,51781,52180,53230,3,1
2411,51838,51838,52180,53230,3,1
2412,51850,51850,52515,53565,11,0
2413,51957,51957,52515,53565,11,0
2414,51983,51983,52515,53565,11,0
2415,52145,52145,52180,53230,3,1
2416,52151,52151,52180,53230,3,1
2417,52180,52180,52180,53230,3,1
2418,52214,52214,52515,53565,11,0
2419,52283,52283,54781,55831,5,1
2420,52287,52287,54781,55831,5,1
2421,52368,52368,54781,55831,5,1
2422,52515,52515,52515,53565,11,0
2423,52567,52567,54577,55627,13,0
2424,52619,52619,54577,55627,13,0
2425,52626,52626,54577,55627,13,0
2426,52688,52688,54577,55627,13,0
2427,52710,52710,54781,55831,5,1
2428,52737,52737,54577,55627,13,0
2429,52779,52779,54781,55831,5,1
2430,52886,52886,54577,55627,13,0
2431,52932,52932,54577,55627,13,0
2432,53011,53011,54781,55831,5,1
2433,53012,53012,54577,55627,13,0
2434,53014,53014,54781,55831,5,1
2435,53064,53064,54781,55831,5,1
2436,53138,53138,54781,55831,5,1
2437,53253,53253,54781,55831,5,1
2438,53256,53256,54781,55831,5,1
2439,53292,53292,54577,55627,13,0
2440,53382,53382,54577,55627,13,0
2441,53455,53455,54781,55831,5,1
2442,53456,53456,54577,55627,13,0
2443,53542,53542,54577,55627,13,0
2444,53673,53673,54577,55627,13,0
2445,53687,53687,54577,55627,13,0
2446,53858,53858,54577,55627,13,0
2447,53916,53916,54781,55831,5,1
2448,54021,54021,54781,55831,5,1
2449,54133,54133,54577,55627,13,0
2450,54138,54138,54577,55627,13,0
2451,54274,54274,54781,55831,5,1
2452,54343,54343,54781,55831,5,1
2453,54359,54359,54577,55627,13,0
2454,54368,54368,54781,55831,5,1
2455,54376,54376,54577,55627,13,0
2456,54552,54552,54781,55831,5,1
2457,54577,54577,54577,55627,13,0
2458,54620,54620,54781,55831,5,1
2459,54646,54646,57276,59536,0,0
2460,54688,54688,57276,59536,0,0
2461,54781,54781,54781,55831,5,1
2462,54862,54862,57355,59746,7,1
2463,54917,54917,57355,59746,7,1
2464,54963,54963,57276,59536,0,0
2465,54974,54974,57355,59746,7,1
2466,54996,54996,57355,59746,7,1
2467,55064,55064,57355,59746,7,1
2468,55176,55176,57276,59536,0,0
2469,55215,55215,57355,59746,7,1
2470,55252,55252,57355,59746,7,1
2471,55301,55301,57355,59746,7,1
2472,55305,55305,57276,59536,0,0
2473,55313,55313,57276,59536,0,0
2474,55494,55494,57355,59746,7,1
2475,55517,55517,57276,59536,0,0
2476,55619,55619,57276,59536,0,0
2477,55653,55653,57276,59536,0,0
2478,55712,55712,57276,59536,0,0
2479,55715,55715,57355,59746,7,1
2480,55813,55813,57355,59746,7,1
2481,55866,55866,57276,59536,0,0
2482,55886,55886,57355,59746,7,1
2483,55926,55926,57355,59746,7,1
2484,56154,56154,57276,59536,0,0
2485,56489,56489,57276,59536,0,0
2486,56580,56580,57276,59536,0,0
2487,56584,56584,57355,59746,7,1
2488,56604,56604,57276,59536,0,0
2489,56648,56648,57355,59746,7,1
2490,56767,56767,57276,59536,0,0
2491,56933,56933,57276,59536,0,0
2492,57066,57066,57355,59746,7,1
2493,57171,57171,57276,59536,0,0
2494,57192,57192,57355,59746,7,1
2495,57207,57207,57276,59536,0,0
2496,57207,57207,57355,59746,7,1
2497,57276,57276,57276,59536,0,0
2498,57305,57305,59720,62520,2,0
2499,57351,57351,57355,59746,7,1
2500,57355,57355,57355,59746,7,1
2501,57366,57366,59118,61918,9,1
2502,57424,57424,59118,61918,9,1
2503,57483,57483,59720,62520,2,0
2504,57489,57489,59118,61918,9,1
2505,57497,57497,59720,62520,2,0
2506,57525,57525,59118,61918,9,1
2507,57537,57537,59118,61918,9,1
2508,57612,57612,59118,61918,9,1
2509,57742,57742,59720,62520,2,0
2510,57760,57760,59118,61918,9,1
2511,57768,57768,59720,62520,2,0
2512,57778,57778,59118,61918,9,1
2513,57826,57826,59118,61918,9,1
2514,57838,57838,59118,61918,9,1
2515,57885,57885,59118,61918,9,1
2516,57980,57980,59720,62520,2,0
2517,58029,58029,59720,62520,2,0
2518,58058,58058,59118,61918,9,1
2519,58099,58099,59118,61918,9,1
2520,58258,58258,59720,62520,2,0
2521,58339,58339,59118,61918,9,1
2522,58365,58365,59720,62520,2,0
2523,58396,58396,59720,62520,2,0
2524,58412,58412,59118,61918,9,1
2525,58588,58588,59720,62520,2,0
2526,58588,58588,59118,61918,9,1
2527,58615,58615,59720,62520,2,0
2528,58622,58622,59118,61918,9,1
2529,58695,58695,59118,61918,9,1
2530,58716,58716,59118,61918,9,1
2531,58852,58852,59720,62520,2,0
2532,59000,59000,59720,62520,2,0
2533,59118,59118,59118,61918,9,1
2534,59156,59156,61211,64011,11,1
2535,59172,59172,61211,64011,11,1
2536,59185,59185,59720,62520,2,0
2537,59245,59245,61211,64011,11,1
2538,59263,59263,59720,62520,2,0
2539,59389,59389,59720,62520,2,0
2540,59417,59417,61211,64011,11,1
2541,59424,59424,61211,64011,11,1
2542,59509,59509,59720,62520,2,0
2543,59557,59557,59720,62520,2,0
2544,59684,59684,61211,64011,11,1
2545,59720,59720,59720,62520,2,0
2546,59729,59729,61211,64011,11,1
2547,59903,59903,61292,64092,4,0
2548,59911,59911,61292,64092,4,0
2549,59922,59922,61211,64011,11,1
2550,59961,59961,61211,64011,11,1
2551,59974,59974,61211,64011,11,1
2552,60128,60128,61211,64011,11,1
2553,60164,60164,61292,64092,4,0
2554,60222,60222,61211,64011,11,1
2555,60227,60227,61292,64092,4,0
2556,60260,60260,61292,64092,4,0
2557,60273,60273,61211,64011,11,1
2558,60319,60319,61292,64092,4,0
2559,60471,60471,61292,64092,4,0
2560,60474,60474,61211,64011,11,1
2561,60526,60526,61211,64011,11,1
2562,60559,60559,61292,64092,4,0
2563,60581,60581,61211,64011,11,1
2564,60591,60591,61211,64011,11,1
2565,60702,60702,61292,64092,4,0
2566,60846,60846,61211,64011,11,1
2567,60905,60905,61292,64092,4,0
2568,61190,61190,61211,64011,11,1
2569,61211,61211,61211,64011,11,1
2570,61214,61214,61292,64092,4,0
2571,61217,61217,61292,64092,4,0
2572,61222,61222,61492,64292,13,1
2573,61233,61233,61292,64092,4,0
2574,61248,61248,61292,64092,4,0
2575,61250,61250,61492,64292,13,1
2576,61260,61260,61292,64092,4,0
2577,61269,61269,61292,64092,4,0
2578,61272,61272,61292,64092,4,0
2579,61273,61273,61292,64092,4,0
2580,61273,61273,61492,64292,13,1
2581,61280,61280,61492,64292,13,1
2582,61282,61282,61292,64092,4,0
2583,61282,61282,61492,64292,13,1
2584,61292,61292,61292,64092,4,0
2585,61292,61292,61492,64292,13,1
2586,61299,61299,61482,64282,6,0
2587,61300,61300,61482,64282,6,0
2588,61302,61302,61492,64292,13,1
2589,61306,61306,61482,64282,6,0
2590,61320,61320,61482,64282,6,0
2591,61324,61324,61482,64282,6,0
2592,61334,61334,61482,64282,6,0
2593,61336,61336,61492,64292,13,1
2594,61337,61337,61482,64282,6,0
2595,61343,61343,61482,64282,6,0
2596,61346,61346,61492,64292,13,1
2597,61352,61352,61482,64282,6,0
2598,61366,61366,61492,64292,13,1
2599,61369,61369,61492,64292,13,1
2600,61371,61371,61482,64282,6,0
2601,61372,61372,61492,64292,13,1
2602,61381,61381,61482,64282,6,0
2603,61381,61381,61492,64292,13,1
2604,61383,61383,61482,64282,6,0
2605,61386,61386,61482,64282,6,0
2606,61394,61394,61492,64292,13,1
2607,61397,61397,61482,64282,6,0
2608,61401,61401,61492,64292,13,1
2609,61404,61404,61492,64292,13,1
2610,61412,61412,61482,64282,6,0
2611,61423,61423,61482,64282,6,0
2612,61450,61450,61492,64292,13,1
2613,61457,61457,61482,64282,6,0
2614,61463,61463,61482,64282,6,0
2615,61464,61464,61482,64282,6,0
2616,61467,61467,61492,64292,13,1
2617,61482,61482,61482,64282,6,0
2618,61484,61484,61492,64292,13,1
2619,61492,61492,61492,64292,13,1
2620,61498,61498,61723,64523,8,0
2621,61511,61511,61738,64538,0,1
2622,61514,61514,61723,64523,8,0
2623,61517,61517,61723,64523,8,0
2624,61529,61529,61738,64538,0,1
2625,61533,61533,61723,64523,8,0
2626,61544,61544,61723,64523,8,0
2627,61546,61546,61738,64538,0,1
2628,61548,61548,61738,64538,0,1
2629,61551,61551,61723,64523,8,0
2630,61553,61553,61738,64538,0,1
2631,61554,61554,61723,64523,8,0
2632,61557,61557,61738,64538,0,1
2633,61561,61561,61723,64523,8,0
2634,61561,61561,61738,64538,0,1
2635,61564,61564,61738,64538,0,1
2636,61570,61570,61738,64538,0,1
2637,61582,61582,61723,64523,8,0
2638,61583,61583,61738,64538,0,1
2639,61589,61589,61738,64538,0,1
2640,61598,61598,61723,64523,8,0
2641,61604,61604,61738,64538,0,1
2642,61605,61605,61723,64523,8,0
2643,61626,61626,61738,64538,0,1
2644,61628,61628,61738,64538,0,1
2645,61648,61648,61738,64538,0,1
2646,61649,61649,61723,64523,8,0
2647,61651,61651,61723,64523,8,0
2648,61662,61662,61723,64523,8,0
2649,61668,61668,61738,64538,0,1
2650,61670,61670,61723,64523,8,0
2651,61686,61686,61723,64523,8,0
2652,61687,61687,61723,64523,8,0
2653,61698,61698,61738,64538,0,1
2654,61714,61714,61723,64523,8,0
2655,61718,61718,61723,64523,8,0
2656,61722,61722,61738,64538,0,1
2657,61723,61723,61723,64523,8,0
2658,61726,61726,61738,64538,0,1
2659,61727,61727,61957,64757,10,0
2660,61738,61738,61738,64538,0,1
2661,61742,62521,62521,65321,2,1
2662,61756,61756,61957,64757,10,0
2663,61757,61757,61957,64757,10,0
2664,61761,62521,62521,65321,2,1
2665,61764,62521,62521,65321,2,1
2666,61770,61770,61957,64757,10,0
2667,61773,62521,62521,65321,2,1
2668,61778,62521,62521,65321,2,1
2669,61789,61789,61957,64757,10,0
2670,61790,62521,62521,65321,2,1
2671,61797,61797,61957,64757,10,0
2672,61812,61812,61957,64757,10,0
2673,61815,62521,62521,65321,2,1
2674,61828,62521,62521,65321,2,1
2675,61831,61831,61957,64757,10,0
2676,61832,62521,62521,65321,2,1
2677,61837,61837,61957,64757,10,0
2678,61844,62521,62521,65321,2,1
2679,61845,61845,61957,64757,10,0
2680,61851,62521,62521,65321,2,1
2681,61852,61852,61957,64757,10,0
2682,61852,62521,62521,65321,2,1
2683,61855,62521,62521,65321,2,1
2684,61856,62521,62521,65321,2,1
2685,61861,61861,61957,64757,10,0
2686,61878,62521,62521,65321,2,1
2687,61881,62521,62521,65321,2,1
2688,61883,61883,61957,64757,10,0
2689,61884,61884,61957,64757,10,0
2690,61890,62521,62521,65321,2,1
2691,61912,62521,62521,65321,2,1
2692,61927,62521,62521,65321,2,1
2693,61930,62521,62521,65321,2,1
2694,61935,61935,61957,64757,10,0
2695,61940,61940,61957,64757,10,0
2696,61946,61946,61957,64757,10,0
2697,61949,61949,61957,64757,10,0
2698,61954,61954,61957,64757,10,0
2699,61957,61957,61957,64757,10,0
2700,61967,61967,62143,64943,12,0
2701,61969,64093,64093,66893,4,1
2702,61972,61972,62143,64943,12,0
2703,61979,64093,64093,66893,4,1
2704,61985,64093,64093,66893,4,1
2705,61995,61995,62143,64943,12,0
2706,61996,64093,64093,66893,4,1
2707,61997,61997,62143,64943,12,0
2708,61998,61998,62143,64943,12,0
2709,62002,62002,62143,64943,12,0
2710,62016,64093,64093,66893,4,1
2711,62018,62018,62143,64943,12,0
2712,62018,64093,64093,66893,4,1
2713,62020,62020,62143,64943,12,0
2714,62026,64093,64093,66893,4,1
2715,62046,62046,62143,64943,12,0
2716,62049,62049,62143,64943,12,0
2717,62049,64093,64093,66893,4,1
2718,62054,62054,62143,64943,12,0
2719,62055,64093,64093,66893,4,1
2720,62059,62059,62143,64943,12,0
2721,62060,62060,62143,64943,12,0
2722,62073,62073,62143,64943,12,0
2723,62097,62097,62143,64943,12,0
2724,62104,64093,64093,66893,4,1
2725,62106,64093,64093,66893,4,1
2726,62107,62107,62143,64943,12,0
2727,62109,64093,64093,66893,4,1
2728,62115,64093,64093,66893,4,1
2729,62121,62121,62143,64943,12,0
2730,62125,62125,62143,64943,12,0
2731,62127,64093,64093,66893,4,1
2732,62130,64093,64093,66893,4,1
2733,62142,62142,62143,64943,12,0
2734,62143,62143,62143,64943,12,0
2735,62146,62146,62338,65138,14,0
2736,62155,62155,62338,65138,14,0
2737,62159,64093,64093,66893,4,1
2738,62160,62160,62338,65138,14,0
2739,62161,62161,62338,65138,14,0
2740,62168,64093,64093,66893,4,1
2741,62176,64093,64093,66893,4,1
2742,62177,62177,62338,65138,14,0
2743,62182,62182,62338,65138,14,0
2744,62189,64093,64093,66893,4,1
2745,62191,64093,64093,66893,4,1
2746,62193,62193,62338,65138,14,0
2747,62205,62205,62338,65138,14,0
2748,62212,62212,62338,65138,14,0
2749,62219,64283,64283,67083,6,1
2750,62227,62227,62338,65138,14,0
2751,62228,64283,64283,67083,6,1
2752,62230,62230,62338,65138,14,0
2753,62235,64283,64283,67083,6,1
2754,62249,62249,62338,65138,14,0
2755,62249,64283,64283,67083,6,1
2756,62251,62251,62338,65138,14,0
2757,62251,64283,64283,67083,6,1
2758,62252,62252,62338,65138,14,0
2759,62261,62261,62338,65138,14,0
2760,62282,62282,62338,65138,14,0
2761,62287,64283,64283,67083,6,1
2762,62291,62291,62338,65138,14,0
2763,62294,64283,64283,67083,6,1
2764,62319,62319,62338,65138,14,0
2765,62327,64283,64283,67083,6,1
2766,62333,62333,62338,65138,14,0
2767,62335,64283,64283,67083,6,1
2768,62338,62338,62338,65138,14,0
2769,62343,62343,62536,65336,1,0
2770,62345,62345,62536,65336,1,0
2771,62351,62351,62536,65336,1,0
2772,62356,62356,62536,65336,1,0
2773,62359,62359,62536,65336,1,0
2774,62362,62362,62536,65336,1,0
2775,62372,64283,64283,67083,6,1
2776,62383,62383,62536,65336,1,0
2777,62398,64283,64283,67083,6,1
2778,62402,64283,64283,67083,6,1
2779,62410,62410,62536,65336,1,0
2780,62412,62412,62536,65336,1,0
2781,62417,64283,64283,67083,6,1
2782,62424,64283,64283,67083,6,1
2783,62425,62425,62536,65336,1,0
2784,62438,64283,64283,67083,6,1
2785,62441,62441,62536,65336,1,0
2786,62450,62450,62536,65336,1,0
2787,62452,64283,64283,67083,6,1
2788,62458,62458,62536,65336,1,0
2789,62465,64283,64283,67083,6,1
2790,62466,64283,64283,67083,6,1
2791,62474,62474,62536,65336,1,0
2792,62483,62483,62536,65336,1,0
2793,62486,62486,62536,65336,1,0
2794,62503,62503,62536,65336,1,0
2795,62506,64283,64283,67083,6,1
2796,62524,64283,64283,67083,6,1
2797,62532,62532,62536,65336,1,0
2798,62533,62533,62536,65336,1,0
2799,62536,62536,62536,65336,1,0
2800,62537,64524,64524,67324,8,1
2801,62546,62546,62752,65552,3,0
2802,62553,62553,62752,65552,3,0
2803,62560,64524,64524,67324,8,1
2804,62565,64524,64524,67324,8,1
2805,62571,62571,62752,65552,3,0
2806,62575,64524,64524,67324,8,1
2807,62586,62586,62752,65552,3,0
2808,62587,64524,64524,67324,8,1
2809,62591,64524,64524,67324,8,1
2810,62597,62597,62752,65552,3,0
2811,62613,64524,64524,67324,8,1
2812,62619,64524,64524,67324,8,1
2813,62620,62620,62752,65552,3,0
2814,62620,64524,64524,67324,8,1
2815,62637,62637,62752,65552,3,0
2816,62642,64524,64524,67324,8,1
2817,62649,62649,62752,65552,3,0
2818,62650,64524,64524,67324,8,1
2819,62658,64524,64524,67324,8,1
2820,62659,62659,62752,65552,3,0
2821,62661,64524,64524,67324,8,1
2822,62664,64524,64524,67324,8,1
2823,62668,62668,62752,65552,3,0
2824,62668,64524,64524,67324,8,1
2825,62670,62670,62752,65552,3,0
2826,62674,62674,62752,65552,3,0
2827,62680,64524,64524,67324,8,1
2828,62682,62682,62752,65552,3,0
2829,62691,62691,62752,65552,3,0
2830,62699,62699,62752,65552,3,0
2831,62700,64524,64524,67324,8,1
2832,62707,62707,62752,65552,3,0
2833,62718,62718,62752,65552,3,0
2834,62720,62720,62752,65552,3,0
2835,62725,64524,64524,67324,8,1
2836,62740,64524,64524,67324,8,1
2837,62745,62745,62752,65552,3,0
2838,62752,62752,62752,65552,3,0
2839,62753,64524,64524,67324,8,1
2840,62768,64758,64758,67558,10,1
2841,62769,62769,62988,65788,5,0
2842,62774,64758,64758,67558,10,1
2843,62775,64758,64758,67558,10,1
2844,62778,62778,62988,65788,5,0
2845,62782,62782,62988,65788,5,0
2846,62787,62787,62988,65788,5,0
2847,62790,62790,62988,65788,5,0
2848,62790,64758,64758,67558,10,1
2849,62796,62796,62988,65788,5,0
2850,62801,64758,64758,67558,10,1
2851,62807,64758,64758,67558,10,1
2852,62809,64758,64758,67558,10,1
2853,62814,62814,62988,65788,5,0
2854,62815,62815,62988,65788,5,0
2855,62823,64758,64758,67558,10,1
2856,62824,64758,64758,67558,10,1
2857,62829,62829,62988,65788,5,0
2858,62829,64758,64758,67558,10,1
2859,62838,64758,64758,67558,10,1
2860,62840,62840,62988,65788,5,0
2861,62843,62843,62988,65788,5,0
2862,62844,64758,64758,67558,10,1
2863,62847,62847,62988,65788,5,0
2864,62853,64758,64758,67558,10,1
2865,62855,62855,62988,65788,5,0
2866,62865,62865,62988,65788,5,0
2867,62871,64758,64758,67558,10,1
2868,62883,62883,62988,65788,5,0
2869,62888,64758,64758,67558,10,1
2870,62892,62892,62988,65788,5,0
2871,62899,64758,64758,67558,10,1
2872,62904,64758,64758,67558,10,1
2873,62905,64758,64758,67558,10,1
2874,62916,62916,62988,65788,5,0
2875,62918,62918,62988,65788,5,0
2876,62920,64758,64758,67558,10,1
2877,62923,64758,64758,67558,10,1
2878,62936,64944,64944,67744,12,1
2879,62939,64944,64944,67744,12,1
2880,62948,64944,64944,67744,12,1
2881,62960,64944,64944,67744,12,1
2882,62972,64944,64944,67744,12,1
2883,62978,62978,62988,65788,5,0
2884,62988,62988,62988,65788,5,0
2885,62988,64944,64944,67744,12,1
2886,63006,63006,63409,66209,7,0
2887,63011,63011,63409,66209,7,0
2888,63019,64944,64944,67744,12,1
2889,63025,63025,63409,66209,7,0
2890,63029,64944,64944,67744,12,1
2891,63035,64944,64944,67744,12,1
2892,63040,64944,64944,67744,12,1
2893,63042,64944,64944,67744,12,1
2894,63044,63044,63409,66209,7,0
2895,63051,63051,63409,66209,7,0
2896,63078,64944,64944,67744,12,1
2897,63084,64944,64944,67744,12,1
2898,63088,64944,64944,67744,12,1
2899,63103,64944,64944,67744,12,1
2900,63105,63105,63409,66209,7,0
2901,63106,64944,64944,67744,12,1
2902,63114,64944,64944,67744,12,1
2903,63126,63126,63409,66209,7,0
2904,63131,63131,63409,66209,7,0
2905,63137,63137,63409,66209,7,0
2906,63147,64944,64944,67744,12,1
2907,63155,64944,64944,67744,12,1
2908,63156,63156,63409,66209,7,0
2909,63160,64944,64944,67744,12,1
2910,63166,63166,63409,66209,7,0
2911,63168,65139,65139,67939,14,1
2912,63187,65139,65139,67939,14,1
2913,63195,65139,65139,67939,14,1
2914,63196,65139,65139,67939,14,1
2915,63200,63200,63409,66209,7,0
2916,63216,65139,65139,67939,14,1
2917,63236,65139,65139,67939,14,1
2918,63239,63239,63409,66209,7,0
2919,63243,65139,65139,67939,14,1
2920,63244,63244,63409,66209,7,0
2921,63256,65139,65139,67939,14,1
2922,63282,65139,65139,67939,14,1
2923,63287,65139,65139,67939,14,1
2924,63290,63290,63409,66209,7,0
2925,63294,65139,65139,67939,14,1
2926,63295,63295,63409,66209,7,0
2927,63301,65139,65139,67939,14,1
2928,63310,65139,65139,67939,14,1
2929,63325,65139,65139,67939,14,1
2930,63334,65139,65139,67939,14,1
2931,63344,63344,63409,66209,7,0
2932,63346,65139,65139,67939,14,1
2933,63352,63352,63409,66209,7,0
2934,63358,65139,65139,67939,14,1
2935,63363,63363,63409,66209,7,0
2936,63368,65139,65139,67939,14,1
2937,63401,65139,65139,67939,14,1
2938,63409,63409,63409,66209,7,0
2939,63415,63415,63617,66417,9,0
2940,63417,65139,65139,67939,14,1
2941,63418,63418,63617,66417,9,0
2942,63433,63433,63617,66417,9,0
2943,63436,65337,65337,68137,1,1
2944,63449,63449,63617,66417,9,0
2945,63450,63450,63617,66417,9,0
2946,63455,65337,65337,68137,1,1
2947,63456,65337,65337,68137,1,1
2948,63470,65337,65337,68137,1,1
2949,63473,65337,65337,68137,1,1
2950,63478,65337,65337,68137,1,1
2951,63479,63479,63617,66417,9,0
2952,63479,65337,65337,68137,1,1
2953,63486,65337,65337,68137,1,1
2954,63487,63487,63617,66417,9,0
2955,63495,63495,63617,66417,9,0
2956,63505,65337,65337,68137,1,1
2957,63507,65337,65337,68137,1,1
2958,63513,63513,63617,66417,9,0
2959,63514,65337,65337,68137,1,1
2960,63516,63516,63617,66417,9,0
2961,63519,63519,63617,66417,9,0
2962,63529,63529,63617,66417,9,0
2963,63533,63533,63617,66417,9,0
2964,63537,63537,63617,66417,9,0
2965,63540,65337,65337,68137,1,1
2966,63546,65337,65337,68137,1,1
2967,63548,65337,65337,68137,1,1
2968,63550,65337,65337,68137,1,1
2969,63553,63553,63617,66417,9,0
2970,63557,65337,65337,68137,1,1
2971,63565,65337,65337,68137,1,1
2972,63567,63567,63617,66417,9,0
2973,63568,63568,63617,66417,9,0
2974,63575,63575,63617,66417,9,0
2975,63587,63587,63617,66417,9,0
2976,63592,65337,65337,68137,1,1
2977,63603,65337,65337,68137,1,1
2978,63617,63617,63617,66417,9,0
2979,63624,65337,65337,68137,1,1
2980,63629,64012,64012,66812,11,0
2981,63635,64012,64012,66812,11,0
2982,63636,65553,65553,68353,3,1
2983,63644,64012,64012,66812,11,0
2984,63657,65553,65553,68353,3,1
2985,63672,65553,65553,68353,3,1
2986,63680,64012,64012,66812,11,0
2987,63694,64012,64012,66812,11,0
2988,63695,65553,65553,68353,3,1
2989,63697,65553,65553,68353,3,1
2990,63702,64012,64012,66812,11,0
2991,63704,64012,64012,66812,11,0
2992,63708,64012,64012,66812,11,0
2993,63720,65553,65553,68353,3,1
2994,63723,65553,65553,68353,3,1
2995,63728,64012,64012,66812,11,0
2996,63735,64012,64012,66812,11,0
2997,63740,65553,65553,68353,3,1
2998,63744,64012,64012,66812,11,0
2999,63748,65553,65553,68353,3,1
3000,63756,64012,64012,66812,11,0
3001,63756,65553,65553,68353,3,1
3002,63771,64012,64012,66812,11,0
3003,63775,65553,65553,68353,3,1
3004,63781,65553,65553,68353,3,1
3005,63785,64012,64012,66812,11,0
3006,63787,64012,64012,66812,11,0
3007,63788,65553,65553,68353,3,1
3008,63796,64012,64012,66812,11,0
3009,63810,64012,64012,66812,11,0
3010,63811,65553,65553,68353,3,1
3011,63812,65553,65553,68353,3,1
3012,63815,65553,65553,68353,3,1
3013,63816,64012,64012,66812,11,0
3014,63828,65553,65553,68353,3,1
3015,63831,65553,65553,68353,3,1
3016,63832,65553,65553,68353,3,1
3017,63835,64012,64012,66812,11,0
3018,63842,65553,65553,68353,3,1
3019,63869,65789,65789,68589,5,1
3020,63871,64012,64012,66812,11,0
3021,63871,65789,65789,68589,5,1
3022,63875,65789,65789,68589,5,1
3023,63876,65789,65789,68589,5,1
3024,63889,65789,65789,68589,5,1
3025,63894,64293,64293,67093,13,0
3026,63903,65789,65789,68589,5,1
3027,63906,64293,64293,67093,13,0
3028,63910,64293,64293,67093,13,0
3029,63926,65789,65789,68589,5,1
3030,63931,64293,64293,67093,13,0
3031,63935,65789,65789,68589,5,1
3032,63970,64293,64293,67093,13,0
3033,63974,64293,64293,67093,13,0
3034,63980,64293,64293,67093,13,0
3035,63980,65789,65789,68589,5,1
3036,63985,64293,64293,67093,13,0
3037,63992,65789,65789,68589,5,1
3038,64003,64293,64293,67093,13,0
3039,64009,64293,64293,67093,13,0
3040,64016,65789,65789,68589,5,1
3041,64024,65789,65789,68589,5,1
3042,64033,65789,65789,68589,5,1
3043,64034,64293,64293,67093,13,0
3044,64039,64293,64293,67093,13,0
3045,64053,65789,65789,68589,5,1
3046,64055,64293,64293,67093,13,0
3047,64081,65789,65789,68589,5,1
3048,64083,64293,64293,67093,13,0
3049,64085,65789,65789,68589,5,1
3050,64086,65789,65789,68589,5,1
3051,64088,64293,64293,67093,13,0
3052,64095,65789,65789,68589,5,1
3053,64102,64293,64293,67093,13,0
3054,64102,65789,65789,68589,5,1
3055,64117,65789,65789,68589,5,1
3056,64126,64293,64293,67093,13,0
3057,64129,66210,66210,69010,7,1
3058,64130,64293,64293,67093,13,0
3059,64133,64293,64293,67093,13,0
3060,64145,64293,64293,67093,13,0
3061,64150,66210,66210,69010,7,1
3062,64153,66210,66210,69010,7,1
3063,64159,66210,66210,69010,7,1
3064,64163,66210,66210,69010,7,1
3065,64164,66210,66210,69010,7,1
3066,64168,66210,66210,69010,7,1
3067,64170,64539,64539,67339,0,0
3068,64170,66210,66210,69010,7,1
3069,64173,64539,64539,67339,0,0
3070,64178,64539,64539,67339,0,0
3071,64187,64539,64539,67339,0,0
3072,64191,66210,66210,69010,7,1
3073,64209,64539,64539,67339,0,0
3074,64216,66210,66210,69010,7,1
3075,64220,66210,66210,69010,7,1
3076,64222,64539,64539,67339,0,0
3077,64232,64539,64539,67339,0,0
3078,64237,64539,64539,67339,0,0
3079,64238,64539,64539,67339,0,0
3080,64241,64539,64539,67339,0,0
3081,64247,66210,66210,69010,7,1
3082,64250,64539,64539,67339,0,0
3083,64255,64539,64539,67339,0,0
3084,64256,64539,64539,67339,0,0
3085,64256,66210,66210,69010,7,1
3086,64258,64539,64539,67339,0,0
3087,64270,66210,66210,69010,7,1
3088,64271,66210,66210,69010,7,1
3089,64279,66210,66210,69010,7,1
3090,64284,64539,64539,67339,0,0
3091,64285,64539,64539,67339,0,0
3092,64295,66210,66210,69010,7,1
3093,64297,66210,66210,69010,7,1
3094,64301,66210,66210,69010,7,1
3095,64304,66210,66210,69010,7,1
3096,64305,64539,64539,67339,0,0
3097,64305,66418,66418,69218,9,1
3098,64314,66418,66418,69218,9,1
3099,64319,66418,66418,69218,9,1
3100,64335,64539,64539,67339,0,0
3101,64339,66418,66418,69218,9,1
3102,64341,64539,64539,67339,0,0
3103,64343,64539,64539,67339,0,0
3104,64350,66418,66418,69218,9,1
3105,64358,65322,65322,68122,2,0
3106,64368,65322,65322,68122,2,0
3107,64378,66418,66418,69218,9,1
3108,64379,65322,65322,68122,2,0
3109,64398,66418,66418,69218,9,1
3110,64402,66418,66418,69218,9,1
3111,64403,66418,66418,69218,9,1
3112,64422,66418,66418,69218,9,1
3113,64434,65322,65322,68122,2,0
3114,64436,66418,66418,69218,9,1
3115,64493,66418,66418,69218,9,1
3116,64494,66418,66418,69218,9,1
3117,64496,66418,66418,69218,9,1
3118,64501,65322,65322,68122,2,0
3119,64507,65322,65322,68122,2,0
3120,64512,65322,65322,68122,2,0
3121,64536,65322,65322,68122,2,0
3122,64537,65322,65322,68122,2,0
3123,64541,65322,65322,68122,2,0
3124,64542,65322,65322,68122,2,0
3125,64544,66418,66418,69218,9,1
3126,64559,66418,66418,69218,9,1
3127,64561,65322,65322,68122,2,0
3128,64564,66418,66418,69218,9,1
3129,64566,65322,65322,68122,2,0
3130,64570,65322,65322,68122,2,0
3131,64578,66418,66418,69218,9,1
3132,64597,66418,66418,69218,9,1
3133,64601,66418,66418,69218,9,1
3134,64613,65322,65322,68122,2,0
3135,64619,66813,66813,69613,11,1
3136,64623,66813,66813,69613,11,1
3137,64636,65322,65322,68122,2,0
3138,64653,66813,66813,69613,11,1
3139,64656,66813,66813,69613,11,1
3140,64673,65322,65322,68122,2,0
3141,64675,65322,65322,68122,2,0
3142,64681,66813,66813,69613,11,1
3143,64685,66813,66813,69613,11,1
3144,64693,66813,66813,69613,11,1
3145,64696,65322,65322,68122,2,0
3146,64720,66813,66813,69613,11,1
3147,64721,65322,65322,68122,2,0
3148,64723,66894,66894,69694,4,0
3149,64729,66813,66813,69613,11,1
3150,64736,66894,66894,69694,4,0
3151,64739,66813,66813,69613,11,1
3152,64745,66894,66894,69694,4,0
3153,64749,66894,66894,69694,4,0
3154,64749,66813,66813,69613,11,1
3155,64751,66813,66813,69613,11,1
3156,64757,66894,66894,69694,4,0
3157,64768,66813,66813,69613,11,1
3158,64770,66813,66813,69613,11,1
3159,64791,66894,66894,69694,4,0
3160,64792,66894,66894,69694,4,0
3161,64795,66894,66894,69694,4,0
3162,64817,66894,66894,69694,4,0
3163,64825,66894,66894,69694,4,0
3164,64826,66894,66894,69694,4,0
3165,64827,66894,66894,69694,4,0
3166,64833,66813,66813,69613,11,1
3167,64851,66813,66813,69613,11,1
3168,64859,66813,66813,69613,11,1
3169,64866,66813,66813,69613,11,1
3170,64867,66894,66894,69694,4,0
3171,64878,66894,66894,69694,4,0
3172,64881,66813,66813,69613,11,1
3173,64882,66813,66813,69613,11,1
3174,64886,67094,67094,69894,13,1
3175,64888,66894,66894,69694,4,0
3176,64894,67094,67094,69894,13,1
3177,64907,67094,67094,69894,13,1
3178,64928,67094,67094,69894,13,1
3179,64936,66894,66894,69694,4,0
3180,64938,66894,66894,69694,4,0
3181,64958,67094,67094,69894,13,1
3182,64959,66894,66894,69694,4,0
3183,64978,66894,66894,69694,4,0
3184,64982,66894,66894,69694,4,0
3185,64984,67084,67084,69884,6,0
3186,64986,67094,67094,69894,13,1
3187,65003,67084,67084,69884,6,0
3188,65020,67094,67094,69894,13,1
3189,65022,67084,67084,69884,6,0
3190,65036,67084,67084,69884,6,0
3191,65042,67084,67084,69884,6,0
3192,65057,67084,67084,69884,6,0
3193,65074,67094,67094,69894,13,1
3194,65079,67094,67094,69894,13,1
3195,65080,67094,67094,69894,13,1
3196,65081,67084,67084,69884,6,0
3197,65081,67094,67094,69894,13,1
3198,65088,67084,67084,69884,6,0
3199,65099,67084,67084,69884,6,0
3200,65109,67084,67084,69884,6,0
3201,65122,67094,67094,69894,13,1
3202,65126,67084,67084,69884,6,0
3203,65128,67094,67094,69894,13,1
3204,65132,67094,67094,69894,13,1
3205,65136,67084,67084,69884,6,0
3206,65137,67094,67094,69894,13,1
3207,65147,67084,67084,69884,6,0
3208,65148,67094,67094,69894,13,1
3209,65149,67084,67084,69884,6,0
3210,65157,67094,67094,69894,13,1
3211,65171,67084,67084,69884,6,0
3212,65172,67094,67094,69894,13,1
3213,65180,67084,67084,69884,6,0
3214,65185,67084,67084,69884,6,0
3215,65210,67094,67094,69894,13,1
3216,65212,67084,67084,69884,6,0
3217,65214,67094,67094,69894,13,1
3218,65215,67084,67084,69884,6,0
3219,65216,67340,67340,70140,0,1
3220,65221,67340,67340,70140,0,1
3221,65226,67340,67340,70140,0,1
3222,65229,67084,67084,69884,6,0
3223,65236,67340,67340,70140,0,1
3224,65241,67325,67325,70125,8,0
3225,65246,67325,67325,70125,8,0
3226,65252,67340,67340,70140,0,1
3227,65257,67340,67340,70140,0,1
3228,65261,67340,67340,70140,0,1
3229,65270,67340,67340,70140,0,1
3230,65292,67325,67325,70125,8,0
3231,65302,67340,67340,70140,0,1
3232,65308,67340,67340,70140,0,1
3233,65309,67340,67340,70140,0,1
3234,65324,67325,67325,70125,8,0
3235,65325,67340,67340,70140,0,1
3236,65338,67325,67325,70125,8,0
3237,65339,67325,67325,70125,8,0
3238,65341,67340,67340,70140,0,1
3239,65345,67325,67325,70125,8,0
3240,65346,67340,67340,70140,0,1
3241,65353,67325,67325,70125,8,0
3242,65354,67325,67325,70125,8,0
3243,65357,67340,67340,70140,0,1
3244,65360,67325,67325,70125,8,0
3245,65367,67340,67340,70140,0,1
3246,65371,67325,67325,70125,8,0
3247,65380,67325,67325,70125,8,0
3248,65396,67325,67325,70125,8,0
3249,65397,67325,67325,70125,8,0
3250,65402,67325,67325,70125,8,0
3251,65418,67340,67340,70140,0,1
3252,65421,67325,67325,70125,8,0
3253,65422,67340,67340,70140,0,1
3254,65438,67325,67325,70125,8,0
3255,65442,67340,67340,70140,0,1
3256,65452,67325,67325,70125,8,0
3257,65460,67325,67325,70125,8,0
3258,65460,67340,67340,70140,0,1
3259,65467,68123,68123,70923,2,1
3260,65468,68123,68123,70923,2,1
3261,65469,68123,68123,70923,2,1
3262,65471,67325,67325,70125,8,0
3263,65473,67559,67559,70359,10,0
3264,65475,67559,67559,70359,10,0
3265,65477,67559,67559,70359,10,0
3266,65477,68123,68123,70923,2,1
3267,65486,67559,67559,70359,10,0
3268,65494,67559,67559,70359,10,0
3269,65504,67559,67559,70359,10,0
3270,65524,68123,68123,70923,2,1
3271,65548,68123,68123,70923,2,1
3272,65573,68123,68123,70923,2,1
3273,65577,68123,68123,70923,2,1
3274,65580,68123,68123,70923,2,1
3275,65589,67559,67559,70359,10,0
3276,65595,68123,68123,70923,2,1
3277,65597,67559,67559,70359,10,0
3278,65604,68123,68123,70923,2,1
3279,65608,68123,68123,70923,2,1
3280,65613,68123,68123,70923,2,1
3281,65619,67559,67559,70359,10,0
3282,65627,67559,67559,70359,10,0
3283,65635,67559,67559,70359,10,0
3284,65638,67559,67559,70359,10,0
3285,65642,67559,67559,70359,10,0
3286,65643,67559,67559,70359,10,0
3287,65644,67559,67559,70359,10,0
3288,65653,68123,68123,70923,2,1
3289,65655,68123,68123,70923,2,1
3290,65665,67559,67559,70359,10,0
3291,65680,68123,68123,70923,2,1
3292,65723,68123,68123,70923,2,1
3293,65735,67559,67559,70359,10,0
3294,65739,68123,68123,70923,2,1
3295,65751,67559,67559,70359,10,0
3296,65758,67559,67559,70359,10,0
3297,65764,67559,67559,70359,10,0
3298,65765,68123,68123,70923,2,1
3299,65768,68123,68123,70923,2,1
3300,65775,67745,67745,70545,12,0
3301,65780,67745,67745,70545,12,0
3302,65783,67745,67745,70545,12,0
3303,65785,69695,69695,72165,4,1
3304,65787,69695,69695,72165,4,1
3305,65791,69695,69695,72165,4,1
3306,65795,69695,69695,72165,4,1
3307,65796,67745,67745,70545,12,0
3308,65799,67745,67745,70545,12,0
3309,65802,67745,67745,70545,12,0
3310,65804,69695,69695,72165,4,1
3311,65806,69695,69695,72165,4,1
3312,65823,69695,69695,72165,4,1
3313,65845,69695,69695,72165,4,1
3314,65849,69695,69695,72165,4,1
3315,65851,67745,67745,70545,12,0
3316,65859,67745,67745,70545,12,0
3317,65859,69695,69695,72165,4,1
3318,65867,67745,67745,70545,12,0
3319,65869,69695,69695,72165,4,1
3320,65873,69695,69695,72165,4,1
3321,65887,67745,67745,70545,12,0
3322,65888,67745,67745,70545,12,0
3323,65898,67745,67745,70545,12,0
3324,65898,69695,69695,72165,4,1
3325,65904,67745,67745,70545,12,0
3326,65906,67745,67745,70545,12,0
3327,65911,67745,67745,70545,12,0
3328,65912,67745,67745,70545,12,0
3329,65922,67745,67745,70545,12,0
3330,65922,69695,69695,72165,4,1
3331,65923,67745,67745,70545,12,0
3332,65927,69695,69695,72165,4,1
3333,65936,67745,67745,70545,12,0
3334,65944,67745,67745,70545,12,0
3335,65952,69695,69695,72165,4,1
3336,65961,69695,69695,72165,4,1
3337,65962,67940,67940,70740,14,0
3338,65966,67940,67940,70740,14,0
3339,65971,69695,69695,72165,4,1
3340,65986,69695,69695,72165,4,1
3341,65991,67940,67940,70740,14,0
3342,65992,69695,69695,72165,4,1
3343,65997,69885,69885,72228,6,1
3344,66006,69885,69885,72228,6,1
3345,66011,67940,67940,70740,14,0
3346,66013,69885,69885,72228,6,1
3347,66017,69885,69885,72228,6,1
3348,66021,67940,67940,70740,14,0
3349,66025,69885,69885,72228,6,1
3350,66027,67940,67940,70740,14,0
3351,66035,67940,67940,70740,14,0
3352,66036,69885,69885,72228,6,1
3353,66044,69885,69885,72228,6,1
3354,66047,69885,69885,72228,6,1
3355,66050,69885,69885,72228,6,1
3356,66053,69885,69885,72228,6,1
3357,66054,69885,69885,72228,6,1
3358,66062,69885,69885,72228,6,1
3359,66076,69885,69885,72228,6,1
3360,66096,67940,67940,70740,14,0
3361,66115,69885,69885,72228,6,1
3362,66126,69885,69885,72228,6,1
3363,66139,67940,67940,70740,14,0
3364,66142,69885,69885,72228,6,1
3365,66156,69885,69885,72228,6,1
3366,66157,67940,67940,70740,14,0
3367,66158,69885,69885,72228,6,1
3368,66159,69885,69885,72228,6,1
3369,66171,69885,69885,72228,6,1
3370,66172,67940,67940,70740,14,0
3371,66186,67940,67940,70740,14,0
3372,66187,67940,67940,70740,14,0
3373,66193,70126,70126,72308,8,1
3374,66198,70126,70126,72308,8,1
3375,66205,70126,70126,72308,8,1
3376,66213,67940,67940,70740,14,0
3377,66214,70126,70126,72308,8,1
3378,66218,67940,67940,70740,14,0
3379,66231,67940,67940,70740,14,0
3380,66234,67940,67940,70740,14,0
3381,66235,70126,70126,72308,8,1
3382,66236,67940,67940,70740,14,0
3383,66240,67940,67940,70740,14,0
3384,66259,67940,67940,70740,14,0
3385,66260,70126,70126,72308,8,1
3386,66263,68138,68138,70938,1,0
3387,66276,70126,70126,72308,8,1
3388,66279,68138,68138,70938,1,0
3389,66281,70126,70126,72308,8,1
3390,66283,70126,70126,72308,8,1
3391,66284,70126,70126,72308,8,1
3392,66293,68138,68138,70938,1,0
3393,66295,68138,68138,70938,1,0
3394,66298,70126,70126,72308,8,1
3395,66302,68138,68138,70938,1,0
3396,66303,68138,68138,70938,1,0
3397,66306,70126,70126,72308,8,1
3398,66310,68138,68138,70938,1,0
3399,66311,68138,68138,70938,1,0
3400,66311,70126,70126,72308,8,1
3401,66316,68138,68138,70938,1,0
3402,66316,70126,70126,72308,8,1
3403,66324,70126,70126,72308,8,1
3404,66328,70126,70126,72308,8,1
3405,66330,68138,68138,70938,1,0
3406,66333,68138,68138,70938,1,0
3407,66335,70126,70126,72308,8,1
3408,66338,68138,68138,70938,1,0
3409,66342,68138,68138,70938,1,0
3410,66350,68138,68138,70938,1,0
3411,66350,70126,70126,72308,8,1
3412,66383,68138,68138,70938,1,0
3413,66386,70126,70126,72308,8,1
3414,66387,70126,70126,72308,8,1
3415,66394,68138,68138,70938,1,0
3416,66395,70360,70360,72386,10,1
3417,66397,68138,68138,70938,1,0
3418,66403,70360,70360,72386,10,1
3419,66404,68138,68138,70938,1,0
3420,66414,70360,70360,72386,10,1
3421,66421,70360,70360,72386,10,1
3422,66431,70360,70360,72386,10,1
3423,66432,70360,70360,72386,10,1
3424,66437,68138,68138,70938,1,0
3425,66441,70360,70360,72386,10,1
3426,66464,68138,68138,70938,1,0
3427,66466,68354,68354,71154,3,0
3428,66472,70360,70360,72386,10,1
3429,66474,68354,68354,71154,3,0
3430,66480,68354,68354,71154,3,0
3431,66487,70360,70360,72386,10,1
3432,66494,70360,70360,72386,10,1
3433,66501,68354,68354,71154,3,0
3434,66502,70360,70360,72386,10,1
3435,66529,70360,70360,72386,10,1
3436,66551,70360,70360,72386,10,1
3437,66556,68354,68354,71154,3,0
3438,66560,70360,70360,72386,10,1
3439,66565,68354,68354,71154,3,0
3440,66566,68354,68354,71154,3,0
3441,66568,68354,68354,71154,3,0
3442,66576,68354,68354,71154,3,0
3443,66577,68354,68354,71154,3,0
3444,66580,70360,70360,72386,10,1
3445,66583,70360,70360,72386,10,1
3446,66587,68354,68354,71154,3,0
3447,66588,68354,68354,71154,3,0
3448,66588,70360,70360,72386,10,1
3449,66601,68354,68354,71154,3,0
3450,66610,68354,68354,71154,3,0
3451,66611,70360,70360,72386,10,1
3452,66613,68354,68354,71154,3,0
3453,66621,68354,68354,71154,3,0
3454,66625,68354,68354,71154,3,0
3455,66635,68354,68354,71154,3,0
3456,66637,68354,68354,71154,3,0
3457,66646,70360,70360,72386,10,1
3458,66649,70360,70360,72386,10,1
3459,66656,70546,70546,72448,12,1
3460,66662,68354,68354,71154,3,0
3461,66672,68590,68590,71390,5,0
3462,66675,70546,70546,72448,12,1
3463,66686,70546,70546,72448,12,1
3464,66704,70546,70546,72448,12,1
3465,66711,68590,68590,71390,5,0
3466,66711,70546,70546,72448,12,1
3467,66713,70546,70546,72448,12,1
3468,66719,68590,68590,71390,5,0
3469,66727,68590,68590,71390,5,0
3470,66730,68590,68590,71390,5,0
3471,66741,70546,70546,72448,12,1
3472,66747,68590,68590,71390,5,0
3473,66752,68590,68590,71390,5,0
3474,66765,70546,70546,72448,12,1
3475,66769,68590,68590,71390,5,0
3476,66783,70546,70546,72448,12,1
3477,66786,68590,68590,71390,5,0
3478,66787,70546,70546,72448,12,1
3479,66796,70546,70546,72448,12,1
3480,66800,70546,70546,72448,12,1
3481,66803,68590,68590,71390,5,0
3482,66807,70546,70546,72448,12,1
3483,66813,70546,70546,72448,12,1
3484,66825,70546,70546,72448,12,1
3485,66827,68590,68590,71390,5,0
3486,66827,70546,70546,72448,12,1
3487,66828,70546,70546,72448,12,1
3488,66847,70546,70546,72448,12,1
3489,66848,70546,70546,72448,12,1
3490,66849,68590,68590,71390,5,0
3491,66849,70546,70546,72448,12,1
3492,66854,68590,68590,71390,5,0
3493,66862,70741,70741,72513,14,1
3494,66876,70741,70741,72513,14,1
3495,66893,68590,68590,71390,5,0
3496,66895,68590,68590,71390,5,0
3497,66905,70741,70741,72513,14,1
3498,66909,70741,70741,72513,14,1
3499,66918,70741,70741,72513,14,1
3500,66922,70741,70741,72513,14,1
3501,66947,68590,68590,71390,5,0
3502,66967,70741,70741,72513,14,1
3503,66974,70741,70741,72513,14,1
3504,66986,68590,68590,71390,5,0
3505,66992,70741,70741,72513,14,1
3506,67002,70741,70741,72513,14,1
3507,67003,70741,70741,72513,14,1
3508,67024,70741,70741,72513,14,1
3509,67033,70741,70741,72513,14,1
3510,67038,70741,70741,72513,14,1
3511,67046,70741,70741,72513,14,1
3512,67051,70741,70741,72513,14,1
3513,67064,70741,70741,72513,14,1
3514,67065,70741,70741,72513,14,1
3515,67068,68590,68590,71390,5,0
3516,67068,70741,70741,72513,14,1
3517,67075,70741,70741,72513,14,1
3518,67083,70939,70939,72579,1,1
3519,67093,70939,70939,72579,1,1
3520,67094,68590,68590,71390,5,0
3521,67130,68590,68590,71390,5,0
3522,67131,69011,69011,71811,7,0
3523,67134,70939,70939,72579,1,1
3524,67138,69011,69011,71811,7,0
3525,67152,69011,69011,71811,7,0
3526,67158,70939,70939,72579,1,1
3527,67159,69011,69011,71811,7,0
3528,67161,70939,70939,72579,1,1
3529,67172,69011,69011,71811,7,0
3530,67177,70939,70939,72579,1,1
3531,67181,69011,69011,71811,7,0
3532,67200,70939,70939,72579,1,1
3533,67206,69011,69011,71811,7,0
3534,67210,70939,70939,72579,1,1
3535,67211,69011,69011,71811,7,0
3536,67216,70939,70939,72579,1,1
3537,67222,70939,70939,72579,1,1
3538,67232,70939,70939,72579,1,1
3539,67237,70939,70939,72579,1,1
3540,67245,70939,70939,72579,1,1
3541,67247,69011,69011,71811,7,0
3542,67252,69011,69011,71811,7,0
3543,67259,70939,70939,72579,1,1
3544,67264,69011,69011,71811,7,0
3545,67276,70939,70939,72579,1,1
3546,67309,70939,70939,72579,1,1
3547,67316,69011,69011,71811,7,0
3548,67316,70939,70939,72579,1,1
3549,67322,70939,70939,72579,1,1
3550,67326,69011,69011,71811,7,0
3551,67330,69011,69011,71811,7,0
3552,67338,69011,69011,71811,7,0
3553,67342,69011,69011,71811,7,0
3554,67343,69011,69011,71811,7,0
3555,67365,69011,69011,71811,7,0
3556,67368,69011,69011,71811,7,0
3557,67370,69011,69011,71811,7,0
3558,67372,69219,69219,72006,9,0
3559,67372,70939,70939,72579,1,1
3560,67375,69219,69219,72006,9,0
3561,67380,70939,70939,72579,1,1
3562,67381,69219,69219,72006,9,0
3563,67386,71155,71155,72651,3,1
3564,67409,71155,71155,72651,3,1
3565,67423,71155,71155,72651,3,1
3566,67429,71155,71155,72651,3,1
3567,67466,69219,69219,72006,9,0
3568,67469,69219,69219,72006,9,0
3569,67474,71155,71155,72651,3,1
3570,67475,69219,69219,72006,9,0
3571,67486,71155,71155,72651,3,1
3572,67487,71155,71155,72651,3,1
3573,67501,69219,69219,72006,9,0
3574,67513,69219,69219,72006,9,0
3575,67524,71155,71155,72651,3,1
3576,67526,71155,71155,72651,3,1
3577,67534,71155,71155,72651,3,1
3578,67536,71155,71155,72651,3,1
3579,67541,71155,71155,72651,3,1
3580,67549,71155,71155,72651,3,1
3581,67554,71155,71155,72651,3,1
3582,67558,71155,71155,72651,3,1
3583,67563,71155,71155,72651,3,1
3584,67564,69219,69219,72006,9,0
3585,67567,71155,71155,72651,3,1
3586,67568,69219,69219,72006,9,0
3587,67576,71155,71155,72651,3,1
3588,67582,69219,69219,72006,9,0
3589,67583,69219,69219,72006,9,0
3590,67590,69219,69219,72006,9,0
3591,67599,71155,71155,72651,3,1
3592,67601,69219,69219,72006,9,0
3593,67603,69219,69219,72006,9,0
3594,67618,69219,69219,72006,9,0
3595,67621,71155,71155,72651,3,1
3596,67623,69219,69219,72006,9,0
3597,67624,69219,69219,72006,9,0
3598,67628,69219,69219,72006,9,0
3599,67629,69219,69219,72006,9,0
3600,67657,69614,69614,72138,11,0
3601,67668,71391,71391,72730,5,1
3602,67687,71391,71391,72730,5,1
3603,67699,69614,69614,72138,11,0
3604,67702,69614,69614,72138,11,0
3605,67706,69614,69614,72138,11,0
3606,67711,71391,71391,72730,5,1
3607,67720,71391,71391,72730,5,1
3608,67733,71391,71391,72730,5,1
3609,67734,69614,69614,72138,11,0
3610,67734,71391,71391,72730,5,1
3611,67736,71391,71391,72730,5,1
3612,67741,69614,69614,72138,11,0
3613,67741,71391,71391,72730,5,1
3614,67747,71391,71391,72730,5,1
3615,67750,71391,71391,72730,5,1
3616,67753,69614,69614,72138,11,0
3617,67753,71391,71391,72730,5,1
3618,67759,71391,71391,72730,5,1
3619,67763,71391,71391,72730,5,1
3620,67771,69614,69614,72138,11,0
3621,67774,71391,71391,72730,5,1
3622,67777,71391,71391,72730,5,1
3623,67782,69614,69614,72138,11,0
3624,67787,69614,69614,72138,11,0
3625,67792,69614,69614,72138,11,0
3626,67796,69614,69614,72138,11,0
3627,67797,69614,69614,72138,11,0
3628,67799,71391,71391,72730,5,1
3629,67800,71391,71391,72730,5,1
3630,67811,71391,71391,72730,5,1
3631,67812,69614,69614,72138,11,0
3632,67813,69614,69614,72138,11,0
3633,67815,69614,69614,72138,11,0
3634,67815,71391,71391,72730,5,1
3635,67818,71391,71391,72730,5,1
3636,67823,69614,69614,72138,11,0
3637,67828,69614,69614,72138,11,0
3638,67849,71812,71812,72870,7,1
3639,67858,69614,69614,72138,11,0
3640,67862,71812,71812,72870,7,1
3641,67870,69614,69614,72138,11,0
3642,67870,71812,71812,72870,7,1
3643,67871,71812,71812,72870,7,1
3644,67880,71812,71812,72870,7,1
3645,67884,69895,69895,72231,13,0
3646,67891,71812,71812,72870,7,1
3647,67900,69895,69895,72231,13,0
3648,67900,71812,71812,72870,7,1
3649,67911,71812,71812,72870,7,1
3650,67914,69895,69895,72231,13,0
3651,67922,69895,69895,72231,13,0
3652,67928,71812,71812,72870,7,1
3653,67933,71812,71812,72870,7,1
3654,67940,71812,71812,72870,7,1
3655,67949,69895,69895,72231,13,0
3656,67951,69895,69895,72231,13,0
3657,67960,71812,71812,72870,7,1
3658,67975,71812,71812,72870,7,1
3659,67976,71812,71812,72870,7,1
3660,67978,71812,71812,72870,7,1
3661,67988,69895,69895,72231,13,0
3662,68001,69895,69895,72231,13,0
3663,68006,69895,69895,72231,13,0
3664,68012,69895,69895,72231,13,0
3665,68019,69895,69895,72231,13,0
3666,68049,69895,69895,72231,13,0
3667,68064,69895,69895,72231,13,0
3668,68069,71812,71812,72870,7,1
3669,68072,71812,71812,72870,7,1
3670,68078,69895,69895,72231,13,0
3671,68079,69895,69895,72231,13,0
3672,68089,71812,71812,72870,7,1
3673,68094,69895,69895,72231,13,0
3674,68103,71812,71812,72870,7,1
3675,68118,69895,69895,72231,13,0
3676,68124,69895,69895,72231,13,0
3677,68126,71812,71812,72870,7,1
3678,68128,72007,72007,72940,9,1
3679,68129,69895,69895,72231,13,0
3680,68134,69895,69895,72231,13,0
3681,68136,70141,70141,72313,0,0
3682,68189,72007,72007,72940,9,1
3683,68199,70141,70141,72313,0,0
3684,68200,72007,72007,72940,9,1
3685,68208,70141,70141,72313,0,0
3686,68214,72007,72007,72940,9,1
3687,68220,72007,72007,72940,9,1
3688,68221,72007,72007,72940,9,1
3689,68225,70141,70141,72313,0,0
3690,68228,72007,72007,72940,9,1
3691,68229,72007,72007,72940,9,1
3692,68236,72007,72007,72940,9,1
3693,68255,72007,72007,72940,9,1
3694,68260,72007,72007,72940,9,1
3695,68265,72007,72007,72940,9,1
3696,68280,70141,70141,72313,0,0
3697,68281,70141,70141,72313,0,0
3698,68292,72007,72007,72940,9,1
3699,68318,70141,70141,72313,0,0
3700,68326,70141,70141,72313,0,0
3701,68333,72007,72007,72940,9,1
3702,68336,70141,70141,72313,0,0
3703,68337,70141,70141,72313,0,0
3704,68349,70141,70141,72313,0,0
3705,68361,70141,70141,72313,0,0
3706,68363,72007,72007,72940,9,1
3707,68373,70141,70141,72313,0,0
3708,68373,72007,72007,72940,9,1
3709,68380,70141,70141,72313,0,0
3710,68391,70141,70141,72313,0,0
3711,68402,72007,72007,72940,9,1
3712,68438,70141,70141,72313,0,0
3713,68451,70141,70141,72313,0,0
3714,68457,72007,72007,72940,9,1
3715,68458,70141,70141,72313,0,0
3716,68468,72007,72007,72940,9,1
3717,68507,70141,70141,72313,0,0
3718,68535,70141,70141,72313,0,0
3719,68539,72007,72007,72940,9,1
3720,68548,70924,70924,72574,2,0
3721,68568,70924,70924,72574,2,0
3722,68572,70924,70924,72574,2,0
3723,68583,72139,72139,73072,11,1
3724,68588,70924,70924,72574,2,0
3725,68599,72139,72139,73072,11,1
3726,68600,70924,70924,72574,2,0
3727,68602,72139,72139,73072,11,1
3728,68610,72139,72139,73072,11,1
3729,68614,70924,70924,72574,2,0
3730,68616,72139,72139,73072,11,1
3731,68626,72139,72139,73072,11,1
3732,68627,70924,70924,72574,2,0
3733,68635,72139,72139,73072,11,1
3734,68644,70924,70924,72574,2,0
3735,68648,70924,70924,72574,2,0
3736,68653,70924,70924,72574,2,0
3737,68657,70924,70924,72574,2,0
3738,68658,70924,70924,72574,2,0
3739,68659,70924,70924,72574,2,0
3740,68663,72139,72139,73072,11,1
3741,68672,72139,72139,73072,11,1
3742,68686,72139,72139,73072,11,1
3743,68691,72139,72139,73072,11,1
3744,68701,70924,70924,72574,2,0
3745,68704,72139,72139,73072,11,1
3746,68713,72139,72139,73072,11,1
3747,68717,72139,72139,73072,11,1
3748,68736,70924,70924,72574,2,0
3749,68736,72139,72139,73072,11,1
3750,68758,72139,72139,73072,11,1
3751,68759,70924,70924,72574,2,0
3752,68764,70924,70924,72574,2,0
3753,68767,72139,72139,73072,11,1
3754,68771,70924,70924,72574,2,0
3755,68773,70924,70924,72574,2,0
3756,68783,70924,70924,72574,2,0
3757,68795,72166,72166,73099,4,0
3758,68801,72139,72139,73072,11,1
3759,68811,72139,72139,73072,11,1
3760,68832,72139,72139,73072,11,1
3761,68839,72166,72166,73099,4,0
3762,68839,72232,72232,73165,13,1
3763,68848,72166,72166,73099,4,0
3764,68856,72166,72166,73099,4,0
3765,68857,72166,72166,73099,4,0
3766,68865,72166,72166,73099,4,0
3767,68869,72166,72166,73099,4,0
3768,68871,72166,72166,73099,4,0
3769,68875,72166,72166,73099,4,0
3770,68885,72232,72232,73165,13,1
3771,68890,72166,72166,73099,4,0
3772,68892,72166,72166,73099,4,0
3773,68900,72232,72232,73165,13,1
3774,68904,72166,72166,73099,4,0
3775,68905,72166,72166,73099,4,0
3776,68918,72166,72166,73099,4,0
3777,68921,72166,72166,73099,4,0
3778,68934,72166,72166,73099,4,0
3779,68935,72166,72166,73099,4,0
3780,68937,72166,72166,73099,4,0
3781,68953,72232,72232,73165,13,1
3782,68963,72232,72232,73165,13,1
3783,68967,72232,72232,73165,13,1
3784,68968,72232,72232,73165,13,1
3785,68969,72232,72232,73165,13,1
3786,68971,72166,72166,73099,4,0
3787,68982,72232,72232,73165,13,1
3788,68983,72166,72166,73099,4,0
3789,69000,72229,72229,73162,6,0
3790,69001,72232,72232,73165,13,1
3791,69004,72229,72229,73162,6,0
3792,69004,72232,72232,73165,13,1
3793,69006,72232,72232,73165,13,1
3794,69017,72232,72232,73165,13,1
3795,69023,72232,72232,73165,13,1
3796,69033,72229,72229,73162,6,0
3797,69034,72229,72229,73162,6,0
3798,69042,72232,72232,73165,13,1
3799,69043,72229,72229,73162,6,0
3800,69043,72232,72232,73165,13,1
3801,69050,72232,72232,73165,13,1
3802,69052,72232,72232,73165,13,1
3803,69053,72232,72232,73165,13,1
3804,69054,72229,72229,73162,6,0
3805,69069,72229,72229,73162,6,0
3806,69072,72232,72232,73165,13,1
3807,69076,72314,72314,73247,0,1
3808,69104,72229,72229,73162,6,0
3809,69108,72314,72314,73247,0,1
3810,69110,72314,72314,73247,0,1
3811,69114,72314,72314,73247,0,1
3812,69119,72229,72229,73162,6,0
3813,69124,72314,72314,73247,0,1
3814,69125,72229,72229,73162,6,0
3815,69128,72314,72314,73247,0,1
3816,69129,72229,72229,73162,6,0
3817,69146,72229,72229,73162,6,0
3818,69167,72229,72229,73162,6,0
3819,69178,72314,72314,73247,0,1
3820,69184,72314,72314,73247,0,1
3821,69193,72314,72314,73247,0,1
3822,69196,72229,72229,73162,6,0
3823,69199,72229,72229,73162,6,0
3824,69202,72229,72229,73162,6,0
3825,69206,72314,72314,73247,0,1
3826,69211,72229,72229,73162,6,0
3827,69217,72229,72229,73162,6,0
3828,69219,72314,72314,73247,0,1
3829,69224,72314,72314,73247,0,1
3830,69235,72229,72229,73162,6,0
3831,69243,72229,72229,73162,6,0
3832,69244,72314,72314,73247,0,1
3833,69246,72314,72314,73247,0,1
3834,69248,72309,72309,73242,8,0
3835,69249,72309,72309,73242,8,0
3836,69252,72309,72309,73242,8,0
3837,69257,72314,72314,73247,0,1
3838,69263,72309,72309,73242,8,0
3839,69274,72314,72314,73247,0,1
3840,69279,72309,72309,73242,8,0
3841,69295,72314,72314,73247,0,1
3842,69298,72314,72314,73247,0,1
3843,69299,72314,72314,73247,0,1
3844,69301,72314,72314,73247,0,1
3845,69315,72309,72309,73242,8,0
3846,69317,72575,72575,73508,2,1
3847,69320,72575,72575,73508,2,1
3848,69322,72575,72575,73508,2,1
3849,69337,72309,72309,73242,8,0
3850,69339,72309,72309,73242,8,0
3851,69355,72575,72575,73508,2,1
3852,69357,72575,72575,73508,2,1
3853,69375,72309,72309,73242,8,0
3854,69376,72309,72309,73242,8,0
3855,69382,72309,72309,73242,8,0
3856,69383,72309,72309,73242,8,0
3857,69393,72575,72575,73508,2,1
3858,69410,72575,72575,73508,2,1
3859,69411,72309,72309,73242,8,0
3860,69414,72309,72309,73242,8,0
3861,69418,72309,72309,73242,8,0
3862,69420,72575,72575,73508,2,1
3863,69427,72309,72309,73242,8,0
3864,69431,72575,72575,73508,2,1
3865,69435,72309,72309,73242,8,0
3866,69444,72575,72575,73508,2,1
3867,69446,72309,72309,73242,8,0
3868,69454,72309,72309,73242,8,0
3869,69462,72309,72309,73242,8,0
3870,69462,72575,72575,73508,2,1
3871,69478,72387,72387,73320,10,0
3872,69480,72575,72575,73508,2,1
3873,69488,72575,72575,73508,2,1
3874,69491,72575,72575,73508,2,1
3875,69492,72387,72387,73320,10,0
3876,69495,72575,72575,73508,2,1
3877,69506,72575,72575,73508,2,1
3878,69516,72387,72387,73320,10,0
3879,69525,72387,72387,73320,10,0
3880,69527,72575,72575,73508,2,1
3881,69528,72575,72575,73508,2,1
3882,69542,72575,72575,73508,2,1
3883,69549,72387,72387,73320,10,0
3884,69550,72575,72575,73508,2,1
3885,69564,72387,72387,73320,10,0
3886,69576,73100,73100,74033,4,1
3887,69577,72387,72387,73320,10,0
3888,69590,72387,72387,73320,10,0
3889,69590,73100,73100,74033,4,1
3890,69608,72387,72387,73320,10,0
3891,69609,72387,72387,73320,10,0
3892,69609,73100,73100,74033,4,1
3893,69613,73100,73100,74033,4,1
3894,69617,72387,72387,73320,10,0
3895,69624,72387,72387,73320,10,0
3896,69627,73100,73100,74033,4,1
3897,69632,73100,73100,74033,4,1
3898,69634,72387,72387,73320,10,0
3899,69638,73100,73100,74033,4,1
3900,69648,73100,73100,74033,4,1
3901,69650,73100,73100,74033,4,1
3902,69659,73100,73100,74033,4,1
3903,69670,72387,72387,73320,10,0
3904,69673,73100,73100,74033,4,1
3905,69674,72387,72387,73320,10,0
3906,69679,73100,73100,74033,4,1
3907,69681,73100,73100,74033,4,1
3908,69691,73100,73100,74033,4,1
3909,69706,73100,73100,74033,4,1
3910,69717,73100,73100,74033,4,1
3911,69718,73100,73100,74033,4,1
3912,69721,72387,72387,73320,10,0
3913,69748,72387,72387,73320,10,0
3914,69750,72387,72387,73320,10,0
3915,69751,72387,72387,73320,10,0
3916,69754,73100,73100,74033,4,1
3917,69756,72387,72387,73320,10,0
3918,69763,73100,73100,74033,4,1
3919,69776,72449,72449,73382,12,0
3920,69777,73100,73100,74033,4,1
3921,69780,73163,73163,74096,6,1
3922,69783,73163,73163,74096,6,1
3923,69804,73163,73163,74096,6,1
3924,69807,73163,73163,74096,6,1
3925,69809,73163,73163,74096,6,1
3926,69815,72449,72449,73382,12,0
3927,69819,73163,73163,74096,6,1
3928,69830,72449,72449,73382,12,0
3929,69831,72449,72449,73382,12,0
3930,69836,72449,72449,73382,12,0
3931,69843,73163,73163,74096,6,1
3932,69845,73163,73163,74096,6,1
3933,69847,73163,73163,74096,6,1
3934,69848,73163,73163,74096,6,1
3935,69850,73163,73163,74096,6,1
3936,69851,73163,73163,74096,6,1
3937,69857,73163,73163,74096,6,1
3938,69878,72449,72449,73382,12,0
3939,69881,72449,72449,73382,12,0
3940,69900,72449,72449,73382,12,0
3941,69917,72449,72449,73382,12,0
3942,69919,72449,72449,73382,12,0
3943,69925,72449,72449,73382,12,0
3944,69933,72449,72449,73382,12,0
3945,69960,72449,72449,73382,12,0
3946,69966,72449,72449,73382,12,0
3947,69969,73163,73163,74096,6,1
3948,69988,73163,73163,74096,6,1
3949,69995,72449,72449,73382,12,0
3950,69998,72449,72449,73382,12,0
3951,70020,72449,72449,73382,12,0
3952,70023,72449,72449,73382,12,0
3953,70031,72449,72449,73382,12,0
3954,70031,73163,73163,74096,6,1
3955,70050,72449,72449,73382,12,0
3956,70056,73163,73163,74096,6,1
3957,70060,73163,73163,74096,6,1
3958,70068,72514,72514,73447,14,0
3959,70076,72514,72514,73447,14,0
3960,70078,73163,73163,74096,6,1
3961,70084,73163,73163,74096,6,1
3962,70085,72514,72514,73447,14,0
3963,70086,72514,72514,73447,14,0
3964,70087,72514,72514,73447,14,0
3965,70092,73243,73243,74176,8,1
3966,70093,72514,72514,73447,14,0
3967,70099,72514,72514,73447,14,0
3968,70099,73243,73243,74176,8,1
3969,70100,72514,72514,73447,14,0
3970,70110,72514,72514,73447,14,0
3971,70116,73243,73243,74176,8,1
3972,70124,72514,72514,73447,14,0
3973,70137,72514,72514,73447,14,0
3974,70143,72514,72514,73447,14,0
3975,70158,73243,73243,74176,8,1
3976,70173,72514,72514,73447,14,0
3977,70178,73243,73243,74176,8,1
3978,70195,72514,72514,73447,14,0
3979,70200,73243,73243,74176,8,1
3980,70201,72514,72514,73447,14,0
3981,70204,72514,72514,73447,14,0
3982,70206,73243,73243,74176,8,1
3983,70217,73243,73243,74176,8,1
3984,70225,73243,73243,74176,8,1
3985,70232,72514,72514,73447,14,0
3986,70247,73243,73243,74176,8,1
3987,70264,72514,72514,73447,14,0
3988,70268,72514,72514,73447,14,0
3989,70274,73243,73243,74176,8,1
3990,70280,72514,72514,73447,14,0
3991,70299,73243,73243,74176,8,1
3992,70306,72580,72580,73513,1,0
3993,70321,73243,73243,74176,8,1
3994,70322,72580,72580,73513,1,0
3995,70330,73243,73243,74176,8,1
3996,70334,72580,72580,73513,1,0
3997,70336,73243,73243,74176,8,1
3998,70346,72580,72580,73513,1,0
3999,70352,72580,72580,73513,1,0
4000,70355,72580,72580,73513,1,0
4001,70379,73243,73243,74176,8,1
4002,70382,72580,72580,73513,1,0
4003,70386,72580,72580,73513,1,0
4004,70392,73243,73243,74176,8,1
4005,70393,72580,72580,73513,1,0
4006,70399,73243,73243,74176,8,1
4007,70411,72580,72580,73513,1,0
4008,70414,73243,73243,74176,8,1
4009,70441,72580,72580,73513,1,0
4010,70441,73243,73243,74176,8,1
4011,70445,72580,72580,73513,1,0
4012,70448,73321,73321,74254,10,1
4013,70459,72580,72580,73513,1,0
4014,70462,72580,72580,73513,1,0
4015,70465,73321,73321,74254,10,1
4016,70476,73321,73321,74254,10,1
4017,70505,73321,73321,74254,10,1
4018,70506,73321,73321,74254,10,1
4019,70509,73321,73321,74254,10,1
4020,70513,73321,73321,74254,10,1
4021,70521,72580,72580,73513,1,0
4022,70523,73321,73321,74254,10,1
4023,70526,72580,72580,73513,1,0
4024,70527,72580,72580,73513,1,0
4025,70527,73321,73321,74254,10,1
4026,70545,72580,72580,73513,1,0
4027,70554,73321,73321,74254,10,1
4028,70556,72580,72580,73513,1,0
4029,70557,73321,73321,74254,10,1
4030,70560,73321,73321,74254,10,1
4031,70563,72580,72580,73513,1,0
4032,70565,73321,73321,74254,10,1
4033,70568,72652,72652,73585,3,0
4034,70591,73321,73321,74254,10,1
4035,70599,73321,73321,74254,10,1
4036,70600,72652,72652,73585,3,0
4037,70600,73321,73321,74254,10,1
4038,70602,73321,73321,74254,10,1
4039,70612,72652,72652,73585,3,0
4040,70613,72652,72652,73585,3,0
4041,70622,73321,73321,74254,10,1
4042,70627,73321,73321,74254,10,1
4043,70628,72652,72652,73585,3,0
4044,70629,72652,72652,73585,3,0
4045,70638,72652,72652,73585,3,0
4046,70641,72652,72652,73585,3,0
4047,70644,73321,73321,74254,10,1
4048,70645,73383,73383,74316,12,1
4049,70647,73383,73383,74316,12,1
4050,70648,73383,73383,74316,12,1
4051,70651,73383,73383,74316,12,1
4052,70652,73383,73383,74316,12,1
4053,70655,73383,73383,74316,12,1
4054,70662,73383,73383,74316,12,1
4055,70673,73383,73383,74316,12,1
4056,70683,73383,73383,74316,12,1
4057,70684,72652,72652,73585,3,0
4058,70688,73383,73383,74316,12,1
4059,70693,72652,72652,73585,3,0
4060,70695,72652,72652,73585,3,0
4061,70697,72652,72652,73585,3,0
4062,70707,72652,72652,73585,3,0
4063,70730,73383,73383,74316,12,1
4064,70736,72652,72652,73585,3,0
4065,70751,73383,73383,74316,12,1
4066,70756,72652,72652,73585,3,0
4067,70758,72652,72652,73585,3,0
4068,70774,72652,72652,73585,3,0
4069,70774,73383,73383,74316,12,1
4070,70781,72652,72652,73585,3,0
4071,70784,72652,72652,73585,3,0
4072,70785,72652,72652,73585,3,0
4073,70789,73383,73383,74316,12,1
4074,70790,73383,73383,74316,12,1
4075,70794,72731,72731,73664,5,0
4076,70801,72731,72731,73664,5,0
4077,70803,72731,72731,73664,5,0
4078,70806,72731,72731,73664,5,0
4079,70807,72731,72731,73664,5,0
4080,70822,72731,72731,73664,5,0
4081,70823,72731,72731,73664,5,0
4082,70823,73383,73383,74316,12,1
4083,70827,73383,73383,74316,12,1
4084,70857,72731,72731,73664,5,0
4085,70857,73383,73383,74316,12,1
4086,70860,73383,73383,74316,12,1
4087,70864,73383,73383,74316,12,1
4088,70868,72731,72731,73664,5,0
4089,70879,72731,72731,73664,5,0
4090,70881,73448,73448,74381,14,1
4091,70886,72731,72731,73664,5,0
4092,70890,73448,73448,74381,14,1
4093,70891,72731,72731,73664,5,0
4094,70895,73448,73448,74381,14,1
4095,70901,73448,73448,74381,14,1
4096,70903,72731,72731,73664,5,0
4097,70910,72731,72731,73664,5,0
4098,70911,72731,72731,73664,5,0
4099,70912,73448,73448,74381,14,1
4100,70924,72731,72731,73664,5,0
4101,70924,73448,73448,74381,14,1
4102,70925,72731,72731,73664,5,0
4103,70927,72731,72731,73664,5,0
4104,70931,73448,73448,74381,14,1
4105,70932,72731,72731,73664,5,0
4106,70933,72731,72731,73664,5,0
4107,70938,72871,72871,73804,7,0
4108,70940,73448,73448,74381,14,1
4109,70944,73448,73448,74381,14,1
4110,70945,72871,72871,73804,7,0
4111,70946,72871,72871,73804,7,0
4112,70951,72871,72871,73804,7,0
4113,70956,73448,73448,74381,14,1
4114,70960,73448,73448,74381,14,1
4115,70969,72871,72871,73804,7,0
4116,70978,72871,72871,73804,7,0
4117,70981,73448,73448,74381,14,1
4118,70984,72871,72871,73804,7,0
4119,70984,73448,73448,74381,14,1
4120,70985,73448,73448,74381,14,1
4121,70993,73448,73448,74381,14,1
4122,70996,72871,72871,73804,7,0
4123,71008,73448,73448,74381,14,1
4124,71009,72871,72871,73804,7,0
4125,71012,72871,72871,73804,7,0
4126,71018,72871,72871,73804,7,0
4127,71020,73448,73448,74381,14,1
4128,71025,73448,73448,74381,14,1
4129,71027,72871,72871,73804,7,0
4130,71042,72871,72871,73804,7,0
4131,71044,73448,73448,74381,14,1
4132,71047,73448,73448,74381,14,1
4133,71049,73514,73514,74447,1,1
4134,71061,72871,72871,73804,7,0
4135,71062,72871,72871,73804,7,0
4136,71062,73514,73514,74447,1,1
4137,71071,72871,72871,73804,7,0
4138,71071,73514,73514,74447,1,1
4139,71072,72871,72871,73804,7,0
4140,71073,72871,72871,73804,7,0
4141,71073,73514,73514,74447,1,1
4142,71093,73514,73514,74447,1,1
4143,71103,73514,73514,74447,1,1
4144,71111,72871,72871,73804,7,0
4145,71113,72871,72871,73804,7,0
4146,71124,73514,73514,74447,1,1
4147,71136,72941,72941,73874,9,0
4148,71136,73514,73514,74447,1,1
4149,71140,73514,73514,74447,1,1
4150,71142,73514,73514,74447,1,1
4151,71147,72941,72941,73874,9,0
4152,71152,72941,72941,73874,9,0
4153,71157,73514,73514,74447,1,1
4154,71159,73514,73514,74447,1,1
4155,71168,73514,73514,74447,1,1
4156,71187,73514,73514,74447,1,1
4157,71188,72941,72941,73874,9,0
4158,71189,72941,72941,73874,9,0
4159,71192,72941,72941,73874,9,0
4160,71196,72941,72941,73874,9,0
4161,71212,73514,73514,74447,1,1
4162,71219,73514,73514,74447,1,1
4163,71220,73514,73514,74447,1,1
4164,71229,73514,73514,74447,1,1
4165,71231,72941,72941,73874,9,0
4166,71232,72941,72941,73874,9,0
4167,71233,73514,73514,74447,1,1
4168,71243,73514,73514,74447,1,1
4169,71244,72941,72941,73874,9,0
4170,71245,73586,73586,74519,3,1
4171,71251,72941,72941,73874,9,0
4172,71256,72941,72941,73874,9,0
4173,71262,72941,72941,73874,9,0
4174,71267,73586,73586,74519,3,1
4175,71273,73586,73586,74519,3,1
4176,71274,73586,73586,74519,3,1
4177,71275,72941,72941,73874,9,0
4178,71279,72941,72941,73874,9,0
4179,71285,73586,73586,74519,3,1
4180,71296,72941,72941,73874,9,0
4181,71304,72941,72941,73874,9,0
4182,71308,72941,72941,73874,9,0
4183,71310,72941,72941,73874,9,0
4184,71312,73586,73586,74519,3,1
4185,71319,73586,73586,74519,3,1
4186,71325,72941,72941,73874,9,0
4187,71329,73073,73073,74006,11,0
4188,71343,73586,73586,74519,3,1
4189,71346,73073,73073,74006,11,0
4190,71353,73073,73073,74006,11,0
4191,71356,73073,73073,74006,11,0
4192,71362,73073,73073,74006,11,0
4193,71367,73586,73586,74519,3,1
4194,71372,73073,73073,74006,11,0
4195,71377,73586,73586,74519,3,1
4196,71378,73073,73073,74006,11,0
4197,71378,73586,73586,74519,3,1
4198,71387,73073,73073,74006,11,0
4199,71390,73586,73586,74519,3,1
4200,71392,73586,73586,74519,3,1
4201,71403,73073,73073,74006,11,0
4202,71406,73586,73586,74519,3,1
4203,71412,73073,73073,74006,11,0
4204,71414,73586,73586,74519,3,1
4205,71415,73586,73586,74519,3,1
4206,71421,73586,73586,74519,3,1
4207,71423,73586,73586,74519,3,1
4208,71428,73073,73073,74006,11,0
4209,71430,73586,73586,74519,3,1
4210,71435,73073,73073,74006,11,0
4211,71436,73073,73073,74006,11,0
4212,71438,73586,73586,74519,3,1
4213,71441,73665,73665,74598,5,1
4214,71445,73073,73073,74006,11,0
4215,71449,73665,73665,74598,5,1
4216,71458,73073,73073,74006,11,0
4217,71464,73665,73665,74598,5,1
4218,71466,73073,73073,74006,11,0
4219,71466,73665,73665,74598,5,1
4220,71467,73073,73073,74006,11,0
4221,71468,73073,73073,74006,11,0
4222,71470,73073,73073,74006,11,0
4223,71475,73073,73073,74006,11,0
4224,71489,73665,73665,74598,5,1
4225,71490,73166,73166,74099,13,0
4226,71493,73665,73665,74598,5,1
4227,71495,73665,73665,74598,5,1
4228,71499,73166,73166,74099,13,0
4229,71502,73665,73665,74598,5,1
4230,71521,73665,73665,74598,5,1
4231,71529,73166,73166,74099,13,0
4232,71529,73665,73665,74598,5,1
4233,71532,73166,73166,74099,13,0
4234,71532,73665,73665,74598,5,1
4235,71543,73166,73166,74099,13,0
4236,71551,73166,73166,74099,13,0
4237,71569,73166,73166,74099,13,0
4238,71572,73166,73166,74099,13,0
4239,71574,73166,73166,74099,13,0
4240,71575,73665,73665,74598,5,1
4241,71586,73665,73665,74598,5,1
4242,71587,73166,73166,74099,13,0
4243,71589,73166,73166,74099,13,0
4244,71598,73166,73166,74099,13,0
4245,71599,73665,73665,74598,5,1
4246,71611,73665,73665,74598,5,1
4247,71614,73166,73166,74099,13,0
4248,71618,73166,73166,74099,13,0
4249,71641,73665,73665,74598,5,1
4250,71647,73166,73166,74099,13,0
4251,71654,73665,73665,74598,5,1
4252,71658,73166,73166,74099,13,0
4253,71660,73166,73166,74099,13,0
4254,71660,73665,73665,74598,5,1
4255,71665,73166,73166,74099,13,0
4256,71667,73166,73166,74099,13,0
4257,71667,73665,73665,74598,5,1
4258,71670,73166,73166,74099,13,0
4259,71686,73248,73248,74181,0,0
4260,71702,73665,73665,74598,5,1
4261,71706,73805,73805,74738,7,1
4262,71715,73248,73248,74181,0,0
4263,71718,73248,73248,74181,0,0
4264,71720,73248,73248,74181,0,0
4265,71737,73248,73248,74181,0,0
4266,71737,73805,73805,74738,7,1
4267,71739,73248,73248,74181,0,0
4268,71746,73248,73248,74181,0,0
4269,71752,73805,73805,74738,7,1
4270,71753,73805,73805,74738,7,1
4271,71755,73805,73805,74738,7,1
4272,71772,73248,73248,74181,0,0
4273,71773,73805,73805,74738,7,1
4274,71774,73805,73805,74738,7,1
4275,71778,73248,73248,74181,0,0
4276,71778,73805,73805,74738,7,1
4277,71779,73805,73805,74738,7,1
4278,71780,73248,73248,74181,0,0
4279,71785,73248,73248,74181,0,0
4280,71792,73248,73248,74181,0,0
4281,71802,73248,73248,74181,0,0
4282,71803,73805,73805,74738,7,1
4283,71810,73805,73805,74738,7,1
4284,71820,73248,73248,74181,0,0
4285,71824,73805,73805,74738,7,1
4286,71847,73805,73805,74738,7,1
4287,71849,73248,73248,74181,0,0
4288,71870,73805,73805,74738,7,1
4289,71874,73805,73805,74738,7,1
4290,71878,73805,73805,74738,7,1
4291,71879,73248,73248,74181,0,0
4292,71904,73248,73248,74181,0,0
4293,71906,73248,73248,74181,0,0
4294,71915,73248,73248,74181,0,0
4295,71925,73248,73248,74181,0,0
4296,71942,73509,75330,76263,2,0
4297,71944,73509,75330,76263,2,0
4298,71951,73509,75330,76263,2,0
4299,71956,73509,75330,76263,2,0
4300,71957,73509,75330,76263,2,0
4301,71970,73805,73805,74738,7,1
4302,71972,73805,73805,74738,7,1
4303,71982,73509,75330,76263,2,0
4304,71991,73805,73805,74738,7,1
4305,71994,73805,73805,74738,7,1
4306,71999,73875,78223,79156,9,1
4307,72063,73509,75330,76263,2,0
4308,72067,73875,78223,79156,9,1
4309,72101,73875,78223,79156,9,1
4310,72226,73875,78223,79156,9,1
4311,72370,73875,78223,79156,9,1
4312,72375,73509,75330,76263,2,0
4313,72480,73875,78223,79156,9,1
4314,72574,73509,75330,76263,2,0
4315,72829,73875,78223,79156,9,1
4316,72881,73509,75330,76263,2,0
4317,72914,73875,78223,79156,9,1
4318,73317,73875,78223,79156,9,1
4319,73624,73624,75330,76263,2,0
4320,73649,73649,75330,76263,2,0
4321,73650,73650,75330,76263,2,0
4322,73680,73680,75330,76263,2,0
4323,73778,73778,75330,76263,2,0
4324,73937,73937,75330,76263,2,0
4325,74422,74422,78223,79156,9,1
4326,74443,74443,78223,79156,9,1
4327,74642,74642,78223,79156,9,1
4328,75067,75067,75330,76263,2,0
4329,75289,75289,75330,76263,2,0
4330,75313,75313,75330,76263,2,0
4331,75330,75330,75330,76263,2,0
4332,75427,75427,78223,79156,9,1
4333,75622,75622,78223,79156,9,1
4334,75631,75631,81555,82488,4,0
4335,75779,75779,81555,82488,4,0
4336,75899,75899,81555,82488,4,0
4337,75998,75998,81555,82488,4,0
4338,76688,76688,78223,79156,9,1
4339,76895,76895,81555,82488,4,0
4340,77268,77268,78223,79156,9,1
4341,77566,77566,81555,82488,4,0
4342,77736,77736,78223,79156,9,1
4343,77863,77863,78223,79156,9,1
4344,78079,78079,78223,79156,9,1
4345,78199,78199,81555,82488,4,0
4346,78223,78223,78223,79156,9,1
4347,78279,78279,81555,82488,4,0
4348,78363,78363,81555,82488,4,0
4349,78597,78597,81555,82488,4,0
4350,78898,78898,81555,82488,4,0
4351,79385,79385,81555,82488,4,0
4352,79605,79605,85144,86077,11,1
4353,79845,79845,85144,86077,11,1
4354,80001,80001,85144,86077,11,1
4355,80356,80356,81555,82488,4,0
4356,80397,80397,81555,82488,4,0
4357,80475,80475,81555,82488,4,0
4358,80555,80555,81555,82488,4,0
4359,80796,80796,85144,86077,11,1
4360,80856,80856,81555,82488,4,0
4361,80871,80871,85144,86077,11,1
4362,80888,80888,85144,86077,11,1
4363,80899,80899,81555,82488,4,0
4364,81044,81044,85144,86077,11,1
4365,81429,81429,85144,86077,11,1
4366,81455,81455,81555,82488,4,0
4367,81551,81551,85144,86077,11,1
4368,81555,81555,81555,82488,4,0
4369,81594,81594,0,0,6,0
4370,81602,81602,0,0,6,0
4371,81806,81806,85144,86077,11,1
4372,81815,81815,85144,86077,11,1
4373,82494,82494,85144,86077,11,1
4374,82599,82599,85144,86077,11,1
4375,82685,82685,0,0,6,0
4376,82896,82896,0,0,6,0
4377,83118,83118,0,0,6,0
4378,83231,83231,0,0,6,0
4379,83343,83343,0,0,6,0
4380,83464,83464,0,0,6,0
4381,84035,84035,0,0,6,0
4382,84355,84355,85144,86077,11,1
4383,84357,84357,85144,86077,11,1
4384,84490,84490,85144,86077,11,1
4385,84703,84703,0,0,6,0
4386,84877,84877,0,0,6,0
4387,84927,84927,85144,86077,11,1
4388,85028,85028,85144,86077,11,1
4389,85052,85052,85144,86077,11,1
4390,85137,85137,0,0,6,0
4391,85143,85143,0,0,6,0
4392,85144,85144,85144,86077,11,1
4393,85206,85206,0,0,6,0
4394,85387,85387,0,0,13,1
4395,85619,85619,0,0,6,0
4396,85873,85873,0,0,13,1
4397,86217,86217,0,0,6,0
4398,86325,86325,0,0,13,1
4399,86400,86400,0,0,6,0
