passenger_id,terminal_arrival_time,board_time,leave_time,destination_arrival_time,boarded_jeep,terminal
0,889,889,11449,12289,1,1
1,1240,1240,11449,12289,1,1
2,1861,1861,11449,12289,1,1
3,1889,1889,11449,12289,1,1
4,2483,2483,11449,12289,1,1
5,3529,3529,11449,12289,1,1
6,3976,3976,11449,12289,1,1
7,4223,4223,11449,12289,1,1
8,4224,4224,16556,17396,0,0
9,4249,4249,16556,17396,0,0
10,4590,4590,11449,12289,1,1
11,4599,4599,11449,12289,1,1
12,4709,4709,11449,12289,1,1
13,5374,5374,16556,17396,0,0
14,5377,5377,11449,12289,1,1
15,5466,5466,11449,12289,1,1
16,6049,6049,11449,12289,1,1
17,6360,6360,16556,17396,0,0
18,6779,6779,11449,12289,1,1
19,6956,6956,16556,17396,0,0
20,7597,7597,11449,12289,1,1
21,8380,8380,16556,17396,0,0
22,8463,8463,16556,17396,0,0
23,8712,8712,11449,12289,1,1
24,8966,8966,11449,12289,1,1
25,9274,9274,11449,12289,1,1
26,9302,9302,16556,17396,0,0
27,9367,9367,16556,17396,0,0
28,9617,9617,16556,17396,0,0
29,10403,10403,16556,17396,0,0
30,11449,11449,11449,12289,1,1
31,11466,11466,21062,22606,3,1
32,12426,12426,21062,22606,3,1
33,12516,12516,16556,17396,0,0
34,12847,12847,21062,22606,3,1
35,12943,12943,21062,22606,3,1
36,13188,13188,16556,17396,0,0
37,13275,13275,21062,22606,3,1
38,13384,13384,16556,17396,0,0
39,13573,13573,21062,22606,3,1
40,13636,13636,16556,17396,0,0
41,14096,14096,21062,22606,3,1
42,14528,14528,21062,22606,3,1
43,14662,14662,16556,17396,0,0
44,15175,15175,16556,17396,0,0
45,15294,15294,16556,17396,0,0
46,15418,15418,16556,17396,0,0
47,15750,15750,21062,22606,3,1
48,16299,16299,21062,22606,3,1
49,16476,16476,21062,22606,3,1
50,16556,16556,16556,17396,0,0
51,17268,17268,21737,24537,2,0
52,17668,17668,21062,22606,3,1
53,17692,17692,21062,22606,3,1
54,18203,18203,21062,22606,3,1
55,18287,18287,21737,24537,2,0
56,18351,18351,21062,22606,3,1
57,18759,18759,21737,24537,2,0
58,18800,18800,21737,24537,2,0
59,19020,19020,21062,22606,3,1
60,19728,19728,21737,24537,2,0
61,20333,20333,21062,22606,3,1
62,20447,20447,21062,22606,3,1
63,20990,20990,21062,22606,3,1
64,21062,21062,21062,22606,3,1
65,21605,21605,21737,24537,2,0
66,21607,21607,21846,24646,5,1
67,21609,21609,21846,24646,5,1
68,21617,21617,21737,24537,2,0
69,21619,21619,21737,24537,2,0
70,21647,21647,21737,24537,2,0
71,21648,21648,21846,24646,5,1
72,21656,21656,21737,24537,2,0
73,21658,21658,21846,24646,5,1
74,21672,21672,21737,24537,2,0
75,21673,21673,21737,24537,2,0
76,21673,21673,21846,24646,5,1
77,21674,21674,21846,24646,5,1
78,21688,21688,21737,24537,2,0
79,21696,21696,21737,24537,2,0
80,21700,21700,21846,24646,5,1
81,21702,21702,21846,24646,5,1
82,21705,21705,21737,24537,2,0
83,21707,21707,21737,24537,2,0
84,21712,21712,21737,24537,2,0
85,21713,21713,21737,24537,2,0
86,21718,21718,21737,24537,2,0
87,21722,21722,21846,24646,5,1
88,21727,21727,21846,24646,5,1
89,21729,21729,21846,24646,5,1
90,21737,21737,21737,24537,2,0
91,21744,21744,21846,24646,5,1
92,21746,21746,21846,24646,5,1
93,21750,21750,21846,24646,5,1
94,21752,21752,21992,24792,4,0
95,21770,21770,21846,24646,5,1
96,21772,21772,21846,24646,5,1
97,21775,21775,21992,24792,4,0
98,21799,21799,21992,24792,4,0
99,21799,21799,21846,24646,5,1
100,21805,21805,21992,24792,4,0
101,21807,21807,21992,24792,4,0
102,21808,21808,21846,24646,5,1
103,21813,21813,21992,24792,4,0
104,21814,21814,21992,24792,4,0
105,21821,21821,21992,24792,4,0
106,21831,21831,21846,24646,5,1
107,21846,21846,21846,24646,5,1
108,21855,21855,21992,24792,4,0
109,21867,21867,21992,24792,4,0
110,21867,21867,22151,24951,7,1
111,21874,21874,22151,24951,7,1
112,21882,21882,22151,24951,7,1
113,21887,21887,21992,24792,4,0
114,21888,21888,22151,24951,7,1
115,21892,21892,22151,24951,7,1
116,21898,21898,21992,24792,4,0
117,21899,21899,21992,24792,4,0
118,21912,21912,22151,24951,7,1
119,21916,21916,22151,24951,7,1
120,21925,21925,22151,24951,7,1
121,21936,21936,22151,24951,7,1
122,21941,21941,21992,24792,4,0
123,21944,21944,21992,24792,4,0
124,21946,21946,21992,24792,4,0
125,21958,21958,21992,24792,4,0
126,21972,21972,21992,24792,4,0
127,21982,21982,21992,24792,4,0
128,21992,21992,21992,24792,4,0
129,21993,21993,22219,25019,6,0
130,21995,21995,22219,25019,6,0
131,21998,21998,22151,24951,7,1
132,22000,22000,22219,25019,6,0
133,22007,22007,22219,25019,6,0
134,22025,22025,22219,25019,6,0
135,22039,22039,22151,24951,7,1
136,22042,22042,22219,25019,6,0
137,22046,22046,22219,25019,6,0
138,22046,22046,22151,24951,7,1
139,22052,22052,22151,24951,7,1
140,22079,22079,22219,25019,6,0
141,22082,22082,22151,24951,7,1
142,22091,22091,22151,24951,7,1
143,22092,22092,22219,25019,6,0
144,22094,22094,22151,24951,7,1
145,22099,22099,22219,25019,6,0
146,22102,22102,22219,25019,6,0
147,22106,22106,22219,25019,6,0
148,22114,22114,22219,25019,6,0
149,22126,22126,22219,25019,6,0
150,22132,22132,22219,25019,6,0
151,22135,22135,22219,25019,6,0
152,22141,22141,22151,24951,7,1
153,22148,22148,22151,24951,7,1
154,22149,22149,22151,24951,7,1
155,22151,22151,22151,24951,7,1
156,22153,22153,22367,25167,9,1
157,22157,22157,22367,25167,9,1
158,22159,22159,22367,25167,9,1
159,22162,22162,22367,25167,9,1
160,22185,22185,22367,25167,9,1
161,22196,22196,22219,25019,6,0
162,22198,22198,22219,25019,6,0
163,22198,22198,22367,25167,9,1
164,22201,22201,22367,25167,9,1
165,22204,22204,22367,25167,9,1
166,22216,22216,22367,25167,9,1
167,22218,22218,22219,25019,6,0
168,22219,22219,22219,25019,6,0
169,22219,22219,22367,25167,9,1
170,22232,22232,22438,25238,8,0
171,22235,22235,22367,25167,9,1
172,22239,22239,22438,25238,8,0
173,22254,22254,22438,25238,8,0
174,22267,22267,22438,25238,8,0
175,22267,22267,22367,25167,9,1
176,22270,22270,22438,25238,8,0
177,22273,22273,22438,25238,8,0
178,22274,22274,22438,25238,8,0
179,22281,22281,22438,25238,8,0
180,22282,22282,22367,25167,9,1
181,22286,22286,22438,25238,8,0
182,22292,22292,22367,25167,9,1
183,22301,22301,22367,25167,9,1
184,22309,22309,22438,25238,8,0
185,22313,22313,22438,25238,8,0
186,22326,22326,22367,25167,9,1
187,22327,22327,22438,25238,8,0
188,22330,22330,22438,25238,8,0
189,22342,22342,22367,25167,9,1
190,22344,22344,22367,25167,9,1
191,22350,22350,22438,25238,8,0
192,22350,22350,22367,25167,9,1
193,22367,22367,22367,25167,9,1
194,22371,22371,22678,25478,0,1
195,22372,22372,22438,25238,8,0
196,22375,22375,22678,25478,0,1
197,22385,22385,22438,25238,8,0
198,22397,22397,22438,25238,8,0
199,22426,22426,22438,25238,8,0
200,22435,22435,22438,25238,8,0
201,22438,22438,22438,25238,8,0
202,22455,22455,22678,25478,0,1
203,22462,22462,22696,25496,1,0
204,22473,22473,22696,25496,1,0
205,22493,22493,22696,25496,1,0
206,22495,22495,22678,25478,0,1
207,22503,22503,22678,25478,0,1
208,22506,22506,22678,25478,0,1
209,22521,22521,22696,25496,1,0
210,22522,22522,22678,25478,0,1
211,22523,22523,22696,25496,1,0
212,22526,22526,22696,25496,1,0
213,22543,22543,22696,25496,1,0
214,22546,22546,22678,25478,0,1
215,22554,22554,22678,25478,0,1
216,22556,22556,22678,25478,0,1
217,22568,22568,22696,25496,1,0
218,22574,22574,22678,25478,0,1
219,22577,22577,22696,25496,1,0
220,22589,22589,22696,25496,1,0
221,22594,22594,22696,25496,1,0
222,22594,22594,22678,25478,0,1
223,22597,22597,22678,25478,0,1
224,22605,22605,22678,25478,0,1
225,22616,22616,22696,25496,1,0
226,22636,22636,22696,25496,1,0
227,22638,22638,22678,25478,0,1
228,22639,22639,22696,25496,1,0
229,22646,22646,22678,25478,0,1
230,22655,22655,22696,25496,1,0
231,22661,22661,22678,25478,0,1
232,22664,22664,22696,25496,1,0
233,22664,22664,22678,25478,0,1
234,22665,22665,22678,25478,0,1
235,22676,22676,22696,25496,1,0
236,22678,22678,22678,25478,0,1
237,22680,22680,22696,25496,1,0
238,22692,24538,24538,27338,2,1
239,22693,24538,24538,27338,2,1
240,22695,22695,22696,25496,1,0
241,22696,22696,22696,25496,1,0
242,22699,22699,22847,25647,3,0
243,22704,22704,22847,25647,3,0
244,22708,22708,22847,25647,3,0
245,22710,22710,22847,25647,3,0
246,22711,24538,24538,27338,2,1
247,22714,22714,22847,25647,3,0
248,22716,22716,22847,25647,3,0
249,22716,24538,24538,27338,2,1
250,22717,22717,22847,25647,3,0
251,22722,24538,24538,27338,2,1
252,22731,22731,22847,25647,3,0
253,22732,22732,22847,25647,3,0
254,22733,22733,22847,25647,3,0
255,22736,22736,22847,25647,3,0
256,22748,24538,24538,27338,2,1
257,22753,24538,24538,27338,2,1
258,22769,24538,24538,27338,2,1
259,22770,22770,22847,25647,3,0
260,22773,24538,24538,27338,2,1
261,22778,22778,22847,25647,3,0
262,22783,24538,24538,27338,2,1
263,22792,24538,24538,27338,2,1
264,22805,22805,22847,25647,3,0
265,22806,22806,22847,25647,3,0
266,22809,22809,22847,25647,3,0
267,22812,24538,24538,27338,2,1
268,22820,24538,24538,27338,2,1
269,22826,24538,24538,27338,2,1
270,22827,24538,24538,27338,2,1
271,22829,22829,22847,25647,3,0
272,22834,22834,22847,25647,3,0
273,22837,24538,24538,27338,2,1
274,22843,24538,24538,27338,2,1
275,22844,22844,22847,25647,3,0
276,22847,22847,22847,25647,3,0
277,22849,24647,24647,27447,5,0
278,22850,24538,24538,27338,2,1
279,22851,24538,24538,27338,2,1
280,22857,24647,24647,27447,5,0
281,22858,24538,24538,27338,2,1
282,22860,24793,24793,27593,4,1
283,22863,24647,24647,27447,5,0
284,22868,24647,24647,27447,5,0
285,22870,24647,24647,27447,5,0
286,22875,24793,24793,27593,4,1
287,22880,24793,24793,27593,4,1
288,22883,24793,24793,27593,4,1
289,22884,24647,24647,27447,5,0
290,22886,24793,24793,27593,4,1
291,22887,24793,24793,27593,4,1
292,22889,24793,24793,27593,4,1
293,22897,24793,24793,27593,4,1
294,22903,24793,24793,27593,4,1
295,22904,24793,24793,27593,4,1
296,22905,24647,24647,27447,5,0
297,22907,24647,24647,27447,5,0
298,22909,24647,24647,27447,5,0
299,22911,24793,24793,27593,4,1
300,22920,24793,24793,27593,4,1
301,22921,24793,24793,27593,4,1
302,22923,24793,24793,27593,4,1
303,22927,24647,24647,27447,5,0
304,22932,24647,24647,27447,5,0
305,22939,24647,24647,27447,5,0
306,22950,24647,24647,27447,5,0
307,22984,24793,24793,27593,4,1
308,22991,24647,24647,27447,5,0
309,22992,24793,24793,27593,4,1
310,23002,24647,24647,27447,5,0
311,23007,24647,24647,27447,5,0
312,23011,24793,24793,27593,4,1
313,23013,24647,24647,27447,5,0
314,23017,24647,24647,27447,5,0
315,23025,24647,24647,27447,5,0
316,23028,24793,24793,27593,4,1
317,23042,24793,24793,27593,4,1
318,23048,24793,24793,27593,4,1
319,23055,24647,24647,27447,5,0
320,23061,25020,25020,27820,6,1
321,23064,24952,24952,27752,7,0
322,23080,24952,24952,27752,7,0
323,23095,25020,25020,27820,6,1
324,23097,24952,24952,27752,7,0
325,23105,25020,25020,27820,6,1
326,23108,24952,24952,27752,7,0
327,23114,25020,25020,27820,6,1
328,23117,24952,24952,27752,7,0
329,23125,25020,25020,27820,6,1
330,23132,24952,24952,27752,7,0
331,23142,24952,24952,27752,7,0
332,23149,25020,25020,27820,6,1
333,23152,24952,24952,27752,7,0
334,23154,25020,25020,27820,6,1
335,23156,24952,24952,27752,7,0
336,23156,25020,25020,27820,6,1
337,23157,24952,24952,27752,7,0
338,23160,25020,25020,27820,6,1
339,23161,25020,25020,27820,6,1
340,23163,25020,25020,27820,6,1
341,23164,25020,25020,27820,6,1
342,23168,24952,24952,27752,7,0
343,23171,24952,24952,27752,7,0
344,23175,25020,25020,27820,6,1
345,23179,25020,25020,27820,6,1
346,23187,25020,25020,27820,6,1
347,23190,24952,24952,27752,7,0
348,23208,24952,24952,27752,7,0
349,23208,25020,25020,27820,6,1
350,23210,25020,25020,27820,6,1
351,23223,24952,24952,27752,7,0
352,23223,25020,25020,27820,6,1
353,23224,24952,24952,27752,7,0
354,23235,25020,25020,27820,6,1
355,23249,24952,24952,27752,7,0
356,23262,24952,24952,27752,7,0
357,23268,25020,25020,27820,6,1
358,23272,24952,24952,27752,7,0
359,23274,25239,25239,28039,8,1
360,23279,24952,24952,27752,7,0
361,23282,25168,25168,27968,9,0
362,23295,25168,25168,27968,9,0
363,23299,25168,25168,27968,9,0
364,23306,25239,25239,28039,8,1
365,23319,25239,25239,28039,8,1
366,23326,25239,25239,28039,8,1
367,23330,25168,25168,27968,9,0
368,23336,25168,25168,27968,9,0
369,23338,25239,25239,28039,8,1
370,23342,25239,25239,28039,8,1
371,23348,25168,25168,27968,9,0
372,23348,25239,25239,28039,8,1
373,23357,25239,25239,28039,8,1
374,23368,25239,25239,28039,8,1
375,23376,25239,25239,28039,8,1
376,23381,25168,25168,27968,9,0
377,23382,25239,25239,28039,8,1
378,23387,25168,25168,27968,9,0
379,23399,25168,25168,27968,9,0
380,23401,25239,25239,28039,8,1
381,23403,25168,25168,27968,9,0
382,23403,25239,25239,28039,8,1
383,23407,25168,25168,27968,9,0
384,23413,25168,25168,27968,9,0
385,23421,25239,25239,28039,8,1
386,23422,25239,25239,28039,8,1
387,23425,25239,25239,28039,8,1
388,23426,25239,25239,28039,8,1
389,23429,25239,25239,28039,8,1
390,23441,25168,25168,27968,9,0
391,23444,25239,25239,28039,8,1
392,23445,25239,25239,28039,8,1
393,23449,25168,25168,27968,9,0
394,23452,25168,25168,27968,9,0
395,23454,25497,25497,28297,1,1
396,23461,25497,25497,28297,1,1
397,23463,25168,25168,27968,9,0
398,23466,25168,25168,27968,9,0
399,23466,25497,25497,28297,1,1
400,23467,25168,25168,27968,9,0
401,23475,25168,25168,27968,9,0
402,23476,25168,25168,27968,9,0
403,23478,25497,25497,28297,1,1
404,23479,25479,25479,28279,0,0
405,23481,25479,25479,28279,0,0
406,23483,25497,25497,28297,1,1
407,23487,25497,25497,28297,1,1
408,23490,25497,25497,28297,1,1
409,23496,25479,25479,28279,0,0
410,23498,25479,25479,28279,0,0
411,23499,25497,25497,28297,1,1
412,23513,25479,25479,28279,0,0
413,23516,25479,25479,28279,0,0
414,23527,25497,25497,28297,1,1
415,23546,25479,25479,28279,0,0
416,23548,25497,25497,28297,1,1
417,23558,25497,25497,28297,1,1
418,23568,25497,25497,28297,1,1
419,23575,25479,25479,28279,0,0
420,23586,25479,25479,28279,0,0
421,23597,25497,25497,28297,1,1
422,23598,25479,25479,28279,0,0
423,23615,25497,25497,28297,1,1
424,23622,25497,25497,28297,1,1
425,23624,25497,25497,28297,1,1
426,23627,25479,25479,28279,0,0
427,23627,25497,25497,28297,1,1
428,23632,25497,25497,28297,1,1
429,23648,25479,25479,28279,0,0
430,23657,25497,25497,28297,1,1
431,23659,25497,25497,28297,1,1
432,23675,25479,25479,28279,0,0
433,23682,25648,25648,28448,3,1
434,23685,25479,25479,28279,0,0
435,23688,25479,25479,28279,0,0
436,23692,25479,25479,28279,0,0
437,23700,25648,25648,28448,3,1
438,23701,25648,25648,28448,3,1
439,23703,25479,25479,28279,0,0
440,23710,25479,25479,28279,0,0
441,23712,25648,25648,28448,3,1
442,23722,25648,25648,28448,3,1
443,23725,25648,25648,28448,3,1
444,23749,25648,25648,28448,3,1
445,23757,25479,25479,28279,0,0
446,23763,25479,25479,28279,0,0
447,23766,27339,27339,30139,2,0
448,23773,27339,27339,30139,2,0
449,23777,25648,25648,28448,3,1
450,23790,25648,25648,28448,3,1
451,23793,27339,27339,30139,2,0
452,23797,27339,27339,30139,2,0
453,23798,25648,25648,28448,3,1
454,23809,27339,27339,30139,2,0
455,23810,27339,27339,30139,2,0
456,23811,25648,25648,28448,3,1
457,23826,27339,27339,30139,2,0
458,23830,25648,25648,28448,3,1
459,23835,25648,25648,28448,3,1
460,23837,27339,27339,30139,2,0
461,23837,25648,25648,28448,3,1
462,23848,27339,27339,30139,2,0
463,23856,27339,27339,30139,2,0
464,23862,25648,25648,28448,3,1
465,23864,27339,27339,30139,2,0
466,23868,27339,27339,30139,2,0
467,23870,25648,25648,28448,3,1
468,23872,27339,27339,30139,2,0
469,23878,27339,27339,30139,2,0
470,23879,25648,25648,28448,3,1
471,23881,27339,27339,30139,2,0
472,23882,27339,27339,30139,2,0
473,23904,27339,27339,30139,2,0
474,23912,25648,25648,28448,3,1
475,23919,27339,27339,30139,2,0
476,23920,25648,25648,28448,3,1
477,23923,27339,27339,30139,2,0
478,23936,25648,25648,28448,3,1
479,23939,27448,27448,30248,5,1
480,23943,27339,27339,30139,2,0
481,23946,27594,27594,30394,4,0
482,23947,27448,27448,30248,5,1
483,23962,27448,27448,30248,5,1
484,23963,27448,27448,30248,5,1
485,23970,27594,27594,30394,4,0
486,23977,27448,27448,30248,5,1
487,23984,27594,27594,30394,4,0
488,23989,27448,27448,30248,5,1
489,24000,27594,27594,30394,4,0
490,24000,27448,27448,30248,5,1
491,24002,27448,27448,30248,5,1
492,24004,27448,27448,30248,5,1
493,24010,27594,27594,30394,4,0
494,24013,27594,27594,30394,4,0
495,24015,27594,27594,30394,4,0
496,24021,27448,27448,30248,5,1
497,24030,27448,27448,30248,5,1
498,24042,27594,27594,30394,4,0
499,24043,27594,27594,30394,4,0
500,24048,27448,27448,30248,5,1
501,24064,27448,27448,30248,5,1
502,24075,27594,27594,30394,4,0
503,24078,27448,27448,30248,5,1
504,24080,27594,27594,30394,4,0
505,24094,27448,27448,30248,5,1
506,24103,27594,27594,30394,4,0
507,24111,27448,27448,30248,5,1
508,24124,27448,27448,30248,5,1
509,24125,27448,27448,30248,5,1
510,24131,27448,27448,30248,5,1
511,24145,27594,27594,30394,4,0
512,24149,27594,27594,30394,4,0
513,24149,27448,27448,30248,5,1
514,24150,27753,27753,30553,7,1
515,24154,27753,27753,30553,7,1
516,24157,27753,27753,30553,7,1
517,24167,27594,27594,30394,4,0
518,24172,27753,27753,30553,7,1
519,24199,27753,27753,30553,7,1
520,24201,27594,27594,30394,4,0
521,24203,27753,27753,30553,7,1
522,24208,27753,27753,30553,7,1
523,24210,27753,27753,30553,7,1
524,24219,27594,27594,30394,4,0
525,24227,27753,27753,30553,7,1
526,24240,27753,27753,30553,7,1
527,24291,27594,27594,30394,4,0
528,24303,27594,27594,30394,4,0
529,24303,27753,27753,30553,7,1
530,24304,27594,27594,30394,4,0
531,24314,27753,27753,30553,7,1
532,24321,27753,27753,30553,7,1
533,24324,27753,27753,30553,7,1
534,24328,27753,27753,30553,7,1
535,24333,27821,27821,30621,6,0
536,24337,27753,27753,30553,7,1
537,24344,27753,27753,30553,7,1
538,24349,27753,27753,30553,7,1
539,24351,27821,27821,30621,6,0
540,24354,27821,27821,30621,6,0
541,24359,27753,27753,30553,7,1
542,24370,27753,27753,30553,7,1
543,24374,27969,27969,30769,9,1
544,24378,27821,27821,30621,6,0
545,24383,27821,27821,30621,6,0
546,24389,27821,27821,30621,6,0
547,24399,27969,27969,30769,9,1
548,24400,27821,27821,30621,6,0
549,24404,27969,27969,30769,9,1
550,24405,27821,27821,30621,6,0
551,24413,27821,27821,30621,6,0
552,24424,27821,27821,30621,6,0
553,24424,27969,27969,30769,9,1
554,24428,27969,27969,30769,9,1
555,24432,27821,27821,30621,6,0
556,24437,27821,27821,30621,6,0
557,24448,27969,27969,30769,9,1
558,24449,27969,27969,30769,9,1
559,24456,27821,27821,30621,6,0
560,24461,27821,27821,30621,6,0
561,24463,27821,27821,30621,6,0
562,24480,27969,27969,30769,9,1
563,24481,27821,27821,30621,6,0
564,24490,27969,27969,30769,9,1
565,24492,27821,27821,30621,6,0
566,24499,27969,27969,30769,9,1
567,24507,27969,27969,30769,9,1
568,24511,27969,27969,30769,9,1
569,24523,27821,27821,30621,6,0
570,24527,27821,27821,30621,6,0
571,24529,27821,27821,30621,6,0
572,24540,27969,27969,30769,9,1
573,24547,27969,27969,30769,9,1
574,24550,27969,27969,30769,9,1
575,24558,28040,28040,30840,8,0
576,24562,28040,28040,30840,8,0
577,24566,28040,28040,30840,8,0
578,24572,27969,27969,30769,9,1
579,24589,27969,27969,30769,9,1
580,24592,28040,28040,30840,8,0
581,24593,28040,28040,30840,8,0
582,24594,28040,28040,30840,8,0
583,24594,27969,27969,30769,9,1
584,24597,27969,27969,30769,9,1
585,24600,28040,28040,30840,8,0
586,24612,27969,27969,30769,9,1
587,24614,28040,28040,30840,8,0
588,24614,28280,28280,31080,0,1
589,24628,28040,28040,30840,8,0
590,24631,28040,28040,30840,8,0
591,24637,28280,28280,31080,0,1
592,24646,28040,28040,30840,8,0
593,24647,28040,28040,30840,8,0
594,24649,28040,28040,30840,8,0
595,24650,28280,28280,31080,0,1
596,24662,28040,28040,30840,8,0
597,24668,28280,28280,31080,0,1
598,24676,28280,28280,31080,0,1
599,24680,28040,28040,30840,8,0
600,24682,28040,28040,30840,8,0
601,24692,28040,28040,30840,8,0
602,24693,28040,28040,30840,8,0
603,24697,28280,28280,31080,0,1
604,24712,28280,28280,31080,0,1
605,24725,28280,28280,31080,0,1
606,24736,28040,28040,30840,8,0
607,24744,28040,28040,30840,8,0
608,24745,28280,28280,31080,0,1
609,24753,28280,28280,31080,0,1
610,24762,28280,28280,31080,0,1
611,24767,28298,28298,31098,1,0
612,24774,28280,28280,31080,0,1
613,24775,28280,28280,31080,0,1
614,24780,28280,28280,31080,0,1
615,24783,28298,28298,31098,1,0
616,24784,28298,28298,31098,1,0
617,24789,28298,28298,31098,1,0
618,24792,28280,28280,31080,0,1
619,24799,28298,28298,31098,1,0
620,24801,28280,28280,31080,0,1
621,24805,28298,28298,31098,1,0
622,24806,28298,28298,31098,1,0
623,24811,28280,28280,31080,0,1
624,24826,28280,28280,31080,0,1
625,24830,28280,28280,31080,0,1
626,24833,28280,28280,31080,0,1
627,24857,28298,28298,31098,1,0
628,24859,30140,30140,32724,2,1
629,24863,30140,30140,32724,2,1
630,24864,30140,30140,32724,2,1
631,24867,28298,28298,31098,1,0
632,24872,28298,28298,31098,1,0
633,24886,28298,28298,31098,1,0
634,24895,28298,28298,31098,1,0
635,24897,28298,28298,31098,1,0
636,24899,30140,30140,32724,2,1
637,24900,28298,28298,31098,1,0
638,24900,30140,30140,32724,2,1
639,24902,30140,30140,32724,2,1
640,24918,30140,30140,32724,2,1
641,24920,28298,28298,31098,1,0
642,24922,30140,30140,32724,2,1
643,24927,30140,30140,32724,2,1
644,24931,30140,30140,32724,2,1
645,24932,30140,30140,32724,2,1
646,24947,28298,28298,31098,1,0
647,24955,28298,28298,31098,1,0
648,24969,28298,28298,31098,1,0
649,24981,28298,28298,31098,1,0
650,24990,30140,30140,32724,2,1
651,24992,30140,30140,32724,2,1
652,24994,30140,30140,32724,2,1
653,25006,28298,28298,31098,1,0
654,25011,28449,28449,31249,3,0
655,25014,30140,30140,32724,2,1
656,25028,28449,28449,31249,3,0
657,25036,28449,28449,31249,3,0
658,25039,30140,30140,32724,2,1
659,25041,30140,30140,32724,2,1
660,25052,30140,30140,32724,2,1
661,25059,30140,30140,32724,2,1
662,25075,28449,28449,31249,3,0
663,25076,28449,28449,31249,3,0
664,25076,30140,30140,32724,2,1
665,25085,28449,28449,31249,3,0
666,25090,28449,28449,31249,3,0
667,25094,30395,30395,32877,4,1
668,25104,30395,30395,32877,4,1
669,25136,30395,30395,32877,4,1
670,25154,28449,28449,31249,3,0
671,25159,28449,28449,31249,3,0
672,25161,30395,30395,32877,4,1
673,25174,30395,30395,32877,4,1
674,25186,28449,28449,31249,3,0
675,25192,30395,30395,32877,4,1
676,25195,28449,28449,31249,3,0
677,25201,28449,28449,31249,3,0
678,25203,28449,28449,31249,3,0
679,25203,30395,30395,32877,4,1
680,25204,28449,28449,31249,3,0
681,25207,30395,30395,32877,4,1
682,25208,28449,28449,31249,3,0
683,25210,30395,30395,32877,4,1
684,25215,28449,28449,31249,3,0
685,25217,28449,28449,31249,3,0
686,25220,28449,28449,31249,3,0
687,25225,30395,30395,32877,4,1
688,25231,28449,28449,31249,3,0
689,25232,30395,30395,32877,4,1
690,25248,30395,30395,32877,4,1
691,25253,28449,28449,31249,3,0
692,25270,30395,30395,32877,4,1
693,25281,30395,30395,32877,4,1
694,25282,30249,30249,32789,5,0
695,25295,30395,30395,32877,4,1
696,25296,30249,30249,32789,5,0
697,25300,30395,30395,32877,4,1
698,25306,30395,30395,32877,4,1
699,25308,30395,30395,32877,4,1
700,25314,30249,30249,32789,5,0
701,25320,30249,30249,32789,5,0
702,25324,30249,30249,32789,5,0
703,25331,30395,30395,32877,4,1
704,25334,30395,30395,32877,4,1
705,25337,30249,30249,32789,5,0
706,25338,30249,30249,32789,5,0
707,25343,30622,30622,33013,6,1
708,25352,30622,30622,33013,6,1
709,25353,30622,30622,33013,6,1
710,25365,30622,30622,33013,6,1
711,25376,30249,30249,32789,5,0
712,25380,30249,30249,32789,5,0
713,25386,30249,30249,32789,5,0
714,25401,30622,30622,33013,6,1
715,25402,30249,30249,32789,5,0
716,25415,30249,30249,32789,5,0
717,25417,30249,30249,32789,5,0
718,25428,30622,30622,33013,6,1
719,25429,30622,30622,33013,6,1
720,25431,30249,30249,32789,5,0
721,25432,30249,30249,32789,5,0
722,25441,30249,30249,32789,5,0
723,25449,30249,30249,32789,5,0
724,25452,30249,30249,32789,5,0
725,25455,30249,30249,32789,5,0
726,25461,30622,30622,33013,6,1
727,25463,30249,30249,32789,5,0
728,25471,30622,30622,33013,6,1
729,25488,30554,30554,32972,7,0
730,25493,30554,30554,32972,7,0
731,25494,30554,30554,32972,7,0
732,25504,30622,30622,33013,6,1
733,25511,30554,30554,32972,7,0
734,25513,30622,30622,33013,6,1
735,25522,30554,30554,32972,7,0
736,25526,30622,30622,33013,6,1
737,25532,30622,30622,33013,6,1
738,25547,30622,30622,33013,6,1
739,25550,30554,30554,32972,7,0
740,25550,30622,30622,33013,6,1
741,25551,30554,30554,32972,7,0
742,25551,30622,30622,33013,6,1
743,25552,30554,30554,32972,7,0
744,25554,30622,30622,33013,6,1
745,25555,30622,30622,33013,6,1
746,25557,30622,30622,33013,6,1
747,25563,30622,30622,33013,6,1
748,25565,30841,30841,33144,8,1
749,25575,30554,30554,32972,7,0
750,25580,30554,30554,32972,7,0
751,25583,30841,30841,33144,8,1
752,25585,30554,30554,32972,7,0
753,25589,30554,30554,32972,7,0
754,25591,30554,30554,32972,7,0
755,25592,30841,30841,33144,8,1
756,25594,30841,30841,33144,8,1
757,25598,30841,30841,33144,8,1
758,25605,30554,30554,32972,7,0
759,25605,30841,30841,33144,8,1
760,25608,30554,30554,32972,7,0
761,25611,30554,30554,32972,7,0
762,25611,30841,30841,33144,8,1
763,25623,30554,30554,32972,7,0
764,25627,30554,30554,32972,7,0
765,25632,30841,30841,33144,8,1
766,25640,30841,30841,33144,8,1
767,25645,30841,30841,33144,8,1
768,25648,30554,30554,32972,7,0
769,25652,30841,30841,33144,8,1
770,25656,30554,30554,32972,7,0
771,25663,30841,30841,33144,8,1
772,25668,30770,30770,33102,9,0
773,25674,30770,30770,33102,9,0
774,25674,30841,30841,33144,8,1
775,25676,30841,30841,33144,8,1
776,25681,30770,30770,33102,9,0
777,25682,30841,30841,33144,8,1
778,25689,30770,30770,33102,9,0
779,25694,30841,30841,33144,8,1
780,25695,30841,30841,33144,8,1
781,25705,30841,30841,33144,8,1
782,25709,30770,30770,33102,9,0
783,25712,30770,30770,33102,9,0
784,25717,30770,30770,33102,9,0
785,25720,30841,30841,33144,8,1
786,25723,30841,30841,33144,8,1
787,25727,31099,31099,33299,1,1
788,25740,30770,30770,33102,9,0
789,25746,30770,30770,33102,9,0
790,25753,31099,31099,33299,1,1
791,25754,31099,31099,33299,1,1
792,25759,31099,31099,33299,1,1
793,25765,30770,30770,33102,9,0
794,25765,31099,31099,33299,1,1
795,25786,31099,31099,33299,1,1
796,25787,31099,31099,33299,1,1
797,25791,30770,30770,33102,9,0
798,25804,31099,31099,33299,1,1
799,25813,30770,30770,33102,9,0
800,25813,31099,31099,33299,1,1
801,25819,30770,30770,33102,9,0
802,25822,30770,30770,33102,9,0
803,25832,31099,31099,33299,1,1
804,25833,31099,31099,33299,1,1
805,25840,30770,30770,33102,9,0
806,25852,31099,31099,33299,1,1
807,25867,31099,31099,33299,1,1
808,25871,30770,30770,33102,9,0
809,25872,31099,31099,33299,1,1
810,25901,31099,31099,33299,1,1
811,25919,30770,30770,33102,9,0
812,25919,31099,31099,33299,1,1
813,25925,31099,31099,33299,1,1
814,25931,31099,31099,33299,1,1
815,25932,31099,31099,33299,1,1
816,25933,30770,30770,33102,9,0
817,25938,31099,31099,33299,1,1
818,25949,31250,31250,33390,3,1
819,25950,30770,30770,33102,9,0
820,25952,30770,30770,33102,9,0
821,25953,31250,31250,33390,3,1
822,25960,31250,31250,33390,3,1
823,25965,31081,31081,33288,0,0
824,25967,31250,31250,33390,3,1
825,25969,31250,31250,33390,3,1
826,25972,31081,31081,33288,0,0
827,25972,31250,31250,33390,3,1
828,25976,31081,31081,33288,0,0
829,25989,31250,31250,33390,3,1
830,25990,31250,31250,33390,3,1
831,26000,31081,31081,33288,0,0
832,26005,31250,31250,33390,3,1
833,26022,31081,31081,33288,0,0
834,26032,31081,31081,33288,0,0
835,26032,31250,31250,33390,3,1
836,26034,31081,31081,33288,0,0
837,26037,31250,31250,33390,3,1
838,26047,31250,31250,33390,3,1
839,26050,31081,31081,33288,0,0
840,26062,31250,31250,33390,3,1
841,26063,31081,31081,33288,0,0
842,26064,31250,31250,33390,3,1
843,26071,31250,31250,33390,3,1
844,26072,31081,31081,33288,0,0
845,26079,31250,31250,33390,3,1
846,26091,31250,31250,33390,3,1
847,26094,31081,31081,33288,0,0
848,26098,31250,31250,33390,3,1
849,26100,31250,31250,33390,3,1
850,26101,31081,31081,33288,0,0
851,26105,31081,31081,33288,0,0
852,26114,31250,31250,33390,3,1
853,26122,32790,32790,34470,5,1
854,26124,31081,31081,33288,0,0
855,26132,31081,31081,33288,0,0
856,26133,31081,31081,33288,0,0
857,26138,31081,31081,33288,0,0
858,26143,31081,31081,33288,0,0
859,26144,32790,32790,34470,5,1
860,26155,31081,31081,33288,0,0
861,26156,31081,31081,33288,0,0
862,26161,32790,32790,34470,5,1
863,26162,32725,32725,34405,2,0
864,26171,32725,32725,34405,2,0
865,26182,32725,32725,34405,2,0
866,26184,32725,32725,34405,2,0
867,26184,32790,32790,34470,5,1
868,26187,32725,32725,34405,2,0
869,26193,32725,32725,34405,2,0
870,26197,32725,32725,34405,2,0
871,26210,32790,32790,34470,5,1
872,26218,32725,32725,34405,2,0
873,26220,32790,32790,34470,5,1
874,26228,32790,32790,34470,5,1
875,26231,32725,32725,34405,2,0
876,26239,32725,32725,34405,2,0
877,26240,32790,32790,34470,5,1
878,26244,32725,32725,34405,2,0
879,26249,32790,32790,34470,5,1
880,26255,32725,32725,34405,2,0
881,26270,32790,32790,34470,5,1
882,26273,32790,32790,34470,5,1
883,26275,32790,32790,34470,5,1
884,26284,32725,32725,34405,2,0
885,26294,32725,32725,34405,2,0
886,26300,32790,32790,34470,5,1
887,26303,32725,32725,34405,2,0
888,26306,32790,32790,34470,5,1
889,26317,32725,32725,34405,2,0
890,26324,32725,32725,34405,2,0
891,26326,32725,32725,34405,2,0
892,26328,32725,32725,34405,2,0
893,26332,32725,32725,34405,2,0
894,26333,32878,32878,34558,4,0
895,26341,32878,32878,34558,4,0
896,26342,32878,32878,34558,4,0
897,26342,32790,32790,34470,5,1
898,26357,32878,32878,34558,4,0
899,26357,32790,32790,34470,5,1
900,26365,32878,32878,34558,4,0
901,26367,32878,32878,34558,4,0
902,26374,32790,32790,34470,5,1
903,26378,32878,32878,34558,4,0
904,26393,32790,32790,34470,5,1
905,26399,32878,32878,34558,4,0
906,26399,32790,32790,34470,5,1
907,26417,32790,32790,34470,5,1
908,26418,32973,32973,34653,7,1
909,26422,32973,32973,34653,7,1
910,26425,32878,32878,34558,4,0
911,26427,32973,32973,34653,7,1
912,26436,32878,32878,34558,4,0
913,26437,32973,32973,34653,7,1
914,26446,32878,32878,34558,4,0
915,26448,32878,32878,34558,4,0
916,26458,32878,32878,34558,4,0
917,26468,32878,32878,34558,4,0
918,26470,32973,32973,34653,7,1
919,26479,32973,32973,34653,7,1
920,26482,32878,32878,34558,4,0
921,26487,32973,32973,34653,7,1
922,26493,32878,32878,34558,4,0
923,26497,32973,32973,34653,7,1
924,26511,32973,32973,34653,7,1
925,26516,32878,32878,34558,4,0
926,26519,32878,32878,34558,4,0
927,26523,32878,32878,34558,4,0
928,26527,32878,32878,34558,4,0
929,26530,32973,32973,34653,7,1
930,26535,33014,33014,34694,6,0
931,26536,32973,32973,34653,7,1
932,26544,33014,33014,34694,6,0
933,26554,33014,33014,34694,6,0
934,26555,33014,33014,34694,6,0
935,26571,33014,33014,34694,6,0
936,26575,33014,33014,34694,6,0
937,26579,32973,32973,34653,7,1
938,26583,33014,33014,34694,6,0
939,26583,32973,32973,34653,7,1
940,26587,32973,32973,34653,7,1
941,26592,33014,33014,34694,6,0
942,26594,32973,32973,34653,7,1
943,26597,32973,32973,34653,7,1
944,26600,32973,32973,34653,7,1
945,26624,32973,32973,34653,7,1
946,26638,32973,32973,34653,7,1
947,26640,32973,32973,34653,7,1
948,26647,33014,33014,34694,6,0
949,26647,33103,33103,34783,9,1
950,26659,33014,33014,34694,6,0
951,26674,33103,33103,34783,9,1
952,26690,33014,33014,34694,6,0
953,26706,33103,33103,34783,9,1
954,26711,33014,33014,34694,6,0
955,26719,33014,33014,34694,6,0
956,26723,33014,33014,34694,6,0
957,26734,33103,33103,34783,9,1
958,26737,33014,33014,34694,6,0
959,26740,33014,33014,34694,6,0
960,26742,33014,33014,34694,6,0
961,26744,33014,33014,34694,6,0
962,26751,33014,33014,34694,6,0
963,26758,33014,33014,34694,6,0
964,26758,33103,33103,34783,9,1
965,26762,33103,33103,34783,9,1
966,26764,33145,33145,34825,8,0
967,26769,33145,33145,34825,8,0
968,26770,33103,33103,34783,9,1
969,26779,33103,33103,34783,9,1
970,26782,33103,33103,34783,9,1
971,26786,33103,33103,34783,9,1
972,26801,33103,33103,34783,9,1
973,26804,33145,33145,34825,8,0
974,26816,33103,33103,34783,9,1
975,26819,33103,33103,34783,9,1
976,26828,33145,33145,34825,8,0
977,26830,33145,33145,34825,8,0
978,26833,33103,33103,34783,9,1
979,26834,33103,33103,34783,9,1
980,26842,33103,33103,34783,9,1
981,26852,33103,33103,34783,9,1
982,26854,33103,33103,34783,9,1
983,26877,33145,33145,34825,8,0
984,26882,33145,33145,34825,8,0
985,26884,33145,33145,34825,8,0
986,26884,33103,33103,34783,9,1
987,26887,33145,33145,34825,8,0
988,26887,33103,33103,34783,9,1
989,26889,33145,33145,34825,8,0
990,26892,33145,33145,34825,8,0
991,26903,33289,33289,34969,0,1
992,26918,33145,33145,34825,8,0
993,26928,33145,33145,34825,8,0
994,26929,33289,33289,34969,0,1
995,26936,33289,33289,34969,0,1
996,26961,33145,33145,34825,8,0
997,26968,33289,33289,34969,0,1
998,26974,33289,33289,34969,0,1
999,26976,33289,33289,34969,0,1
1000,26993,33289,33289,34969,0,1
1001,27011,33145,33145,34825,8,0
1002,27014,33289,33289,34969,0,1
1003,27027,33145,33145,34825,8,0
1004,27037,33289,33289,34969,0,1
1005,27041,33145,33145,34825,8,0
1006,27045,33145,33145,34825,8,0
1007,27047,33145,33145,34825,8,0
1008,27047,33289,33289,34969,0,1
1009,27060,33145,33145,34825,8,0
1010,27062,33300,33300,34980,1,0
1011,27067,33300,33300,34980,1,0
1012,27068,33300,33300,34980,1,0
1013,27073,33300,33300,34980,1,0
1014,27092,33289,33289,34969,0,1
1015,27094,33289,33289,34969,0,1
1016,27097,33289,33289,34969,0,1
1017,27104,33300,33300,34980,1,0
1018,27110,33300,33300,34980,1,0
1019,27119,33289,33289,34969,0,1
1020,27124,33300,33300,34980,1,0
1021,27129,33300,33300,34980,1,0
1022,27134,33300,33300,34980,1,0
1023,27136,33300,33300,34980,1,0
1024,27139,33289,33289,34969,0,1
1025,27142,33300,33300,34980,1,0
1026,27146,33289,33289,34969,0,1
1027,27157,33300,33300,34980,1,0
1028,27161,33300,33300,34980,1,0
1029,27162,33289,33289,34969,0,1
1030,27164,33289,33289,34969,0,1
1031,27169,33300,33300,34980,1,0
1032,27172,33289,33289,34969,0,1
1033,27174,33300,33300,34980,1,0
1034,27177,33300,33300,34980,1,0
1035,27190,33300,33300,34980,1,0
1036,27191,33289,33289,34969,0,1
1037,27195,33300,33300,34980,1,0
1038,27199,34406,34406,36086,2,1
1039,27202,34406,34406,36086,2,1
1040,27220,33300,33300,34980,1,0
1041,27224,34406,34406,36086,2,1
1042,27227,33300,33300,34980,1,0
1043,27245,33391,33391,35071,3,0
1044,27247,33391,33391,35071,3,0
1045,27247,34406,34406,36086,2,1
1046,27253,34406,34406,36086,2,1
1047,27254,34406,34406,36086,2,1
1048,27257,34406,34406,36086,2,1
1049,27259,33391,33391,35071,3,0
1050,27267,33391,33391,35071,3,0
1051,27278,33391,33391,35071,3,0
1052,27286,33391,33391,35071,3,0
1053,27299,33391,33391,35071,3,0
1054,27303,33391,33391,35071,3,0
1055,27315,33391,33391,35071,3,0
1056,27316,34406,34406,36086,2,1
1057,27317,34406,34406,36086,2,1
1058,27323,34406,34406,36086,2,1
1059,27324,34406,34406,36086,2,1
1060,27330,33391,33391,35071,3,0
1061,27332,34406,34406,36086,2,1
1062,27339,33391,33391,35071,3,0
1063,27341,34406,34406,36086,2,1
1064,27355,33391,33391,35071,3,0
1065,27361,34406,34406,36086,2,1
1066,27366,34406,34406,36086,2,1
1067,27371,34406,34406,36086,2,1
1068,27376,33391,33391,35071,3,0
1069,27376,34406,34406,36086,2,1
1070,27398,34406,34406,36086,2,1
1071,27413,34406,34406,36086,2,1
1072,27427,34406,34406,36086,2,1
1073,27429,33391,33391,35071,3,0
1074,27432,33391,33391,35071,3,0
1075,27433,33391,33391,35071,3,0
1076,27448,33391,33391,35071,3,0
1077,27454,33391,33391,35071,3,0
1078,27456,34559,34559,36239,4,1
1079,27478,34559,34559,36239,4,1
1080,27479,34559,34559,36239,4,1
1081,27486,33391,33391,35071,3,0
1082,27488,34559,34559,36239,4,1
1083,27490,33391,33391,35071,3,0
1084,27491,34471,34471,36151,5,0
1085,27509,34559,34559,36239,4,1
1086,27512,34471,34471,36151,5,0
1087,27512,34559,34559,36239,4,1
1088,27518,34471,34471,36151,5,0
1089,27533,34559,34559,36239,4,1
1090,27539,34559,34559,36239,4,1
1091,27558,34471,34471,36151,5,0
1092,27561,34471,34471,36151,5,0
1093,27567,34559,34559,36239,4,1
1094,27568,34471,34471,36151,5,0
1095,27575,34471,34471,36151,5,0
1096,27599,34559,34559,36239,4,1
1097,27603,34471,34471,36151,5,0
1098,27613,34471,34471,36151,5,0
1099,27631,34559,34559,36239,4,1
1100,27632,34471,34471,36151,5,0
1101,27633,34471,34471,36151,5,0
1102,27636,34471,34471,36151,5,0
1103,27649,34559,34559,36239,4,1
1104,27651,34471,34471,36151,5,0
1105,27652,34559,34559,36239,4,1
1106,27653,34471,34471,36151,5,0
1107,27658,34559,34559,36239,4,1
1108,27663,34471,34471,36151,5,0
1109,27675,34559,34559,36239,4,1
1110,27678,34559,34559,36239,4,1
1111,27682,34559,34559,36239,4,1
1112,27684,34471,34471,36151,5,0
1113,27694,34559,34559,36239,4,1
1114,27698,34471,34471,36151,5,0
1115,27699,34471,34471,36151,5,0
1116,27700,34559,34559,36239,4,1
1117,27705,34471,34471,36151,5,0
1118,27707,34559,34559,36239,4,1
1119,27708,34695,34695,36375,6,1
1120,27709,34695,34695,36375,6,1
1121,27714,34471,34471,36151,5,0
1122,27718,34654,34654,36334,7,0
1123,27719,34695,34695,36375,6,1
1124,27728,34654,34654,36334,7,0
1125,27730,34654,34654,36334,7,0
1126,27732,34654,34654,36334,7,0
1127,27736,34654,34654,36334,7,0
1128,27740,34695,34695,36375,6,1
1129,27748,34695,34695,36375,6,1
1130,27749,34654,34654,36334,7,0
1131,27750,34654,34654,36334,7,0
1132,27755,34695,34695,36375,6,1
1133,27766,34695,34695,36375,6,1
1134,27777,34654,34654,36334,7,0
1135,27800,34654,34654,36334,7,0
1136,27803,34654,34654,36334,7,0
1137,27803,34695,34695,36375,6,1
1138,27816,34654,34654,36334,7,0
1139,27824,34654,34654,36334,7,0
1140,27833,34695,34695,36375,6,1
1141,27838,34654,34654,36334,7,0
1142,27840,34654,34654,36334,7,0
1143,27845,34654,34654,36334,7,0
1144,27848,34654,34654,36334,7,0
1145,27850,34654,34654,36334,7,0
1146,27854,34654,34654,36334,7,0
1147,27856,34654,34654,36334,7,0
1148,27860,34654,34654,36334,7,0
1149,27860,34695,34695,36375,6,1
1150,27863,34695,34695,36375,6,1
1151,27867,34695,34695,36375,6,1
1152,27877,34695,34695,36375,6,1
1153,27878,34695,34695,36375,6,1
1154,27885,34695,34695,36375,6,1
1155,27886,34695,34695,36375,6,1
1156,27887,34784,34784,36464,9,0
1157,27901,34784,34784,36464,9,0
1158,27901,34695,34695,36375,6,1
1159,27902,34784,34784,36464,9,0
1160,27903,34784,34784,36464,9,0
1161,27913,34784,34784,36464,9,0
1162,27919,34695,34695,36375,6,1
1163,27926,34695,34695,36375,6,1
1164,27928,34784,34784,36464,9,0
1165,27931,34695,34695,36375,6,1
1166,27934,34784,34784,36464,9,0
1167,27935,34784,34784,36464,9,0
1168,27942,34784,34784,36464,9,0
1169,27948,34826,34826,36506,8,1
1170,27953,34826,34826,36506,8,1
1171,27956,34784,34784,36464,9,0
1172,27956,34826,34826,36506,8,1
1173,27963,34784,34784,36464,9,0
1174,27969,34784,34784,36464,9,0
1175,27988,34826,34826,36506,8,1
1176,27995,34826,34826,36506,8,1
1177,28001,34826,34826,36506,8,1
1178,28010,34784,34784,36464,9,0
1179,28016,34826,34826,36506,8,1
1180,28019,34784,34784,36464,9,0
1181,28033,34784,34784,36464,9,0
1182,28038,34784,34784,36464,9,0
1183,28039,34826,34826,36506,8,1
1184,28043,34826,34826,36506,8,1
1185,28044,34784,34784,36464,9,0
1186,28047,34784,34784,36464,9,0
1187,28047,34826,34826,36506,8,1
1188,28051,34784,34784,36464,9,0
1189,28054,34784,34784,36464,9,0
1190,28054,34826,34826,36506,8,1
1191,28066,34826,34826,36506,8,1
1192,28079,34970,34970,36650,0,0
1193,28084,34970,34970,36650,0,0
1194,28093,34826,34826,36506,8,1
1195,28120,34970,34970,36650,0,0
1196,28120,34826,34826,36506,8,1
1197,28121,34826,34826,36506,8,1
1198,28127,34970,34970,36650,0,0
1199,28132,34970,34970,36650,0,0
1200,28133,34826,34826,36506,8,1
1201,28141,34826,34826,36506,8,1
1202,28142,34970,34970,36650,0,0
1203,28144,34826,34826,36506,8,1
1204,28145,34970,34970,36650,0,0
1205,28146,34826,34826,36506,8,1
1206,28148,34826,34826,36506,8,1
1207,28156,34970,34970,36650,0,0
1208,28159,34981,34981,36661,1,1
1209,28161,34981,34981,36661,1,1
1210,28164,34981,34981,36661,1,1
1211,28176,34970,34970,36650,0,0
1212,28190,34970,34970,36650,0,0
1213,28192,34981,34981,36661,1,1
1214,28215,34981,34981,36661,1,1
1215,28221,34981,34981,36661,1,1
1216,28229,34970,34970,36650,0,0
1217,28229,34981,34981,36661,1,1
1218,28256,34970,34970,36650,0,0
1219,28258,34981,34981,36661,1,1
1220,28261,34970,34970,36650,0,0
1221,28264,34970,34970,36650,0,0
1222,28264,34981,34981,36661,1,1
1223,28266,34970,34970,36650,0,0
1224,28267,34970,34970,36650,0,0
1225,28271,34981,34981,36661,1,1
1226,28272,34970,34970,36650,0,0
1227,28290,34981,34981,36661,1,1
1228,28292,34970,34970,36650,0,0
1229,28295,34970,34970,36650,0,0
1230,28296,34970,34970,36650,0,0
1231,28307,34981,34981,36661,1,1
1232,28309,36087,36087,37767,2,0
1233,28312,34981,34981,36661,1,1
1234,28314,34981,34981,36661,1,1
1235,28315,36087,36087,37767,2,0
1236,28315,34981,34981,36661,1,1
1237,28321,36087,36087,37767,2,0
1238,28348,34981,34981,36661,1,1
1239,28368,34981,34981,36661,1,1
1240,28369,34981,34981,36661,1,1
1241,28376,36087,36087,37767,2,0
1242,28380,36087,36087,37767,2,0
1243,28394,34981,34981,36661,1,1
1244,28400,34981,34981,36661,1,1
1245,28401,36087,36087,37767,2,0
1246,28414,35072,35072,36752,3,1
1247,28425,36087,36087,37767,2,0
1248,28431,36087,36087,37767,2,0
1249,28433,35072,35072,36752,3,1
1250,28439,35072,35072,36752,3,1
1251,28441,36087,36087,37767,2,0
1252,28447,36087,36087,37767,2,0
1253,28450,36087,36087,37767,2,0
1254,28463,36087,36087,37767,2,0
1255,28465,35072,35072,36752,3,1
1256,28472,35072,35072,36752,3,1
1257,28473,36087,36087,37767,2,0
1258,28473,35072,35072,36752,3,1
1259,28482,36087,36087,37767,2,0
1260,28486,36087,36087,37767,2,0
1261,28487,36087,36087,37767,2,0
1262,28488,36087,36087,37767,2,0
1263,28490,35072,35072,36752,3,1
1264,28497,36087,36087,37767,2,0
1265,28498,36087,36087,37767,2,0
1266,28508,35072,35072,36752,3,1
1267,28513,36087,36087,37767,2,0
1268,28513,35072,35072,36752,3,1
1269,28517,36240,36240,37920,4,0
1270,28520,36240,36240,37920,4,0
1271,28527,36240,36240,37920,4,0
1272,28530,35072,35072,36752,3,1
1273,28537,36240,36240,37920,4,0
1274,28541,36240,36240,37920,4,0
1275,28554,36240,36240,37920,4,0
1276,28554,35072,35072,36752,3,1
1277,28557,36240,36240,37920,4,0
1278,28560,35072,35072,36752,3,1
1279,28562,35072,35072,36752,3,1
1280,28569,35072,35072,36752,3,1
1281,28577,36240,36240,37920,4,0
1282,28577,35072,35072,36752,3,1
1283,28578,36240,36240,37920,4,0
1284,28590,36240,36240,37920,4,0
1285,28591,36240,36240,37920,4,0
1286,28595,36240,36240,37920,4,0
1287,28595,35072,35072,36752,3,1
1288,28603,35072,35072,36752,3,1
1289,28605,36240,36240,37920,4,0
1290,28610,36240,36240,37920,4,0
1291,28611,35072,35072,36752,3,1
1292,28618,35072,35072,36752,3,1
1293,28620,35072,35072,36752,3,1
1294,28631,36152,36152,37832,5,1
1295,28637,36152,36152,37832,5,1
1296,28642,36152,36152,37832,5,1
1297,28645,36152,36152,37832,5,1
1298,28655,36152,36152,37832,5,1
1299,28657,36240,36240,37920,4,0
1300,28657,36152,36152,37832,5,1
1301,28661,36240,36240,37920,4,0
1302,28665,36152,36152,37832,5,1
1303,28667,36152,36152,37832,5,1
1304,28675,36240,36240,37920,4,0
1305,28685,36152,36152,37832,5,1
1306,28692,36240,36240,37920,4,0
1307,28695,36152,36152,37832,5,1
1308,28698,36152,36152,37832,5,1
1309,28708,36152,36152,37832,5,1
1310,28709,36152,36152,37832,5,1
1311,28712,36152,36152,37832,5,1
1312,28714,36152,36152,37832,5,1
1313,28726,36240,36240,37920,4,0
1314,28730,36152,36152,37832,5,1
1315,28733,36152,36152,37832,5,1
1316,28745,36152,36152,37832,5,1
1317,28758,36152,36152,37832,5,1
1318,28759,36152,36152,37832,5,1
1319,28766,36335,36335,38015,7,1
1320,28772,36335,36335,38015,7,1
1321,28775,36335,36335,38015,7,1
1322,28780,36335,36335,38015,7,1
1323,28787,36240,36240,37920,4,0
1324,28788,36376,36376,38056,6,0
1325,28796,36335,36335,38015,7,1
1326,28802,36376,36376,38056,6,0
1327,28817,36376,36376,38056,6,0
1328,28819,36335,36335,38015,7,1
1329,28832,36335,36335,38015,7,1
1330,28838,36376,36376,38056,6,0
1331,28844,36335,36335,38015,7,1
1332,28848,36335,36335,38015,7,1
1333,28850,36335,36335,38015,7,1
1334,28869,36376,36376,38056,6,0
1335,28874,36376,36376,38056,6,0
1336,28880,36376,36376,38056,6,0
1337,28886,36376,36376,38056,6,0
1338,28898,36335,36335,38015,7,1
1339,28904,36335,36335,38015,7,1
1340,28908,36376,36376,38056,6,0
1341,28911,36335,36335,38015,7,1
1342,28916,36335,36335,38015,7,1
1343,28924,36376,36376,38056,6,0
1344,28936,36335,36335,38015,7,1
1345,28946,36335,36335,38015,7,1
1346,28962,36335,36335,38015,7,1
1347,28966,36376,36376,38056,6,0
1348,28967,36376,36376,38056,6,0
1349,28971,36376,36376,38056,6,0
1350,28971,36335,36335,38015,7,1
1351,28976,36376,36376,38056,6,0
1352,28977,36335,36335,38015,7,1
1353,28981,36335,36335,38015,7,1
1354,28985,36376,36376,38056,6,0
1355,28989,36465,36465,38145,9,1
1356,28995,36465,36465,38145,9,1
1357,28996,36465,36465,38145,9,1
1358,29000,36376,36376,38056,6,0
1359,29000,36465,36465,38145,9,1
1360,29002,36376,36376,38056,6,0
1361,29004,36465,36465,38145,9,1
1362,29005,36465,36465,38145,9,1
1363,29012,36376,36376,38056,6,0
1364,29013,36465,36465,38145,9,1
1365,29014,36465,36465,38145,9,1
1366,29017,36376,36376,38056,6,0
1367,29021,36465,36465,38145,9,1
1368,29028,36376,36376,38056,6,0
1369,29040,36465,36465,38145,9,1
1370,29048,36507,36507,38187,8,0
1371,29048,36465,36465,38145,9,1
1372,29049,36465,36465,38145,9,1
1373,29053,36465,36465,38145,9,1
1374,29058,36465,36465,38145,9,1
1375,29066,36507,36507,38187,8,0
1376,29067,36465,36465,38145,9,1
1377,29075,36507,36507,38187,8,0
1378,29094,36507,36507,38187,8,0
1379,29098,36465,36465,38145,9,1
1380,29104,36507,36507,38187,8,0
1381,29112,36507,36507,38187,8,0
1382,29115,36507,36507,38187,8,0
1383,29120,36465,36465,38145,9,1
1384,29132,36507,36507,38187,8,0
1385,29137,36465,36465,38145,9,1
1386,29139,36507,36507,38187,8,0
1387,29143,36507,36507,38187,8,0
1388,29153,36507,36507,38187,8,0
1389,29154,36507,36507,38187,8,0
1390,29167,36507,36507,38187,8,0
1391,29176,36507,36507,38187,8,0
1392,29177,36507,36507,38187,8,0
1393,29177,36465,36465,38145,9,1
1394,29182,36465,36465,38145,9,1
1395,29184,36651,36651,38331,0,1
1396,29189,36507,36507,38187,8,0
1397,29199,36507,36507,38187,8,0
1398,29204,36651,36651,38331,0,1
1399,29231,36651,36651,38331,0,1
1400,29238,36651,36651,38331,0,1
1401,29243,36507,36507,38187,8,0
1402,29246,36651,36651,38331,0,1
1403,29250,36507,36507,38187,8,0
1404,29252,36507,36507,38187,8,0
1405,29269,36651,36651,38331,0,1
1406,29272,36651,36651,38331,0,1
1407,29275,36662,36662,38342,1,0
1408,29275,36651,36651,38331,0,1
1409,29279,36662,36662,38342,1,0
1410,29283,36662,36662,38342,1,0
1411,29302,36662,36662,38342,1,0
1412,29318,36651,36651,38331,0,1
1413,29324,36662,36662,38342,1,0
1414,29328,36651,36651,38331,0,1
1415,29332,36662,36662,38342,1,0
1416,29344,36662,36662,38342,1,0
1417,29351,36651,36651,38331,0,1
1418,29370,36662,36662,38342,1,0
1419,29373,36651,36651,38331,0,1
1420,29382,36651,36651,38331,0,1
1421,29385,36651,36651,38331,0,1
1422,29390,36662,36662,38342,1,0
1423,29393,36662,36662,38342,1,0
1424,29397,36662,36662,38342,1,0
1425,29405,36662,36662,38342,1,0
1426,29407,36651,36651,38331,0,1
1427,29410,36651,36651,38331,0,1
1428,29414,36662,36662,38342,1,0
1429,29419,36651,36651,38331,0,1
1430,29420,36651,36651,38331,0,1
1431,29421,36651,36651,38331,0,1
1432,29428,36651,36651,38331,0,1
1433,29434,37768,37768,39448,2,1
1434,29436,37768,37768,39448,2,1
1435,29444,36662,36662,38342,1,0
1436,29464,36662,36662,38342,1,0
1437,29464,37768,37768,39448,2,1
1438,29466,37768,37768,39448,2,1
1439,29471,37768,37768,39448,2,1
1440,29477,36662,36662,38342,1,0
1441,29481,36662,36662,38342,1,0
1442,29490,37768,37768,39448,2,1
1443,29492,36662,36662,38342,1,0
1444,29510,36662,36662,38342,1,0
1445,29513,37768,37768,39448,2,1
1446,29527,36662,36662,38342,1,0
1447,29527,37768,37768,39448,2,1
1448,29531,36753,36753,38433,3,0
1449,29534,37768,37768,39448,2,1
1450,29549,36753,36753,38433,3,0
1451,29551,37768,37768,39448,2,1
1452,29554,36753,36753,38433,3,0
1453,29560,37768,37768,39448,2,1
1454,29568,36753,36753,38433,3,0
1455,29568,37768,37768,39448,2,1
1456,29574,36753,36753,38433,3,0
1457,29581,37768,37768,39448,2,1
1458,29589,36753,36753,38433,3,0
1459,29592,36753,36753,38433,3,0
1460,29595,36753,36753,38433,3,0
1461,29613,36753,36753,38433,3,0
1462,29614,36753,36753,38433,3,0
1463,29622,37768,37768,39448,2,1
1464,29626,36753,36753,38433,3,0
1465,29639,36753,36753,38433,3,0
1466,29641,36753,36753,38433,3,0
1467,29643,37768,37768,39448,2,1
1468,29645,36753,36753,38433,3,0
1469,29648,36753,36753,38433,3,0
1470,29659,37768,37768,39448,2,1
1471,29671,36753,36753,38433,3,0
1472,29692,37768,37768,39448,2,1
1473,29693,36753,36753,38433,3,0
1474,29696,37768,37768,39448,2,1
1475,29721,37768,37768,39448,2,1
1476,29733,36753,36753,38433,3,0
1477,29733,37768,37768,39448,2,1
1478,29737,37921,37921,39601,4,1
1479,29746,36753,36753,38433,3,0
1480,29750,37921,37921,39601,4,1
1481,29757,36753,36753,38433,3,0
1482,29763,37833,37833,39513,5,0
1483,29767,37833,37833,39513,5,0
1484,29771,37833,37833,39513,5,0
1485,29773,37921,37921,39601,4,1
1486,29776,37921,37921,39601,4,1
1487,29787,37833,37833,39513,5,0
1488,29795,37921,37921,39601,4,1
1489,29802,37833,37833,39513,5,0
1490,29807,37921,37921,39601,4,1
1491,29818,37921,37921,39601,4,1
1492,29820,37833,37833,39513,5,0
1493,29822,37921,37921,39601,4,1
1494,29823,37921,37921,39601,4,1
1495,29832,37921,37921,39601,4,1
1496,29843,37921,37921,39601,4,1
1497,29847,37833,37833,39513,5,0
1498,29848,37833,37833,39513,5,0
1499,29848,37921,37921,39601,4,1
1500,29855,37921,37921,39601,4,1
1501,29874,37921,37921,39601,4,1
1502,29902,37921,37921,39601,4,1
1503,29909,37833,37833,39513,5,0
1504,29911,37921,37921,39601,4,1
1505,29913,37921,37921,39601,4,1
1506,29920,37833,37833,39513,5,0
1507,29921,37921,37921,39601,4,1
1508,29926,37921,37921,39601,4,1
1509,29928,37833,37833,39513,5,0
1510,29930,37921,37921,39601,4,1
1511,29937,38057,38057,39737,6,1
1512,29940,37833,37833,39513,5,0
1513,29941,38057,38057,39737,6,1
1514,29947,37833,37833,39513,5,0
1515,29966,37833,37833,39513,5,0
1516,29967,37833,37833,39513,5,0
1517,29970,37833,37833,39513,5,0
1518,29971,38057,38057,39737,6,1
1519,29974,37833,37833,39513,5,0
1520,29977,38057,38057,39737,6,1
1521,29995,37833,37833,39513,5,0
1522,29996,37833,37833,39513,5,0
1523,29996,38057,38057,39737,6,1
1524,30000,38057,38057,39737,6,1
1525,30001,37833,37833,39513,5,0
1526,30022,38016,38016,39696,7,0
1527,30025,38057,38057,39737,6,1
1528,30031,38016,38016,39696,7,0
1529,30032,38016,38016,39696,7,0
1530,30036,38057,38057,39737,6,1
1531,30044,38016,38016,39696,7,0
1532,30046,38057,38057,39737,6,1
1533,30055,38057,38057,39737,6,1
1534,30057,38016,38016,39696,7,0
1535,30058,38057,38057,39737,6,1
1536,30069,38057,38057,39737,6,1
1537,30078,38016,38016,39696,7,0
1538,30080,38057,38057,39737,6,1
1539,30085,38016,38016,39696,7,0
1540,30087,38016,38016,39696,7,0
1541,30090,38016,38016,39696,7,0
1542,30098,38057,38057,39737,6,1
1543,30099,38016,38016,39696,7,0
1544,30109,38057,38057,39737,6,1
1545,30119,38057,38057,39737,6,1
1546,30126,38016,38016,39696,7,0
1547,30126,38057,38057,39737,6,1
1548,30129,38016,38016,39696,7,0
1549,30141,38057,38057,39737,6,1
1550,30146,38016,38016,39696,7,0
1551,30158,38016,38016,39696,7,0
1552,30172,38016,38016,39696,7,0
1553,30206,38016,38016,39696,7,0
1554,30217,38016,38016,39696,7,0
1555,30222,38057,38057,39737,6,1
1556,30225,38016,38016,39696,7,0
1557,30236,38016,38016,39696,7,0
1558,30236,38057,38057,39737,6,1
1559,30241,38016,38016,39696,7,0
1560,30243,38146,38146,39826,9,0
1561,30244,38146,38146,39826,9,0
1562,30252,38188,38188,39868,8,1
1563,30261,38188,38188,39868,8,1
1564,30263,38188,38188,39868,8,1
1565,30294,38146,38146,39826,9,0
1566,30314,38188,38188,39868,8,1
1567,30322,38188,38188,39868,8,1
1568,30326,38188,38188,39868,8,1
1569,30330,38188,38188,39868,8,1
1570,30334,38188,38188,39868,8,1
1571,30342,38146,38146,39826,9,0
1572,30348,38146,38146,39826,9,0
1573,30362,38188,38188,39868,8,1
1574,30372,38188,38188,39868,8,1
1575,30382,38146,38146,39826,9,0
1576,30384,38188,38188,39868,8,1
1577,30396,38188,38188,39868,8,1
1578,30399,38146,38146,39826,9,0
1579,30400,38188,38188,39868,8,1
1580,30403,38188,38188,39868,8,1
1581,30410,38146,38146,39826,9,0
1582,30412,38146,38146,39826,9,0
1583,30416,38146,38146,39826,9,0
1584,30417,38188,38188,39868,8,1
1585,30418,38188,38188,39868,8,1
1586,30421,38188,38188,39868,8,1
1587,30427,38146,38146,39826,9,0
1588,30447,38188,38188,39868,8,1
1589,30448,38146,38146,39826,9,0
1590,30448,38188,38188,39868,8,1
1591,30453,38188,38188,39868,8,1
1592,30466,38343,38343,40023,1,1
1593,30479,38343,38343,40023,1,1
1594,30480,38146,38146,39826,9,0
1595,30482,38343,38343,40023,1,1
1596,30486,38343,38343,40023,1,1
1597,30487,38343,38343,40023,1,1
1598,30497,38146,38146,39826,9,0
1599,30498,38343,38343,40023,1,1
1600,30501,38146,38146,39826,9,0
1601,30501,38343,38343,40023,1,1
1602,30504,38343,38343,40023,1,1
1603,30511,38146,38146,39826,9,0
1604,30511,38343,38343,40023,1,1
1605,30513,38343,38343,40023,1,1
1606,30516,38146,38146,39826,9,0
1607,30524,38343,38343,40023,1,1
1608,30529,38146,38146,39826,9,0
1609,30535,38146,38146,39826,9,0
1610,30551,38343,38343,40023,1,1
1611,30552,38146,38146,39826,9,0
1612,30557,38343,38343,40023,1,1
1613,30561,38343,38343,40023,1,1
1614,30563,38343,38343,40023,1,1
1615,30571,38343,38343,40023,1,1
1616,30578,38332,38332,40012,0,0
1617,30582,38332,38332,40012,0,0
1618,30589,38343,38343,40023,1,1
1619,30600,38343,38343,40023,1,1
1620,30604,38343,38343,40023,1,1
1621,30607,38332,38332,40012,0,0
1622,30621,38343,38343,40023,1,1
1623,30623,38332,38332,40012,0,0
1624,30624,38332,38332,40012,0,0
1625,30628,38332,38332,40012,0,0
1626,30633,38332,38332,40012,0,0
1627,30638,38332,38332,40012,0,0
1628,30644,38332,38332,40012,0,0
1629,30645,38434,38434,40114,3,1
1630,30647,38434,38434,40114,3,1
1631,30658,38332,38332,40012,0,0
1632,30663,38434,38434,40114,3,1
1633,30667,38332,38332,40012,0,0
1634,30668,38332,38332,40012,0,0
1635,30669,38434,38434,40114,3,1
1636,30676,38332,38332,40012,0,0
1637,30680,38434,38434,40114,3,1
1638,30681,38332,38332,40012,0,0
1639,30684,38434,38434,40114,3,1
1640,30686,38434,38434,40114,3,1
1641,30687,38332,38332,40012,0,0
1642,30694,38332,38332,40012,0,0
1643,30696,38434,38434,40114,3,1
1644,30698,38434,38434,40114,3,1
1645,30699,38332,38332,40012,0,0
1646,30708,38434,38434,40114,3,1
1647,30714,38332,38332,40012,0,0
1648,30715,38434,38434,40114,3,1
1649,30719,38332,38332,40012,0,0
1650,30726,38434,38434,40114,3,1
1651,30738,38434,38434,40114,3,1
1652,30739,38332,38332,40012,0,0
1653,30744,39449,39449,41129,2,0
1654,30747,38434,38434,40114,3,1
1655,30752,39449,39449,41129,2,0
1656,30760,38434,38434,40114,3,1
1657,30761,39449,39449,41129,2,0
1658,30769,38434,38434,40114,3,1
1659,30774,38434,38434,40114,3,1
1660,30776,39449,39449,41129,2,0
1661,30781,38434,38434,40114,3,1
1662,30784,38434,38434,40114,3,1
1663,30798,38434,38434,40114,3,1
1664,30832,39449,39449,41129,2,0
1665,30838,39449,39449,41129,2,0
1666,30843,39449,39449,41129,2,0
1667,30856,39449,39449,41129,2,0
1668,30857,39514,39514,41194,5,1
1669,30862,39449,39449,41129,2,0
1670,30865,39514,39514,41194,5,1
1671,30866,39449,39449,41129,2,0
1672,30900,39449,39449,41129,2,0
1673,30912,39514,39514,41194,5,1
1674,30914,39514,39514,41194,5,1
1675,30921,39449,39449,41129,2,0
1676,30921,39514,39514,41194,5,1
1677,30926,39449,39449,41129,2,0
1678,30928,39449,39449,41129,2,0
1679,30930,39514,39514,41194,5,1
1680,30937,39449,39449,41129,2,0
1681,30942,39449,39449,41129,2,0
1682,30951,39514,39514,41194,5,1
1683,30962,39449,39449,41129,2,0
1684,30964,39449,39449,41129,2,0
1685,30979,39449,39449,41129,2,0
1686,30980,39449,39449,41129,2,0
1687,30996,39514,39514,41194,5,1
1688,30998,39514,39514,41194,5,1
1689,31006,39514,39514,41194,5,1
1690,31008,39514,39514,41194,5,1
1691,31012,39602,39602,41282,4,0
1692,31013,39514,39514,41194,5,1
1693,31023,39602,39602,41282,4,0
1694,31028,39602,39602,41282,4,0
1695,31032,39514,39514,41194,5,1
1696,31035,39514,39514,41194,5,1
1697,31042,39514,39514,41194,5,1
1698,31048,39514,39514,41194,5,1
1699,31052,39602,39602,41282,4,0
1700,31053,39514,39514,41194,5,1
1701,31057,39514,39514,41194,5,1
1702,31062,39514,39514,41194,5,1
1703,31063,39514,39514,41194,5,1
1704,31065,39602,39602,41282,4,0
1705,31083,39602,39602,41282,4,0
1706,31087,39602,39602,41282,4,0
1707,31087,39697,39697,41377,7,1
1708,31091,39602,39602,41282,4,0
1709,31092,39697,39697,41377,7,1
1710,31094,39697,39697,41377,7,1
1711,31096,39602,39602,41282,4,0
1712,31097,39697,39697,41377,7,1
1713,31098,39697,39697,41377,7,1
1714,31106,39602,39602,41282,4,0
1715,31134,39602,39602,41282,4,0
1716,31137,39602,39602,41282,4,0
1717,31140,39697,39697,41377,7,1
1718,31147,39602,39602,41282,4,0
1719,31147,39697,39697,41377,7,1
1720,31153,39697,39697,41377,7,1
1721,31165,39602,39602,41282,4,0
1722,31169,39602,39602,41282,4,0
1723,31172,39602,39602,41282,4,0
1724,31195,39602,39602,41282,4,0
1725,31197,39602,39602,41282,4,0
1726,31202,39602,39602,41282,4,0
1727,31204,39697,39697,41377,7,1
1728,31205,39697,39697,41377,7,1
1729,31206,39602,39602,41282,4,0
1730,31226,39697,39697,41377,7,1
1731,31231,39697,39697,41377,7,1
1732,31236,39697,39697,41377,7,1
1733,31237,39738,39738,41418,6,0
1734,31245,39738,39738,41418,6,0
1735,31247,39738,39738,41418,6,0
1736,31249,39738,39738,41418,6,0
1737,31251,39738,39738,41418,6,0
1738,31252,39738,39738,41418,6,0
1739,31262,39697,39697,41377,7,1
1740,31263,39738,39738,41418,6,0
1741,31273,39697,39697,41377,7,1
1742,31281,39738,39738,41418,6,0
1743,31281,39697,39697,41377,7,1
1744,31282,39697,39697,41377,7,1
1745,31285,39697,39697,41377,7,1
1746,31289,39738,39738,41418,6,0
1747,31307,39697,39697,41377,7,1
1748,31321,39738,39738,41418,6,0
1749,31327,39697,39697,41377,7,1
1750,31330,39738,39738,41418,6,0
1751,31332,39738,39738,41418,6,0
1752,31333,39827,39827,41507,9,1
1753,31338,39738,39738,41418,6,0
1754,31343,39827,39827,41507,9,1
1755,31344,39738,39738,41418,6,0
1756,31344,39827,39827,41507,9,1
1757,31367,39827,39827,41507,9,1
1758,31383,39827,39827,41507,9,1
1759,31393,39738,39738,41418,6,0
1760,31396,39827,39827,41507,9,1
1761,31398,39827,39827,41507,9,1
1762,31401,39738,39738,41418,6,0
1763,31405,39738,39738,41418,6,0
1764,31408,39827,39827,41507,9,1
1765,31411,39827,39827,41507,9,1
1766,31412,39738,39738,41418,6,0
1767,31422,39738,39738,41418,6,0
1768,31422,39827,39827,41507,9,1
1769,31426,39738,39738,41418,6,0
1770,31432,39827,39827,41507,9,1
1771,31434,39869,39869,41549,8,0
1772,31436,39827,39827,41507,9,1
1773,31439,39869,39869,41549,8,0
1774,31445,39827,39827,41507,9,1
1775,31451,39869,39869,41549,8,0
1776,31451,39827,39827,41507,9,1
1777,31452,39827,39827,41507,9,1
1778,31454,39869,39869,41549,8,0
1779,31454,39827,39827,41507,9,1
1780,31466,39869,39869,41549,8,0
1781,31476,39827,39827,41507,9,1
1782,31501,39827,39827,41507,9,1
1783,31503,39869,39869,41549,8,0
1784,31503,39827,39827,41507,9,1
1785,31507,39869,39869,41549,8,0
1786,31507,39827,39827,41507,9,1
1787,31509,39869,39869,41549,8,0
1788,31510,40013,40013,41693,0,1
1789,31512,39869,39869,41549,8,0
1790,31514,40013,40013,41693,0,1
1791,31538,40013,40013,41693,0,1
1792,31539,40013,40013,41693,0,1
1793,31551,40013,40013,41693,0,1
1794,31553,39869,39869,41549,8,0
1795,31559,39869,39869,41549,8,0
1796,31563,39869,39869,41549,8,0
1797,31582,40013,40013,41693,0,1
1798,31589,39869,39869,41549,8,0
1799,31589,40013,40013,41693,0,1
1800,31596,40013,40013,41693,0,1
1801,31599,40013,40013,41693,0,1
1802,31602,39869,39869,41549,8,0
1803,31604,40013,40013,41693,0,1
1804,31621,40013,40013,41693,0,1
1805,31625,39869,39869,41549,8,0
1806,31641,40013,40013,41693,0,1
1807,31651,39869,39869,41549,8,0
1808,31659,40013,40013,41693,0,1
1809,31660,40013,40013,41693,0,1
1810,31661,40013,40013,41693,0,1
1811,31663,40013,40013,41693,0,1
1812,31669,39869,39869,41549,8,0
1813,31671,39869,39869,41549,8,0
1814,31672,39869,39869,41549,8,0
1815,31676,39869,39869,41549,8,0
1816,31683,40024,40024,41704,1,0
1817,31686,40013,40013,41693,0,1
1818,31692,40024,40024,41704,1,0
1819,31695,40024,40024,41704,1,0
1820,31713,40024,40024,41704,1,0
1821,31718,40024,40024,41704,1,0
1822,31720,40024,40024,41704,1,0
1823,31727,40024,40024,41704,1,0
1824,31733,40024,40024,41704,1,0
1825,31741,40013,40013,41693,0,1
1826,31742,40013,40013,41693,0,1
1827,31743,40013,40013,41693,0,1
1828,31745,40024,40024,41704,1,0
1829,31756,40024,40024,41704,1,0
1830,31758,41130,41130,42810,2,1
1831,31762,41130,41130,42810,2,1
1832,31764,41130,41130,42810,2,1
1833,31767,41130,41130,42810,2,1
1834,31774,41130,41130,42810,2,1
1835,31784,41130,41130,42810,2,1
1836,31790,41130,41130,42810,2,1
1837,31791,41130,41130,42810,2,1
1838,31800,40024,40024,41704,1,0
1839,31801,40024,40024,41704,1,0
1840,31806,41130,41130,42810,2,1
1841,31808,40024,40024,41704,1,0
1842,31813,40024,40024,41704,1,0
1843,31831,40024,40024,41704,1,0
1844,31832,41130,41130,42810,2,1
1845,31847,40024,40024,41704,1,0
1846,31857,40024,40024,41704,1,0
1847,31860,41130,41130,42810,2,1
1848,31861,41130,41130,42810,2,1
1849,31863,41130,41130,42810,2,1
1850,31877,40024,40024,41704,1,0
1851,31881,41130,41130,42810,2,1
1852,31883,40024,40024,41704,1,0
1853,31895,40024,40024,41704,1,0
1854,31897,40115,40115,41795,3,0
1855,31910,41130,41130,42810,2,1
1856,31918,40115,40115,41795,3,0
1857,31919,40115,40115,41795,3,0
1858,31925,41130,41130,42810,2,1
1859,31930,41130,41130,42810,2,1
1860,31935,40115,40115,41795,3,0
1861,31935,41130,41130,42810,2,1
1862,31937,40115,40115,41795,3,0
1863,31937,41130,41130,42810,2,1
1864,31939,41130,41130,42810,2,1
1865,31944,41283,41283,42963,4,1
1866,31949,40115,40115,41795,3,0
1867,31949,41283,41283,42963,4,1
1868,31950,41283,41283,42963,4,1
1869,31952,41283,41283,42963,4,1
1870,31960,40115,40115,41795,3,0
1871,31962,40115,40115,41795,3,0
1872,31972,41283,41283,42963,4,1
1873,31973,41283,41283,42963,4,1
1874,31979,40115,40115,41795,3,0
1875,31983,41283,41283,42963,4,1
1876,31996,40115,40115,41795,3,0
1877,31996,41283,41283,42963,4,1
1878,31999,41283,41283,42963,4,1
1879,32004,40115,40115,41795,3,0
1880,32006,40115,40115,41795,3,0
1881,32011,40115,40115,41795,3,0
1882,32016,40115,40115,41795,3,0
1883,32018,40115,40115,41795,3,0
1884,32024,40115,40115,41795,3,0
1885,32030,40115,40115,41795,3,0
1886,32039,40115,40115,41795,3,0
1887,32040,41283,41283,42963,4,1
1888,32054,40115,40115,41795,3,0
1889,32061,40115,40115,41795,3,0
1890,32065,41283,41283,42963,4,1
1891,32073,41195,41195,42875,5,0
1892,32076,41283,41283,42963,4,1
1893,32079,41195,41195,42875,5,0
1894,32085,41195,41195,42875,5,0
1895,32094,41195,41195,42875,5,0
1896,32095,41195,41195,42875,5,0
1897,32097,41195,41195,42875,5,0
1898,32103,41283,41283,42963,4,1
1899,32114,41195,41195,42875,5,0
1900,32116,41195,41195,42875,5,0
1901,32129,41195,41195,42875,5,0
1902,32135,41195,41195,42875,5,0
1903,32138,41195,41195,42875,5,0
1904,32140,41283,41283,42963,4,1
1905,32145,41283,41283,42963,4,1
1906,32148,41195,41195,42875,5,0
1907,32149,41283,41283,42963,4,1
1908,32152,41283,41283,42963,4,1
1909,32156,41195,41195,42875,5,0
1910,32168,41195,41195,42875,5,0
1911,32179,41283,41283,42963,4,1
1912,32181,41283,41283,42963,4,1
1913,32183,41283,41283,42963,4,1
1914,32200,41419,41419,43099,6,1
1915,32209,41419,41419,43099,6,1
1916,32213,41195,41195,42875,5,0
1917,32228,41419,41419,43099,6,1
1918,32230,41195,41195,42875,5,0
1919,32234,41195,41195,42875,5,0
1920,32238,41419,41419,43099,6,1
1921,32258,41195,41195,42875,5,0
1922,32269,41419,41419,43099,6,1
1923,32280,41419,41419,43099,6,1
1924,32282,41195,41195,42875,5,0
1925,32288,41195,41195,42875,5,0
1926,32299,41378,41378,43058,7,0
1927,32301,41419,41419,43099,6,1
1928,32308,41378,41378,43058,7,0
1929,32327,41419,41419,43099,6,1
1930,32332,41378,41378,43058,7,0
1931,32333,41419,41419,43099,6,1
1932,32340,41419,41419,43099,6,1
1933,32363,41419,41419,43099,6,1
1934,32373,41419,41419,43099,6,1
1935,32380,41378,41378,43058,7,0
1936,32381,41378,41378,43058,7,0
1937,32390,41419,41419,43099,6,1
1938,32391,41378,41378,43058,7,0
1939,32392,41419,41419,43099,6,1
1940,32398,41378,41378,43058,7,0
1941,32429,41419,41419,43099,6,1
1942,32472,41419,41419,43099,6,1
1943,32491,41419,41419,43099,6,1
1944,32504,41419,41419,43099,6,1
1945,32516,41419,41419,43099,6,1
1946,32580,41419,41419,43099,6,1
1947,32612,41550,41550,43218,8,1
1948,32639,41550,41550,43218,8,1
1949,32721,41550,41550,43218,8,1
1950,32727,41378,41378,43058,7,0
1951,32818,41550,41550,43218,8,1
1952,32872,41378,41378,43058,7,0
1953,32904,41550,41550,43218,8,1
1954,32973,41378,41378,43058,7,0
1955,32987,41378,41378,43058,7,0
1956,32988,41378,41378,43058,7,0
1957,32991,41378,41378,43058,7,0
1958,33050,41378,41378,43058,7,0
1959,33094,41550,41550,43218,8,1
1960,33127,41378,41378,43058,7,0
1961,33160,41550,41550,43218,8,1
1962,33163,41550,41550,43218,8,1
1963,33379,41378,41378,43058,7,0
1964,33459,41378,41378,43058,7,0
1965,33466,41550,41550,43218,8,1
1966,33479,41378,41378,43058,7,0
1967,33485,41550,41550,43218,8,1
1968,33506,41550,41550,43218,8,1
1969,33572,41550,41550,43218,8,1
1970,33579,41550,41550,43218,8,1
1971,33620,41550,41550,43218,8,1
1972,33692,41378,41378,43058,7,0
1973,33697,41550,41550,43218,8,1
1974,33710,41378,41378,43058,7,0
1975,33730,41508,41508,43188,9,0
1976,33754,41508,41508,43188,9,0
1977,33828,41508,41508,43188,9,0
1978,33836,41550,41550,43218,8,1
1979,33879,41508,41508,43188,9,0
1980,33888,41508,41508,43188,9,0
1981,33903,41550,41550,43218,8,1
1982,33911,41508,41508,43188,9,0
1983,33928,41550,41550,43218,8,1
1984,33936,41550,41550,43218,8,1
1985,33949,41508,41508,43188,9,0
1986,33961,41550,41550,43218,8,1
1987,33965,41705,41705,43315,1,1
1988,33982,41705,41705,43315,1,1
1989,34006,41705,41705,43315,1,1
1990,34020,41705,41705,43315,1,1
1991,34061,41508,41508,43188,9,0
1992,34088,41508,41508,43188,9,0
1993,34112,41508,41508,43188,9,0
1994,34151,41705,41705,43315,1,1
1995,34184,41508,41508,43188,9,0
1996,34192,41508,41508,43188,9,0
1997,34201,41705,41705,43315,1,1
1998,34206,41705,41705,43315,1,1
1999,34220,41508,41508,43188,9,0
2000,34254,41508,41508,43188,9,0
2001,34259,41705,41705,43315,1,1
2002,34340,41705,41705,43315,1,1
2003,34471,41705,41705,43315,1,1
2004,34493,41508,41508,43188,9,0
2005,34521,41705,41705,43315,1,1
2006,34559,41705,41705,43315,1,1
2007,34578,41508,41508,43188,9,0
2008,34650,41705,41705,43315,1,1
2009,34669,41705,41705,43315,1,1
2010,34676,41508,41508,43188,9,0
2011,34702,41705,41705,43315,1,1
2012,34713,41705,41705,43315,1,1
2013,34729,41705,41705,43315,1,1
2014,34755,41705,41705,43315,1,1
2015,34807,41705,41705,43315,1,1
2016,34817,41705,41705,43315,1,1
2017,34904,41508,41508,43188,9,0
2018,34923,41796,41796,43372,3,1
2019,34969,41508,41508,43188,9,0
2020,34991,41508,41508,43188,9,0
2021,35036,41694,41694,43308,0,0
2022,35076,41694,41694,43308,0,0
2023,35110,41796,41796,43372,3,1
2024,35152,41694,41694,43308,0,0
2025,35152,41796,41796,43372,3,1
2026,35193,41796,41796,43372,3,1
2027,35203,41694,41694,43308,0,0
2028,35268,41694,41694,43308,0,0
2029,35270,41796,41796,43372,3,1
2030,35271,41694,41694,43308,0,0
2031,35323,41694,41694,43308,0,0
2032,35347,41796,41796,43372,3,1
2033,35394,41796,41796,43372,3,1
2034,35416,41694,41694,43308,0,0
2035,35446,41694,41694,43308,0,0
2036,35470,41796,41796,43372,3,1
2037,35529,41796,41796,43372,3,1
2038,35608,41796,41796,43372,3,1
2039,35655,41694,41694,43308,0,0
2040,35707,41796,41796,43372,3,1
2041,35734,41694,41694,43308,0,0
2042,35755,41694,41694,43308,0,0
2043,35758,41796,41796,43372,3,1
2044,35760,41694,41694,43308,0,0
2045,35802,41694,41694,43308,0,0
2046,35822,41694,41694,43308,0,0
2047,35854,41796,41796,43372,3,1
2048,35866,41694,41694,43308,0,0
2049,35919,41796,41796,43372,3,1
2050,35926,41796,41796,43372,3,1
2051,35932,41796,41796,43372,3,1
2052,35962,41694,41694,43308,0,0
2053,35971,41694,41694,43308,0,0
2054,36021,41694,41694,43308,0,0
2055,36089,41694,41694,43308,0,0
2056,36102,42811,42811,44006,2,0
2057,36104,42811,42811,44006,2,0
2058,36175,41796,41796,43372,3,1
2059,36245,41796,41796,43372,3,1
2060,36266,42811,42811,44006,2,0
2061,36319,41796,41796,43372,3,1
2062,36388,41796,41796,43372,3,1
2063,36389,42811,42811,44006,2,0
2064,36416,42811,42811,44006,2,0
2065,36445,42876,42876,44047,5,1
2066,36484,42811,42811,44006,2,0
2067,36494,42811,42811,44006,2,0
2068,36494,42876,42876,44047,5,1
2069,36579,42811,42811,44006,2,0
2070,36608,42876,42876,44047,5,1
2071,36636,42811,42811,44006,2,0
2072,36685,42811,42811,44006,2,0
2073,36688,42811,42811,44006,2,0
2074,36725,42811,42811,44006,2,0
2075,36783,42811,42811,44006,2,0
2076,36807,42876,42876,44047,5,1
2077,36818,42811,42811,44006,2,0
2078,36878,42811,42811,44006,2,0
2079,36891,42811,42811,44006,2,0
2080,36891,42876,42876,44047,5,1
2081,36948,42876,42876,44047,5,1
2082,36951,42811,42811,44006,2,0
2083,36981,42876,42876,44047,5,1
2084,37009,42876,42876,44047,5,1
2085,37010,42811,42811,44006,2,0
2086,37016,42811,42811,44006,2,0
2087,37028,42811,42811,44006,2,0
2088,37048,42964,42964,44102,4,0
2089,37054,42876,42876,44047,5,1
2090,37063,42964,42964,44102,4,0
2091,37077,42876,42876,44047,5,1
2092,37084,42876,42876,44047,5,1
2093,37108,42964,42964,44102,4,0
2094,37124,42876,42876,44047,5,1
2095,37145,42876,42876,44047,5,1
2096,37149,42964,42964,44102,4,0
2097,37171,42964,42964,44102,4,0
2098,37172,42876,42876,44047,5,1
2099,37181,42964,42964,44102,4,0
2100,37211,42964,42964,44102,4,0
2101,37233,42964,42964,44102,4,0
2102,37258,42876,42876,44047,5,1
2103,37296,42964,42964,44102,4,0
2104,37336,42964,42964,44102,4,0
2105,37343,42964,42964,44102,4,0
2106,37353,42964,42964,44102,4,0
2107,37431,42964,42964,44102,4,0
2108,37459,42964,42964,44102,4,0
2109,37461,42964,42964,44102,4,0
2110,37615,42876,42876,44047,5,1
2111,37645,42876,42876,44047,5,1
2112,37668,42964,42964,44102,4,0
2113,37669,42876,42876,44047,5,1
2114,37741,42876,42876,44047,5,1
2115,37747,42876,42876,44047,5,1
2116,37760,43059,43059,44161,7,1
2117,37792,42964,42964,44102,4,0
2118,37832,43059,43059,44161,7,1
2119,37886,42964,42964,44102,4,0
2120,37911,42964,42964,44102,4,0
2121,37933,42964,42964,44102,4,0
2122,37974,43059,43059,44161,7,1
2123,38023,43100,43100,44187,6,0
2124,38063,43059,43059,44161,7,1
2125,38076,43059,43059,44161,7,1
2126,38102,43100,43100,44187,6,0
2127,38127,43100,43100,44187,6,0
2128,38181,43059,43059,44161,7,1
2129,38197,43100,43100,44187,6,0
2130,38205,43059,43059,44161,7,1
2131,38257,43059,43059,44161,7,1
2132,38260,43059,43059,44161,7,1
2133,38310,43100,43100,44187,6,0
2134,38353,43059,43059,44161,7,1
2135,38376,43100,43100,44187,6,0
2136,38398,43100,43100,44187,6,0
2137,38505,43100,43100,44187,6,0
2138,38513,43100,43100,44187,6,0
2139,38540,43100,43100,44187,6,0
2140,38566,43100,43100,44187,6,0
2141,38570,43100,43100,44187,6,0
2142,38637,43100,43100,44187,6,0
2143,38672,43100,43100,44187,6,0
2144,38694,43059,43059,44161,7,1
2145,38745,43059,43059,44161,7,1
2146,38761,43100,43100,44187,6,0
2147,38786,43059,43059,44161,7,1
2148,38803,43059,43059,44161,7,1
2149,38841,43100,43100,44187,6,0
2150,38860,43059,43059,44161,7,1
2151,38893,43059,43059,44161,7,1
2152,38925,43059,43059,44161,7,1
2153,38926,43100,43100,44187,6,0
2154,38932,43059,43059,44161,7,1
2155,38936,43059,43059,44161,7,1
2156,38992,43100,43100,44187,6,0
2157,38995,43059,43059,44161,7,1
2158,39008,43100,43100,44187,6,0
2159,39012,43100,43100,44187,6,0
2160,39035,43219,43219,44269,8,0
2161,39068,43219,43219,44269,8,0
2162,39144,43219,43219,44269,8,0
2163,39150,43219,43219,44269,8,0
2164,39151,43189,43189,44243,9,1
2165,39174,43189,43189,44243,9,1
2166,39220,43189,43189,44243,9,1
2167,39252,43219,43219,44269,8,0
2168,39267,43189,43189,44243,9,1
2169,39268,43219,43219,44269,8,0
2170,39281,43219,43219,44269,8,0
2171,39297,43219,43219,44269,8,0
2172,39354,43219,43219,44269,8,0
2173,39433,43219,43219,44269,8,0
2174,39518,43219,43219,44269,8,0
2175,39621,43219,43219,44269,8,0
2176,39630,43189,43189,44243,9,1
2177,39658,43189,43189,44243,9,1
2178,39670,43219,43219,44269,8,0
2179,39671,43189,43189,44243,9,1
2180,39691,43219,43219,44269,8,0
2181,39695,43219,43219,44269,8,0
2182,39697,43219,43219,44269,8,0
2183,39716,43189,43189,44243,9,1
2184,39764,43189,43189,44243,9,1
2185,39817,43189,43189,44243,9,1
2186,39888,43219,43219,44269,8,0
2187,39899,43219,43219,44269,8,0
2188,39918,43189,43189,44243,9,1
2189,39957,43189,43189,44243,9,1
2190,39963,43189,43189,44243,9,1
2191,39976,43219,43219,44269,8,0
2192,40003,43219,43219,44269,8,0
2193,40085,43316,43316,44366,1,0
2194,40097,43316,43316,44366,1,0
2195,40148,43189,43189,44243,9,1
2196,40175,43189,43189,44243,9,1
2197,40181,43316,43316,44366,1,0
2198,40219,43316,43316,44366,1,0
2199,40242,43316,43316,44366,1,0
2200,40351,43189,43189,44243,9,1
2201,40361,43316,43316,44366,1,0
2202,40379,43189,43189,44243,9,1
2203,40399,43316,43316,44366,1,0
2204,40422,43189,43189,44243,9,1
2205,40514,43189,43189,44243,9,1
2206,40519,43316,43316,44366,1,0
2207,40538,43316,43316,44366,1,0
2208,40612,43316,43316,44366,1,0
2209,40663,43189,43189,44243,9,1
2210,40671,43316,43316,44366,1,0
2211,40703,43309,43309,44359,0,1
2212,40714,43316,43316,44366,1,0
2213,40732,43309,43309,44359,0,1
2214,40747,43316,43316,44366,1,0
2215,40756,43316,43316,44366,1,0
2216,40766,43309,43309,44359,0,1
2217,40813,43316,43316,44366,1,0
2218,40814,43316,43316,44366,1,0
2219,40855,43309,43309,44359,0,1
2220,40864,43316,43316,44366,1,0
2221,40873,43309,43309,44359,0,1
2222,40888,43316,43316,44366,1,0
2223,40898,43309,43309,44359,0,1
2224,40930,43309,43309,44359,0,1
2225,40970,43309,43309,44359,0,1
2226,40992,43309,43309,44359,0,1
2227,41054,43309,43309,44359,0,1
2228,41110,43316,43316,44366,1,0
2229,41169,43316,43316,44366,1,0
2230,41186,43373,43373,44423,3,0
2231,41194,43309,43309,44359,0,1
2232,41210,43373,43373,44423,3,0
2233,41238,43373,43373,44423,3,0
2234,41240,43309,43309,44359,0,1
2235,41242,43373,43373,44423,3,0
2236,41256,43373,43373,44423,3,0
2237,41267,43373,43373,44423,3,0
2238,41310,43373,43373,44423,3,0
2239,41320,43309,43309,44359,0,1
2240,41359,43309,43309,44359,0,1
2241,41372,43309,43309,44359,0,1
2242,41378,43373,43373,44423,3,0
2243,41393,43309,43309,44359,0,1
2244,41398,43309,43309,44359,0,1
2245,41461,43309,43309,44359,0,1
2246,41523,43373,43373,44423,3,0
2247,41537,43373,43373,44423,3,0
2248,41554,43309,43309,44359,0,1
2249,41605,43373,43373,44423,3,0
2250,41632,43373,43373,44423,3,0
2251,41641,43373,43373,44423,3,0
2252,41644,43373,43373,44423,3,0
2253,41662,43309,43309,44359,0,1
2254,41716,44007,44007,45057,2,1
2255,41804,43373,43373,44423,3,0
2256,41884,43373,43373,44423,3,0
2257,41965,44007,44007,45057,2,1
2258,41968,44007,44007,45057,2,1
2259,42000,43373,43373,44423,3,0
2260,42010,44007,44007,45057,2,1
2261,42011,43373,43373,44423,3,0
2262,42019,43373,43373,44423,3,0
2263,42023,43373,43373,44423,3,0
2264,42046,44048,44048,45098,5,0
2265,42056,44048,44048,45098,5,0
2266,42058,44048,44048,45098,5,0
2267,42069,44048,44048,45098,5,0
2268,42119,44007,44007,45057,2,1
2269,42120,44007,44007,45057,2,1
2270,42150,44007,44007,45057,2,1
2271,42182,44048,44048,45098,5,0
2272,42209,44048,44048,45098,5,0
2273,42220,44007,44007,45057,2,1
2274,42301,44048,44048,45098,5,0
2275,42313,44048,44048,45098,5,0
2276,42374,44007,44007,45057,2,1
2277,42382,44048,44048,45098,5,0
2278,42394,44007,44007,45057,2,1
2279,42402,44048,44048,45098,5,0
2280,42418,44007,44007,45057,2,1
2281,42422,44007,44007,45057,2,1
2282,42441,44048,44048,45098,5,0
2283,42452,44048,44048,45098,5,0
2284,42468,44007,44007,45057,2,1
2285,42547,44048,44048,45098,5,0
2286,42657,44007,44007,45057,2,1
2287,42658,44007,44007,45057,2,1
2288,42661,44048,44048,45098,5,0
2289,42674,44048,44048,45098,5,0
2290,42917,44048,44048,45098,5,0
2291,42922,44007,44007,45057,2,1
2292,42927,44007,44007,45057,2,1
2293,42950,44007,44007,45057,2,1
2294,42963,44048,44048,45098,5,0
2295,43011,44007,44007,45057,2,1
2296,43051,44048,44048,45098,5,0
2297,43119,44048,44048,45098,5,0
2298,43177,44007,44007,45057,2,1
2299,43278,44048,44048,45098,5,0
2300,43279,44103,45314,46364,4,1
2301,43285,44162,45612,46662,7,0
2302,43287,44103,45314,46364,4,1
2303,43344,44103,45314,46364,4,1
2304,43385,44162,45612,46662,7,0
2305,43590,44162,45612,46662,7,0
2306,43613,44103,45314,46364,4,1
2307,43676,44162,45612,46662,7,0
2308,43747,44162,45612,46662,7,0
2309,43803,44162,45612,46662,7,0
2310,43821,44103,45314,46364,4,1
2311,43911,44103,45314,46364,4,1
2312,44045,44103,45314,46364,4,1
2313,44089,44103,45314,46364,4,1
2314,44126,44126,45314,46364,4,1
2315,44133,44133,45314,46364,4,1
2316,44182,44182,45314,46364,4,1
2317,44306,44306,45314,46364,4,1
2318,44334,44334,45314,46364,4,1
2319,44345,44345,45612,46662,7,0
2320,44375,44375,45612,46662,7,0
2321,44565,44565,45612,46662,7,0
2322,44572,44572,45612,46662,7,0
2323,44599,44599,45314,46364,4,1
2324,44747,44747,45612,46662,7,0
2325,44809,44809,45314,46364,4,1
2326,44812,44812,45314,46364,4,1
2327,44814,44814,45612,46662,7,0
2328,44849,44849,45612,46662,7,0
2329,44875,44875,45612,46662,7,0
2330,44953,44953,45612,46662,7,0
2331,45025,45025,45314,46364,4,1
2332,45040,45040,45612,46662,7,0
2333,45073,45073,45314,46364,4,1
2334,45082,45082,45612,46662,7,0
2335,45109,45109,45612,46662,7,0
2336,45252,45252,45612,46662,7,0
2337,45254,45254,45314,46364,4,1
2338,45314,45314,45314,46364,4,1
2339,45378,45378,48055,49105,6,1
2340,45380,45380,48055,49105,6,1
2341,45434,45434,48055,49105,6,1
2342,45475,45475,48055,49105,6,1
2343,45612,45612,45612,46662,7,0
2344,45617,45617,48151,49201,9,0
2345,45698,45698,48055,49105,6,1
2346,45706,45706,48151,49201,9,0
2347,45789,45789,48055,49105,6,1
2348,45824,45824,48151,49201,9,0
2349,45865,45865,48055,49105,6,1
2350,45993,45993,48055,49105,6,1
2351,46057,46057,48055,49105,6,1
2352,46106,46106,48055,49105,6,1
2353,46166,46166,48055,49105,6,1
2354,46247,46247,48055,49105,6,1
2355,46279,46279,48151,49201,9,0
2356,46321,46321,48055,49105,6,1
2357,46376,46376,48151,49201,9,0
2358,46436,46436,48055,49105,6,1
2359,46556,46556,48151,49201,9,0
2360,46582,46582,48151,49201,9,0
2361,46606,46606,48055,49105,6,1
2362,46726,46726,48151,49201,9,0
2363,46793,46793,48151,49201,9,0
2364,46847,46847,48151,49201,9,0
2365,47004,47004,48055,49105,6,1
2366,47034,47034,48151,49201,9,0
2367,47205,47205,48151,49201,9,0
2368,47207,47207,48151,49201,9,0
2369,47249,47249,48151,49201,9,0
2370,47311,47311,48151,49201,9,0
2371,47336,47336,48055,49105,6,1
2372,47402,47402,48055,49105,6,1
2373,47635,47635,48151,49201,9,0
2374,47733,47733,48151,49201,9,0
2375,47813,47813,48055,49105,6,1
2376,47940,47940,48151,49201,9,0
2377,48055,48055,48055,49105,6,1
2378,48088,48088,48151,49201,9,0
2379,48151,48151,48151,49201,9,0
2380,48151,48151,49707,50757,8,1
2381,48185,48185,49707,50757,8,1
2382,48201,48201,49707,50757,8,1
2383,48205,48205,50854,51904,0,0
2384,48235,48235,49707,50757,8,1
2385,48286,48286,50854,51904,0,0
2386,48412,48412,50854,51904,0,0
2387,48417,48417,49707,50757,8,1
2388,48450,48450,49707,50757,8,1
2389,48471,48471,49707,50757,8,1
2390,48574,48574,49707,50757,8,1
2391,48635,48635,50854,51904,0,0
2392,48665,48665,49707,50757,8,1
2393,48744,48744,49707,50757,8,1
2394,48797,48797,50854,51904,0,0
2395,48800,48800,49707,50757,8,1
2396,48809,48809,50854,51904,0,0
2397,48949,48949,49707,50757,8,1
2398,49045,49045,49707,50757,8,1
2399,49160,49160,50854,51904,0,0
2400,49198,49198,49707,50757,8,1
2401,49273,49273,50854,51904,0,0
2402,49288,49288,50854,51904,0,0
2403,49327,49327,49707,50757,8,1
2404,49403,49403,49707,50757,8,1
2405,49459,49459,50854,51904,0,0
2406,49464,49464,49707,50757,8,1
2407,49476,49476,50854,51904,0,0
2408,49569,49569,49707,50757,8,1
2409,49671,49671,49707,50757,8,1
2410,49707,49707,49707,50757,8,1
2411,49732,49732,52924,53974,1,1
2412,49759,49759,50854,51904,0,0
2413,49855,49855,50854,51904,0,0
2414,49867,49867,50854,51904,0,0
2415,49900,49900,52924,53974,1,1
2416,50034,50034,52924,53974,1,1
2417,50057,50057,50854,51904,0,0
2418,50184,50184,52924,53974,1,1
2419,50244,50244,52924,53974,1,1
2420,50297,50297,52924,53974,1,1
2421,50353,50353,50854,51904,0,0
2422,50485,50485,52924,53974,1,1
2423,50528,50528,52924,53974,1,1
2424,50562,50562,50854,51904,0,0
2425,50631,50631,50854,51904,0,0
2426,50834,50834,50854,51904,0,0
2427,50854,50854,50854,51904,0,0
2428,50882,50882,53030,54080,2,0
2429,50897,50897,52924,53974,1,1
2430,50941,50941,52924,53974,1,1
2431,51001,51001,53030,54080,2,0
2432,51083,51083,53030,54080,2,0
2433,51110,51110,53030,54080,2,0
2434,51340,51340,52924,53974,1,1
2435,51377,51377,53030,54080,2,0
2436,51381,51381,53030,54080,2,0
2437,51433,51433,52924,53974,1,1
2438,51457,51457,53030,54080,2,0
2439,51588,51588,52924,53974,1,1
2440,51620,51620,53030,54080,2,0
2441,51667,51667,53030,54080,2,0
2442,51719,51719,52924,53974,1,1
2443,51761,51761,53030,54080,2,0
2444,51774,51774,52924,53974,1,1
2445,51850,51850,53030,54080,2,0
2446,51965,51965,53030,54080,2,0
2447,52118,52118,53030,54080,2,0
2448,52166,52166,52924,53974,1,1
2449,52260,52260,53030,54080,2,0
2450,52266,52266,52924,53974,1,1
2451,52300,52300,53030,54080,2,0
2452,52611,52611,53030,54080,2,0
2453,52623,52623,53030,54080,2,0
2454,52701,52701,52924,53974,1,1
2455,52729,52729,53030,54080,2,0
2456,52795,52795,52924,53974,1,1
2457,52924,52924,52924,53974,1,1
2458,52995,52995,53030,54080,2,0
2459,53007,53007,55486,56536,3,1
2460,53030,53030,53030,54080,2,0
2461,53083,53083,54832,55882,4,0
2462,53270,53270,54832,55882,4,0
2463,53360,53360,54832,55882,4,0
2464,53431,53431,54832,55882,4,0
2465,53432,53432,55486,56536,3,1
2466,53537,53537,54832,55882,4,0
2467,53548,53548,55486,56536,3,1
2468,53642,53642,55486,56536,3,1
2469,53706,53706,55486,56536,3,1
2470,53751,53751,54832,55882,4,0
2471,53802,53802,54832,55882,4,0
2472,53812,53812,55486,56536,3,1
2473,53901,53901,54832,55882,4,0
2474,53944,53944,55486,56536,3,1
2475,53984,53984,54832,55882,4,0
2476,54101,54101,55486,56536,3,1
2477,54232,54232,54832,55882,4,0
2478,54233,54233,54832,55882,4,0
2479,54240,54240,54832,55882,4,0
2480,54259,54259,54832,55882,4,0
2481,54272,54272,54832,55882,4,0
2482,54296,54296,55486,56536,3,1
2483,54441,54441,55486,56536,3,1
2484,54459,54459,54832,55882,4,0
2485,54486,54486,54832,55882,4,0
2486,54543,54543,54832,55882,4,0
2487,54547,54547,54832,55882,4,0
2488,54574,54574,55486,56536,3,1
2489,54618,54618,55486,56536,3,1
2490,54651,54651,55486,56536,3,1
2491,54683,54683,55486,56536,3,1
2492,54702,54702,54832,55882,4,0
2493,54832,54832,54832,55882,4,0
2494,54985,54985,56691,57976,6,0
2495,55013,55013,55486,56536,3,1
2496,55051,55051,55486,56536,3,1
2497,55124,55124,56691,57976,6,0
2498,55136,55136,56691,57976,6,0
2499,55194,55194,56691,57976,6,0
2500,55204,55204,56691,57976,6,0
2501,55253,55253,56691,57976,6,0
2502,55263,55263,55486,56536,3,1
2503,55276,55276,56691,57976,6,0
2504,55313,55313,56691,57976,6,0
2505,55330,55330,55486,56536,3,1
2506,55415,55415,56691,57976,6,0
2507,55465,55465,55486,56536,3,1
2508,55486,55486,55486,56536,3,1
2509,55529,55529,57821,60621,5,1
2510,55652,55652,57821,60621,5,1
2511,55734,55734,56691,57976,6,0
2512,55855,55855,57821,60621,5,1
2513,55871,55871,57821,60621,5,1
2514,55904,55904,57821,60621,5,1
2515,56055,56055,57821,60621,5,1
2516,56081,56081,57821,60621,5,1
2517,56181,56181,56691,57976,6,0
2518,56203,56203,56691,57976,6,0
2519,56234,56234,57821,60621,5,1
2520,56339,56339,56691,57976,6,0
2521,56340,56340,57821,60621,5,1
2522,56350,56350,56691,57976,6,0
2523,56374,56374,57821,60621,5,1
2524,56395,56395,56691,57976,6,0
2525,56416,56416,56691,57976,6,0
2526,56480,56480,56691,57976,6,0
2527,56485,56485,57821,60621,5,1
2528,56562,56562,56691,57976,6,0
2529,56625,56625,56691,57976,6,0
2530,56635,56635,57821,60621,5,1
2531,56691,56691,56691,57976,6,0
2532,56805,56805,59047,61847,8,0
2533,56834,56834,59047,61847,8,0
2534,56857,56857,57821,60621,5,1
2535,56932,56932,59047,61847,8,0
2536,56983,56983,59047,61847,8,0
2537,56986,56986,57821,60621,5,1
2538,56988,56988,57821,60621,5,1
2539,57039,57039,57821,60621,5,1
2540,57078,57078,59047,61847,8,0
2541,57088,57088,59047,61847,8,0
2542,57127,57127,59047,61847,8,0
2543,57169,57169,59047,61847,8,0
2544,57317,57317,57821,60621,5,1
2545,57330,57330,59047,61847,8,0
2546,57401,57401,59047,61847,8,0
2547,57415,57415,59047,61847,8,0
2548,57459,57459,57821,60621,5,1
2549,57819,57819,57821,60621,5,1
2550,57821,57821,57821,60621,5,1
2551,57888,57888,59047,61847,8,0
2552,57991,57991,59047,61847,8,0
2553,58109,58109,59047,61847,8,0
2554,58121,58121,60054,62854,7,1
2555,58147,58147,60054,62854,7,1
2556,58164,58164,60054,62854,7,1
2557,58172,58172,59047,61847,8,0
2558,58256,58256,59047,61847,8,0
2559,58349,58349,60054,62854,7,1
2560,58362,58362,59047,61847,8,0
2561,58378,58378,60054,62854,7,1
2562,58414,58414,60054,62854,7,1
2563,58424,58424,60054,62854,7,1
2564,58425,58425,60054,62854,7,1
2565,58431,58431,60054,62854,7,1
2566,58638,58638,59047,61847,8,0
2567,58641,58641,59047,61847,8,0
2568,58662,58662,60054,62854,7,1
2569,58704,58704,60054,62854,7,1
2570,58915,58915,60054,62854,7,1
2571,59047,59047,59047,61847,8,0
2572,59055,59055,60054,62854,7,1
2573,59197,59197,61272,64072,1,0
2574,59294,59294,60054,62854,7,1
2575,59336,59336,60054,62854,7,1
2576,59419,59419,61272,64072,1,0
2577,59470,59470,61272,64072,1,0
2578,59553,59553,61272,64072,1,0
2579,59699,59699,60054,62854,7,1
2580,59710,59710,60054,62854,7,1
2581,59788,59788,60054,62854,7,1
2582,60012,60012,60054,62854,7,1
2583,60054,60054,60054,62854,7,1
2584,60057,60057,61272,64072,1,0
2585,60070,60070,61292,64092,9,1
2586,60090,60090,61272,64072,1,0
2587,60123,60123,61272,64072,1,0
2588,60180,60180,61292,64092,9,1
2589,60186,60186,61292,64092,9,1
2590,60225,60225,61292,64092,9,1
2591,60234,60234,61292,64092,9,1
2592,60349,60349,61272,64072,1,0
2593,60421,60421,61272,64072,1,0
2594,60431,60431,61272,64072,1,0
2595,60454,60454,61292,64092,9,1
2596,60483,60483,61272,64072,1,0
2597,60576,60576,61272,64072,1,0
2598,60668,60668,61292,64092,9,1
2599,60683,60683,61292,64092,9,1
2600,60705,60705,61292,64092,9,1
2601,60708,60708,61272,64072,1,0
2602,60937,60937,61292,64092,9,1
2603,61024,61024,61292,64092,9,1
2604,61081,61081,61292,64092,9,1
2605,61170,61170,61272,64072,1,0
2606,61202,61202,61272,64072,1,0
2607,61215,61215,61272,64072,1,0
2608,61224,61224,61292,64092,9,1
2609,61227,61227,61292,64092,9,1
2610,61237,61237,61272,64072,1,0
2611,61243,61243,61272,64072,1,0
2612,61243,61243,61292,64092,9,1
2613,61258,61258,61292,64092,9,1
2614,61259,61259,61292,64092,9,1
2615,61263,61263,61272,64072,1,0
2616,61267,61267,61292,64092,9,1
2617,61272,61272,61272,64072,1,0
2618,61273,61273,61483,64283,3,0
2619,61277,61277,61292,64092,9,1
2620,61292,61292,61292,64092,9,1
2621,61294,61294,61412,64212,0,1
2622,61295,61295,61412,64212,0,1
2623,61305,61305,61412,64212,0,1
2624,61306,61306,61412,64212,0,1
2625,61311,61311,61412,64212,0,1
2626,61337,61337,61412,64212,0,1
2627,61340,61340,61412,64212,0,1
2628,61344,61344,61483,64283,3,0
2629,61346,61346,61412,64212,0,1
2630,61347,61347,61412,64212,0,1
2631,61350,61350,61483,64283,3,0
2632,61351,61351,61483,64283,3,0
2633,61351,61351,61412,64212,0,1
2634,61355,61355,61412,64212,0,1
2635,61359,61359,61483,64283,3,0
2636,61367,61367,61483,64283,3,0
2637,61369,61369,61483,64283,3,0
2638,61373,61373,61483,64283,3,0
2639,61373,61373,61412,64212,0,1
2640,61375,61375,61412,64212,0,1
2641,61380,61380,61483,64283,3,0
2642,61382,61382,61412,64212,0,1
2643,61386,61386,61483,64283,3,0
2644,61389,61389,61483,64283,3,0
2645,61392,61392,61412,64212,0,1
2646,61393,61393,61483,64283,3,0
2647,61395,61395,61412,64212,0,1
2648,61396,61396,61412,64212,0,1
2649,61401,61401,61483,64283,3,0
2650,61403,61403,61412,64212,0,1
2651,61406,61406,61412,64212,0,1
2652,61412,61412,61412,64212,0,1
2653,61417,61417,61611,64411,2,1
2654,61426,61426,61611,64411,2,1
2655,61428,61428,61483,64283,3,0
2656,61434,61434,61483,64283,3,0
2657,61436,61436,61611,64411,2,1
2658,61443,61443,61483,64283,3,0
2659,61446,61446,61483,64283,3,0
2660,61447,61447,61611,64411,2,1
2661,61451,61451,61483,64283,3,0
2662,61474,61474,61483,64283,3,0
2663,61483,61483,61483,64283,3,0
2664,61483,61483,61611,64411,2,1
2665,61497,61497,61611,64411,2,1
2666,61500,61500,61685,64485,5,0
2667,61502,61502,61685,64485,5,0
2668,61505,61505,61685,64485,5,0
2669,61508,61508,61685,64485,5,0
2670,61512,61512,61611,64411,2,1
2671,61514,61514,61611,64411,2,1
2672,61518,61518,61611,64411,2,1
2673,61524,61524,61685,64485,5,0
2674,61525,61525,61611,64411,2,1
2675,61529,61529,61685,64485,5,0
2676,61535,61535,61685,64485,5,0
2677,61553,61553,61685,64485,5,0
2678,61553,61553,61611,64411,2,1
2679,61556,61556,61611,64411,2,1
2680,61557,61557,61611,64411,2,1
2681,61560,61560,61685,64485,5,0
2682,61561,61561,61611,64411,2,1
2683,61562,61562,61685,64485,5,0
2684,61564,61564,61611,64411,2,1
2685,61565,61565,61685,64485,5,0
2686,61577,61577,61611,64411,2,1
2687,61593,61593,61611,64411,2,1
2688,61595,61595,61611,64411,2,1
2689,61596,61596,61611,64411,2,1
2690,61598,61598,61685,64485,5,0
2691,61603,61603,61685,64485,5,0
2692,61608,61608,61685,64485,5,0
2693,61611,61611,61611,64411,2,1
2694,61616,61616,61685,64485,5,0
2695,61620,61620,61685,64485,5,0
2696,61625,61625,61877,64677,4,1
2697,61627,61627,61877,64677,4,1
2698,61645,61645,61877,64677,4,1
2699,61646,61646,61685,64485,5,0
2700,61653,61653,61685,64485,5,0
2701,61655,61655,61877,64677,4,1
2702,61664,61664,61877,64677,4,1
2703,61676,61676,61877,64677,4,1
2704,61684,61684,61685,64485,5,0
2705,61685,61685,61685,64485,5,0
2706,61691,62855,62855,65655,7,0
2707,61691,61691,61877,64677,4,1
2708,61693,62855,62855,65655,7,0
2709,61716,62855,62855,65655,7,0
2710,61722,61722,61877,64677,4,1
2711,61724,61724,61877,64677,4,1
2712,61726,62855,62855,65655,7,0
2713,61728,61728,61877,64677,4,1
2714,61730,62855,62855,65655,7,0
2715,61742,62855,62855,65655,7,0
2716,61747,62855,62855,65655,7,0
2717,61764,62855,62855,65655,7,0
2718,61771,62855,62855,65655,7,0
2719,61771,61771,61877,64677,4,1
2720,61781,62855,62855,65655,7,0
2721,61787,62855,62855,65655,7,0
2722,61795,61795,61877,64677,4,1
2723,61802,61802,61877,64677,4,1
2724,61804,62855,62855,65655,7,0
2725,61807,62855,62855,65655,7,0
2726,61827,61827,61877,64677,4,1
2727,61833,61833,61877,64677,4,1
2728,61837,61837,61877,64677,4,1
2729,61840,62855,62855,65655,7,0
2730,61844,62855,62855,65655,7,0
2731,61846,61846,61877,64677,4,1
2732,61850,62855,62855,65655,7,0
2733,61854,61854,61877,64677,4,1
2734,61860,62855,62855,65655,7,0
2735,61864,61864,61877,64677,4,1
2736,61869,62855,62855,65655,7,0
2737,61877,61877,61877,64677,4,1
2738,61883,62855,62855,65655,7,0
2739,61895,62855,62855,65655,7,0
2740,61896,61896,62067,64867,6,1
2741,61903,64093,64093,66893,9,0
2742,61908,61908,62067,64867,6,1
2743,61909,61909,62067,64867,6,1
2744,61921,64093,64093,66893,9,0
2745,61929,64093,64093,66893,9,0
2746,61929,61929,62067,64867,6,1
2747,61931,61931,62067,64867,6,1
2748,61932,61932,62067,64867,6,1
2749,61934,64093,64093,66893,9,0
2750,61936,61936,62067,64867,6,1
2751,61941,61941,62067,64867,6,1
2752,61952,61952,62067,64867,6,1
2753,61954,64093,64093,66893,9,0
2754,61960,61960,62067,64867,6,1
2755,61962,61962,62067,64867,6,1
2756,61965,61965,62067,64867,6,1
2757,61968,64093,64093,66893,9,0
2758,61984,64093,64093,66893,9,0
2759,61987,64093,64093,66893,9,0
2760,61990,64093,64093,66893,9,0
2761,61991,61991,62067,64867,6,1
2762,61995,64093,64093,66893,9,0
2763,62005,62005,62067,64867,6,1
2764,62007,64093,64093,66893,9,0
2765,62010,62010,62067,64867,6,1
2766,62013,64093,64093,66893,9,0
2767,62026,62026,62067,64867,6,1
2768,62028,62028,62067,64867,6,1
2769,62032,64093,64093,66893,9,0
2770,62034,62034,62067,64867,6,1
2771,62063,62063,62067,64867,6,1
2772,62065,64093,64093,66893,9,0
2773,62067,62067,62067,64867,6,1
2774,62079,64093,64093,66893,9,0
2775,62083,64093,64093,66893,9,0
2776,62088,62088,62405,65205,8,1
2777,62122,62122,62405,65205,8,1
2778,62133,64093,64093,66893,9,0
2779,62144,62144,62405,65205,8,1
2780,62153,64093,64093,66893,9,0
2781,62162,64093,64093,66893,9,0
2782,62167,62167,62405,65205,8,1
2783,62168,62168,62405,65205,8,1
2784,62182,62182,62405,65205,8,1
2785,62189,62189,62405,65205,8,1
2786,62197,64093,64093,66893,9,0
2787,62198,64213,64213,67013,0,0
2788,62206,64213,64213,67013,0,0
2789,62213,62213,62405,65205,8,1
2790,62222,64213,64213,67013,0,0
2791,62225,64213,64213,67013,0,0
2792,62225,62225,62405,65205,8,1
2793,62227,64213,64213,67013,0,0
2794,62230,64213,64213,67013,0,0
2795,62234,62234,62405,65205,8,1
2796,62257,62257,62405,65205,8,1
2797,62259,64213,64213,67013,0,0
2798,62268,64213,64213,67013,0,0
2799,62268,62268,62405,65205,8,1
2800,62282,64213,64213,67013,0,0
2801,62284,64213,64213,67013,0,0
2802,62286,62286,62405,65205,8,1
2803,62298,64213,64213,67013,0,0
2804,62317,64213,64213,67013,0,0
2805,62317,62317,62405,65205,8,1
2806,62320,62320,62405,65205,8,1
2807,62339,64213,64213,67013,0,0
2808,62340,62340,62405,65205,8,1
2809,62345,62345,62405,65205,8,1
2810,62350,64213,64213,67013,0,0
2811,62354,64213,64213,67013,0,0
2812,62360,64213,64213,67013,0,0
2813,62361,62361,62405,65205,8,1
2814,62394,62394,62405,65205,8,1
2815,62405,62405,62405,65205,8,1
2816,62409,64073,64073,66873,1,1
2817,62411,64213,64213,67013,0,0
2818,62414,64213,64213,67013,0,0
2819,62414,64073,64073,66873,1,1
2820,62415,64213,64213,67013,0,0
2821,62417,64213,64213,67013,0,0
2822,62417,64073,64073,66873,1,1
2823,62418,64073,64073,66873,1,1
2824,62419,64073,64073,66873,1,1
2825,62425,64073,64073,66873,1,1
2826,62427,64073,64073,66873,1,1
2827,62428,64073,64073,66873,1,1
2828,62431,64073,64073,66873,1,1
2829,62436,64412,64412,67212,2,0
2830,62439,64412,64412,67212,2,0
2831,62439,64073,64073,66873,1,1
2832,62440,64412,64412,67212,2,0
2833,62446,64073,64073,66873,1,1
2834,62449,64073,64073,66873,1,1
2835,62450,64073,64073,66873,1,1
2836,62452,64073,64073,66873,1,1
2837,62454,64073,64073,66873,1,1
2838,62464,64073,64073,66873,1,1
2839,62465,64412,64412,67212,2,0
2840,62468,64412,64412,67212,2,0
2841,62473,64412,64412,67212,2,0
2842,62475,64412,64412,67212,2,0
2843,62490,64412,64412,67212,2,0
2844,62493,64412,64412,67212,2,0
2845,62498,64073,64073,66873,1,1
2846,62499,64412,64412,67212,2,0
2847,62513,64412,64412,67212,2,0
2848,62532,64073,64073,66873,1,1
2849,62540,64412,64412,67212,2,0
2850,62541,64073,64073,66873,1,1
2851,62548,64412,64412,67212,2,0
2852,62554,64073,64073,66873,1,1
2853,62557,64412,64412,67212,2,0
2854,62557,64284,64284,67084,3,1
2855,62567,64412,64412,67212,2,0
2856,62569,64284,64284,67084,3,1
2857,62576,64412,64412,67212,2,0
2858,62583,64284,64284,67084,3,1
2859,62586,64412,64412,67212,2,0
2860,62592,64412,64412,67212,2,0
2861,62599,64284,64284,67084,3,1
2862,62605,64412,64412,67212,2,0
2863,62607,64412,64412,67212,2,0
2864,62616,64284,64284,67084,3,1
2865,62618,64678,64678,67478,4,0
2866,62618,64284,64284,67084,3,1
2867,62621,64678,64678,67478,4,0
2868,62635,64284,64284,67084,3,1
2869,62636,64284,64284,67084,3,1
2870,62660,64678,64678,67478,4,0
2871,62663,64678,64678,67478,4,0
2872,62665,64678,64678,67478,4,0
2873,62677,64284,64284,67084,3,1
2874,62685,64678,64678,67478,4,0
2875,62691,64284,64284,67084,3,1
2876,62704,64678,64678,67478,4,0
2877,62705,64678,64678,67478,4,0
2878,62709,64284,64284,67084,3,1
2879,62717,64284,64284,67084,3,1
2880,62720,64284,64284,67084,3,1
2881,62731,64284,64284,67084,3,1
2882,62738,64678,64678,67478,4,0
2883,62746,64678,64678,67478,4,0
2884,62751,64678,64678,67478,4,0
2885,62753,64678,64678,67478,4,0
2886,62758,64678,64678,67478,4,0
2887,62762,64284,64284,67084,3,1
2888,62767,64284,64284,67084,3,1
2889,62787,64284,64284,67084,3,1
2890,62789,64678,64678,67478,4,0
2891,62793,64678,64678,67478,4,0
2892,62794,64284,64284,67084,3,1
2893,62804,64678,64678,67478,4,0
2894,62807,64678,64678,67478,4,0
2895,62810,64284,64284,67084,3,1
2896,62817,64678,64678,67478,4,0
2897,62822,64284,64284,67084,3,1
2898,62831,64486,64486,67286,5,1
2899,62836,64486,64486,67286,5,1
2900,62838,64678,64678,67478,4,0
2901,62850,64678,64678,67478,4,0
2902,62856,64868,64868,67668,6,0
2903,62861,64486,64486,67286,5,1
2904,62867,64868,64868,67668,6,0
2905,62877,64868,64868,67668,6,0
2906,62880,64486,64486,67286,5,1
2907,62891,64868,64868,67668,6,0
2908,62893,64486,64486,67286,5,1
2909,62895,64868,64868,67668,6,0
2910,62903,64486,64486,67286,5,1
2911,62904,64868,64868,67668,6,0
2912,62904,64486,64486,67286,5,1
2913,62906,64868,64868,67668,6,0
2914,62911,64486,64486,67286,5,1
2915,62918,64868,64868,67668,6,0
2916,62924,64868,64868,67668,6,0
2917,62932,64868,64868,67668,6,0
2918,62939,64486,64486,67286,5,1
2919,62944,64868,64868,67668,6,0
2920,62946,64486,64486,67286,5,1
2921,62952,64868,64868,67668,6,0
2922,62962,64486,64486,67286,5,1
2923,62965,64868,64868,67668,6,0
2924,62965,64486,64486,67286,5,1
2925,62980,64486,64486,67286,5,1
2926,62992,64868,64868,67668,6,0
2927,63000,64868,64868,67668,6,0
2928,63002,64868,64868,67668,6,0
2929,63005,64868,64868,67668,6,0
2930,63009,64868,64868,67668,6,0
2931,63012,64486,64486,67286,5,1
2932,63014,64486,64486,67286,5,1
2933,63018,64868,64868,67668,6,0
2934,63019,64486,64486,67286,5,1
2935,63030,64868,64868,67668,6,0
2936,63037,64486,64486,67286,5,1
2937,63039,65206,65206,68006,8,0
2938,63041,65206,65206,68006,8,0
2939,63045,64486,64486,67286,5,1
2940,63046,65206,65206,68006,8,0
2941,63048,65206,65206,68006,8,0
2942,63048,64486,64486,67286,5,1
2943,63072,64486,64486,67286,5,1
2944,63074,65656,65656,68456,7,1
2945,63077,65656,65656,68456,7,1
2946,63084,65206,65206,68006,8,0
2947,63091,65656,65656,68456,7,1
2948,63100,65206,65206,68006,8,0
2949,63100,65656,65656,68456,7,1
2950,63103,65206,65206,68006,8,0
2951,63111,65656,65656,68456,7,1
2952,63118,65206,65206,68006,8,0
2953,63130,65656,65656,68456,7,1
2954,63133,65656,65656,68456,7,1
2955,63146,65656,65656,68456,7,1
2956,63153,65206,65206,68006,8,0
2957,63154,65206,65206,68006,8,0
2958,63157,65206,65206,68006,8,0
2959,63162,65656,65656,68456,7,1
2960,63171,65656,65656,68456,7,1
2961,63174,65206,65206,68006,8,0
2962,63178,65656,65656,68456,7,1
2963,63183,65206,65206,68006,8,0
2964,63203,65656,65656,68456,7,1
2965,63208,65206,65206,68006,8,0
2966,63211,65656,65656,68456,7,1
2967,63220,65206,65206,68006,8,0
2968,63220,65656,65656,68456,7,1
2969,63221,65206,65206,68006,8,0
2970,63223,65656,65656,68456,7,1
2971,63231,65206,65206,68006,8,0
2972,63240,65656,65656,68456,7,1
2973,63242,65206,65206,68006,8,0
2974,63253,65206,65206,68006,8,0
2975,63264,65656,65656,68456,7,1
2976,63268,65206,65206,68006,8,0
2977,63270,66874,66874,69674,1,0
2978,63284,66874,66874,69674,1,0
2979,63284,65656,65656,68456,7,1
2980,63291,65656,65656,68456,7,1
2981,63329,66874,66874,69674,1,0
2982,63336,66874,66874,69674,1,0
2983,63336,65656,65656,68456,7,1
2984,63339,66874,66874,69674,1,0
2985,63342,66894,66894,69694,9,1
2986,63353,66894,66894,69694,9,1
2987,63357,66894,66894,69694,9,1
2988,63371,66894,66894,69694,9,1
2989,63378,66874,66874,69674,1,0
2990,63383,66874,66874,69674,1,0
2991,63392,66874,66874,69674,1,0
2992,63396,66894,66894,69694,9,1
2993,63423,66874,66874,69674,1,0
2994,63425,66874,66874,69674,1,0
2995,63428,66874,66874,69674,1,0
2996,63432,66874,66874,69674,1,0
2997,63434,66894,66894,69694,9,1
2998,63444,66894,66894,69694,9,1
2999,63449,66894,66894,69694,9,1
3000,63457,66874,66874,69674,1,0
3001,63458,66874,66874,69674,1,0
3002,63474,66894,66894,69694,9,1
3003,63476,66874,66874,69674,1,0
3004,63485,66874,66874,69674,1,0
3005,63493,66894,66894,69694,9,1
3006,63505,66894,66894,69694,9,1
3007,63514,66874,66874,69674,1,0
3008,63514,66894,66894,69694,9,1
3009,63519,66894,66894,69694,9,1
3010,63529,66874,66874,69674,1,0
3011,63540,66874,66874,69674,1,0
3012,63555,66874,66874,69674,1,0
3013,63559,66894,66894,69694,9,1
3014,63573,66894,66894,69694,9,1
3015,63574,67085,67085,69885,3,0
3016,63575,67085,67085,69885,3,0
3017,63578,66894,66894,69694,9,1
3018,63597,67085,67085,69885,3,0
3019,63598,67085,67085,69885,3,0
3020,63601,67085,67085,69885,3,0
3021,63602,66894,66894,69694,9,1
3022,63608,66894,66894,69694,9,1
3023,63609,67085,67085,69885,3,0
3024,63612,66894,66894,69694,9,1
3025,63613,66894,66894,69694,9,1
3026,63615,67014,67014,69814,0,1
3027,63621,67085,67085,69885,3,0
3028,63626,67085,67085,69885,3,0
3029,63637,67085,67085,69885,3,0
3030,63647,67014,67014,69814,0,1
3031,63655,67014,67014,69814,0,1
3032,63658,67014,67014,69814,0,1
3033,63665,67014,67014,69814,0,1
3034,63670,67014,67014,69814,0,1
3035,63685,67085,67085,69885,3,0
3036,63693,67085,67085,69885,3,0
3037,63700,67014,67014,69814,0,1
3038,63709,67014,67014,69814,0,1
3039,63712,67085,67085,69885,3,0
3040,63717,67014,67014,69814,0,1
3041,63725,67085,67085,69885,3,0
3042,63726,67014,67014,69814,0,1
3043,63727,67014,67014,69814,0,1
3044,63730,67085,67085,69885,3,0
3045,63745,67085,67085,69885,3,0
3046,63747,67085,67085,69885,3,0
3047,63764,67014,67014,69814,0,1
3048,63765,67085,67085,69885,3,0
3049,63772,67014,67014,69814,0,1
3050,63773,67085,67085,69885,3,0
3051,63777,67085,67085,69885,3,0
3052,63778,67014,67014,69814,0,1
3053,63784,67085,67085,69885,3,0
3054,63787,67287,67287,70087,5,0
3055,63802,67287,67287,70087,5,0
3056,63803,67014,67014,69814,0,1
3057,63804,67014,67014,69814,0,1
3058,63808,67014,67014,69814,0,1
3059,63813,67014,67014,69814,0,1
3060,63833,67014,67014,69814,0,1
3061,63837,67014,67014,69814,0,1
3062,63842,67287,67287,70087,5,0
3063,63851,67287,67287,70087,5,0
3064,63854,67287,67287,70087,5,0
3065,63858,67213,67213,70013,2,1
3066,63865,67287,67287,70087,5,0
3067,63891,67287,67287,70087,5,0
3068,63891,67213,67213,70013,2,1
3069,63905,67213,67213,70013,2,1
3070,63907,67287,67287,70087,5,0
3071,63913,67287,67287,70087,5,0
3072,63918,67287,67287,70087,5,0
3073,63922,67213,67213,70013,2,1
3074,63928,67213,67213,70013,2,1
3075,63954,67287,67287,70087,5,0
3076,63962,67213,67213,70013,2,1
3077,63965,67213,67213,70013,2,1
3078,63967,67213,67213,70013,2,1
3079,63978,67213,67213,70013,2,1
3080,63994,67287,67287,70087,5,0
3081,63997,67287,67287,70087,5,0
3082,64001,67213,67213,70013,2,1
3083,64002,67287,67287,70087,5,0
3084,64008,67287,67287,70087,5,0
3085,64019,67213,67213,70013,2,1
3086,64024,67287,67287,70087,5,0
3087,64024,67213,67213,70013,2,1
3088,64026,67287,67287,70087,5,0
3089,64030,67213,67213,70013,2,1
3090,64031,67213,67213,70013,2,1
3091,64036,67287,67287,70087,5,0
3092,64037,67213,67213,70013,2,1
3093,64040,67287,67287,70087,5,0
3094,64060,67287,67287,70087,5,0
3095,64061,68457,68457,71257,7,0
3096,64068,67213,67213,70013,2,1
3097,64073,67213,67213,70013,2,1
3098,64081,68457,68457,71257,7,0
3099,64088,68457,68457,71257,7,0
3100,64089,68457,68457,71257,7,0
3101,64091,68457,68457,71257,7,0
3102,64093,68457,68457,71257,7,0
3103,64094,67213,67213,70013,2,1
3104,64095,68457,68457,71257,7,0
3105,64095,67213,67213,70013,2,1
3106,64103,67213,67213,70013,2,1
3107,64126,68457,68457,71257,7,0
3108,64132,67479,67479,70279,4,1
3109,64136,68457,68457,71257,7,0
3110,64136,67479,67479,70279,4,1
3111,64144,68457,68457,71257,7,0
3112,64151,68457,68457,71257,7,0
3113,64158,68457,68457,71257,7,0
3114,64172,68457,68457,71257,7,0
3115,64173,67479,67479,70279,4,1
3116,64175,68457,68457,71257,7,0
3117,64186,67479,67479,70279,4,1
3118,64191,68457,68457,71257,7,0
3119,64193,68457,68457,71257,7,0
3120,64196,68457,68457,71257,7,0
3121,64201,68457,68457,71257,7,0
3122,64202,67479,67479,70279,4,1
3123,64208,67479,67479,70279,4,1
3124,64222,67479,67479,70279,4,1
3125,64232,67479,67479,70279,4,1
3126,64235,67479,67479,70279,4,1
3127,64248,67479,67479,70279,4,1
3128,64259,68457,68457,71257,7,0
3129,64260,67479,67479,70279,4,1
3130,64269,68457,68457,71257,7,0
3131,64273,69695,69695,72165,9,0
3132,64274,67479,67479,70279,4,1
3133,64292,67479,67479,70279,4,1
3134,64293,67479,67479,70279,4,1
3135,64302,67479,67479,70279,4,1
3136,64305,67479,67479,70279,4,1
3137,64328,69695,69695,72165,9,0
3138,64331,69695,69695,72165,9,0
3139,64333,67479,67479,70279,4,1
3140,64338,67479,67479,70279,4,1
3141,64345,69695,69695,72165,9,0
3142,64352,69695,69695,72165,9,0
3143,64358,69695,69695,72165,9,0
3144,64377,67479,67479,70279,4,1
3145,64383,67479,67479,70279,4,1
3146,64387,69695,69695,72165,9,0
3147,64408,69695,69695,72165,9,0
3148,64411,69695,69695,72165,9,0
3149,64415,67669,67669,70469,6,1
3150,64417,67669,67669,70469,6,1
3151,64418,69695,69695,72165,9,0
3152,64419,69695,69695,72165,9,0
3153,64451,69695,69695,72165,9,0
3154,64453,67669,67669,70469,6,1
3155,64475,67669,67669,70469,6,1
3156,64484,69695,69695,72165,9,0
3157,64494,67669,67669,70469,6,1
3158,64498,67669,67669,70469,6,1
3159,64500,69695,69695,72165,9,0
3160,64520,67669,67669,70469,6,1
3161,64533,69695,69695,72165,9,0
3162,64537,67669,67669,70469,6,1
3163,64541,67669,67669,70469,6,1
3164,64542,67669,67669,70469,6,1
3165,64544,67669,67669,70469,6,1
3166,64550,67669,67669,70469,6,1
3167,64562,67669,67669,70469,6,1
3168,64563,67669,67669,70469,6,1
3169,64564,69695,69695,72165,9,0
3170,64567,69695,69695,72165,9,0
3171,64575,69695,69695,72165,9,0
3172,64575,67669,67669,70469,6,1
3173,64578,69695,69695,72165,9,0
3174,64580,67669,67669,70469,6,1
3175,64591,69695,69695,72165,9,0
3176,64593,69815,69815,72205,0,0
3177,64601,67669,67669,70469,6,1
3178,64621,67669,67669,70469,6,1
3179,64630,69815,69815,72205,0,0
3180,64636,67669,67669,70469,6,1
3181,64638,67669,67669,70469,6,1
3182,64639,68007,68007,70807,8,1
3183,64653,68007,68007,70807,8,1
3184,64656,68007,68007,70807,8,1
3185,64674,69815,69815,72205,0,0
3186,64682,69815,69815,72205,0,0
3187,64683,68007,68007,70807,8,1
3188,64686,69815,69815,72205,0,0
3189,64694,68007,68007,70807,8,1
3190,64723,69815,69815,72205,0,0
3191,64739,69815,69815,72205,0,0
3192,64739,68007,68007,70807,8,1
3193,64743,69815,69815,72205,0,0
3194,64744,68007,68007,70807,8,1
3195,64745,68007,68007,70807,8,1
3196,64763,69815,69815,72205,0,0
3197,64779,69815,69815,72205,0,0
3198,64785,69815,69815,72205,0,0
3199,64785,68007,68007,70807,8,1
3200,64788,68007,68007,70807,8,1
3201,64789,69815,69815,72205,0,0
3202,64790,68007,68007,70807,8,1
3203,64802,69815,69815,72205,0,0
3204,64803,68007,68007,70807,8,1
3205,64806,69815,69815,72205,0,0
3206,64808,69815,69815,72205,0,0
3207,64818,68007,68007,70807,8,1
3208,64820,68007,68007,70807,8,1
3209,64822,68007,68007,70807,8,1
3210,64842,68007,68007,70807,8,1
3211,64847,69815,69815,72205,0,0
3212,64851,69815,69815,72205,0,0
3213,64857,68007,68007,70807,8,1
3214,64859,68007,68007,70807,8,1
3215,64863,68007,68007,70807,8,1
3216,64873,68007,68007,70807,8,1
3217,64877,69675,69675,72158,1,1
3218,64880,69815,69815,72205,0,0
3219,64890,69815,69815,72205,0,0
3220,64890,69675,69675,72158,1,1
3221,64907,69815,69815,72205,0,0
3222,64908,69675,69675,72158,1,1
3223,64910,69675,69675,72158,1,1
3224,64920,70014,70014,72271,2,0
3225,64921,70014,70014,72271,2,0
3226,64922,69675,69675,72158,1,1
3227,64927,70014,70014,72271,2,0
3228,64927,69675,69675,72158,1,1
3229,64929,70014,70014,72271,2,0
3230,64932,70014,70014,72271,2,0
3231,64936,70014,70014,72271,2,0
3232,64957,70014,70014,72271,2,0
3233,64972,70014,70014,72271,2,0
3234,64975,70014,70014,72271,2,0
3235,64981,69675,69675,72158,1,1
3236,64988,70014,70014,72271,2,0
3237,64991,70014,70014,72271,2,0
3238,64992,70014,70014,72271,2,0
3239,64992,69675,69675,72158,1,1
3240,64996,70014,70014,72271,2,0
3241,65009,69675,69675,72158,1,1
3242,65011,70014,70014,72271,2,0
3243,65018,70014,70014,72271,2,0
3244,65025,69675,69675,72158,1,1
3245,65033,70014,70014,72271,2,0
3246,65043,69675,69675,72158,1,1
3247,65061,70014,70014,72271,2,0
3248,65069,69675,69675,72158,1,1
3249,65075,70014,70014,72271,2,0
3250,65085,70014,70014,72271,2,0
3251,65089,69675,69675,72158,1,1
3252,65096,69675,69675,72158,1,1
3253,65100,69675,69675,72158,1,1
3254,65104,70014,70014,72271,2,0
3255,65112,70280,70280,72360,4,0
3256,65113,69675,69675,72158,1,1
3257,65125,69675,69675,72158,1,1
3258,65127,70280,70280,72360,4,0
3259,65136,70280,70280,72360,4,0
3260,65140,69675,69675,72158,1,1
3261,65148,70280,70280,72360,4,0
3262,65151,70280,70280,72360,4,0
3263,65151,69675,69675,72158,1,1
3264,65155,70280,70280,72360,4,0
3265,65162,70280,70280,72360,4,0
3266,65183,70280,70280,72360,4,0
3267,65202,69675,69675,72158,1,1
3268,65206,70280,70280,72360,4,0
3269,65207,70280,70280,72360,4,0
3270,65208,70280,70280,72360,4,0
3271,65214,70280,70280,72360,4,0
3272,65226,69886,69886,72228,3,1
3273,65241,69886,69886,72228,3,1
3274,65248,69886,69886,72228,3,1
3275,65253,70280,70280,72360,4,0
3276,65256,69886,69886,72228,3,1
3277,65263,70280,70280,72360,4,0
3278,65273,70280,70280,72360,4,0
3279,65277,69886,69886,72228,3,1
3280,65278,70280,70280,72360,4,0
3281,65281,69886,69886,72228,3,1
3282,65291,70280,70280,72360,4,0
3283,65295,70280,70280,72360,4,0
3284,65296,70280,70280,72360,4,0
3285,65297,70280,70280,72360,4,0
3286,65299,70470,70470,72423,6,0
3287,65301,70470,70470,72423,6,0
3288,65303,70470,70470,72423,6,0
3289,65323,70470,70470,72423,6,0
3290,65325,69886,69886,72228,3,1
3291,65327,70470,70470,72423,6,0
3292,65327,69886,69886,72228,3,1
3293,65334,70470,70470,72423,6,0
3294,65335,70470,70470,72423,6,0
3295,65335,69886,69886,72228,3,1
3296,65351,69886,69886,72228,3,1
3297,65356,69886,69886,72228,3,1
3298,65364,69886,69886,72228,3,1
3299,65371,70470,70470,72423,6,0
3300,65372,70470,70470,72423,6,0
3301,65378,69886,69886,72228,3,1
3302,65403,70470,70470,72423,6,0
3303,65403,69886,69886,72228,3,1
3304,65406,70470,70470,72423,6,0
3305,65408,69886,69886,72228,3,1
3306,65420,70470,70470,72423,6,0
3307,65436,70470,70470,72423,6,0
3308,65437,70470,70470,72423,6,0
3309,65442,69886,69886,72228,3,1
3310,65443,69886,69886,72228,3,1
3311,65446,70470,70470,72423,6,0
3312,65457,69886,69886,72228,3,1
3313,65458,70470,70470,72423,6,0
3314,65461,70470,70470,72423,6,0
3315,65461,69886,69886,72228,3,1
3316,65469,70470,70470,72423,6,0
3317,65470,69886,69886,72228,3,1
3318,65474,70470,70470,72423,6,0
3319,65477,70088,70088,72296,5,1
3320,65481,70470,70470,72423,6,0
3321,65484,70088,70088,72296,5,1
3322,65496,70808,70808,72535,8,0
3323,65511,70808,70808,72535,8,0
3324,65543,70088,70088,72296,5,1
3325,65544,70808,70808,72535,8,0
3326,65564,70088,70088,72296,5,1
3327,65565,70808,70808,72535,8,0
3328,65572,70088,70088,72296,5,1
3329,65577,70808,70808,72535,8,0
3330,65579,70808,70808,72535,8,0
3331,65594,70088,70088,72296,5,1
3332,65597,70808,70808,72535,8,0
3333,65600,70808,70808,72535,8,0
3334,65608,70088,70088,72296,5,1
3335,65615,70808,70808,72535,8,0
3336,65617,70808,70808,72535,8,0
3337,65621,70088,70088,72296,5,1
3338,65627,70088,70088,72296,5,1
3339,65639,70808,70808,72535,8,0
3340,65644,70808,70808,72535,8,0
3341,65654,70808,70808,72535,8,0
3342,65671,70808,70808,72535,8,0
3343,65674,70808,70808,72535,8,0
3344,65676,70808,70808,72535,8,0
3345,65684,70808,70808,72535,8,0
3346,65685,70088,70088,72296,5,1
3347,65686,70808,70808,72535,8,0
3348,65688,70808,70808,72535,8,0
3349,65688,70088,70088,72296,5,1
3350,65715,70088,70088,72296,5,1
3351,65717,70808,70808,72535,8,0
3352,65733,70088,70088,72296,5,1
3353,65736,72159,72159,73092,1,0
3354,65737,72159,72159,73092,1,0
3355,65738,70088,70088,72296,5,1
3356,65755,70088,70088,72296,5,1
3357,65773,70088,70088,72296,5,1
3358,65778,72159,72159,73092,1,0
3359,65784,70088,70088,72296,5,1
3360,65785,72159,72159,73092,1,0
3361,65817,72159,72159,73092,1,0
3362,65818,72159,72159,73092,1,0
3363,65818,70088,70088,72296,5,1
3364,65823,70088,70088,72296,5,1
3365,65840,70088,70088,72296,5,1
3366,65844,72159,72159,73092,1,0
3367,65846,71258,71258,72686,7,1
3368,65851,71258,71258,72686,7,1
3369,65853,71258,71258,72686,7,1
3370,65856,72159,72159,73092,1,0
3371,65856,71258,71258,72686,7,1
3372,65863,72159,72159,73092,1,0
3373,65869,71258,71258,72686,7,1
3374,65871,71258,71258,72686,7,1
3375,65872,71258,71258,72686,7,1
3376,65878,71258,71258,72686,7,1
3377,65887,71258,71258,72686,7,1
3378,65894,71258,71258,72686,7,1
3379,65898,71258,71258,72686,7,1
3380,65902,71258,71258,72686,7,1
3381,65909,72159,72159,73092,1,0
3382,65925,72159,72159,73092,1,0
3383,65930,72159,72159,73092,1,0
3384,65937,71258,71258,72686,7,1
3385,65938,72159,72159,73092,1,0
3386,65953,71258,71258,72686,7,1
3387,65954,71258,71258,72686,7,1
3388,65967,72159,72159,73092,1,0
3389,65971,71258,71258,72686,7,1
3390,65982,71258,71258,72686,7,1
3391,65991,72159,72159,73092,1,0
3392,65992,71258,71258,72686,7,1
3393,65996,72159,72159,73092,1,0
3394,66008,71258,71258,72686,7,1
3395,66014,72159,72159,73092,1,0
3396,66021,72159,72159,73092,1,0
3397,66029,72159,72159,73092,1,0
3398,66033,71258,71258,72686,7,1
3399,66036,72166,72166,73099,9,1
3400,66045,72159,72159,73092,1,0
3401,66059,72229,72229,73162,3,0
3402,66062,72166,72166,73099,9,1
3403,66063,72166,72166,73099,9,1
3404,66065,72229,72229,73162,3,0
3405,66073,72229,72229,73162,3,0
3406,66073,72166,72166,73099,9,1
3407,66076,72229,72229,73162,3,0
3408,66078,72166,72166,73099,9,1
3409,66080,72229,72229,73162,3,0
3410,66080,72166,72166,73099,9,1
3411,66083,72166,72166,73099,9,1
3412,66090,72229,72229,73162,3,0
3413,66103,72166,72166,73099,9,1
3414,66104,72229,72229,73162,3,0
3415,66104,72166,72166,73099,9,1
3416,66106,72229,72229,73162,3,0
3417,66111,72166,72166,73099,9,1
3418,66132,72166,72166,73099,9,1
3419,66142,72229,72229,73162,3,0
3420,66146,72166,72166,73099,9,1
3421,66147,72166,72166,73099,9,1
3422,66151,72166,72166,73099,9,1
3423,66155,72166,72166,73099,9,1
3424,66156,72229,72229,73162,3,0
3425,66171,72229,72229,73162,3,0
3426,66178,72166,72166,73099,9,1
3427,66180,72166,72166,73099,9,1
3428,66181,72166,72166,73099,9,1
3429,66183,72166,72166,73099,9,1
3430,66194,72229,72229,73162,3,0
3431,66198,72229,72229,73162,3,0
3432,66199,72229,72229,73162,3,0
3433,66208,72166,72166,73099,9,1
3434,66211,72206,72206,73139,0,1
3435,66219,72206,72206,73139,0,1
3436,66220,72229,72229,73162,3,0
3437,66225,72229,72229,73162,3,0
3438,66227,72229,72229,73162,3,0
3439,66232,72206,72206,73139,0,1
3440,66242,72206,72206,73139,0,1
3441,66249,72206,72206,73139,0,1
3442,66257,72206,72206,73139,0,1
3443,66263,72206,72206,73139,0,1
3444,66264,72229,72229,73162,3,0
3445,66264,72206,72206,73139,0,1
3446,66268,72206,72206,73139,0,1
3447,66293,72229,72229,73162,3,0
3448,66304,72229,72229,73162,3,0
3449,66309,72297,72297,73230,5,0
3450,66311,72297,72297,73230,5,0
3451,66322,72206,72206,73139,0,1
3452,66325,72297,72297,73230,5,0
3453,66346,72297,72297,73230,5,0
3454,66353,72206,72206,73139,0,1
3455,66360,72297,72297,73230,5,0
3456,66363,72297,72297,73230,5,0
3457,66378,72206,72206,73139,0,1
3458,66383,72206,72206,73139,0,1
3459,66387,72206,72206,73139,0,1
3460,66390,72206,72206,73139,0,1
3461,66391,72206,72206,73139,0,1
3462,66404,72297,72297,73230,5,0
3463,66407,72297,72297,73230,5,0
3464,66422,72206,72206,73139,0,1
3465,66425,72206,72206,73139,0,1
3466,66439,72206,72206,73139,0,1
3467,66442,72206,72206,73139,0,1
3468,66447,72272,72272,73205,2,1
3469,66453,72297,72297,73230,5,0
3470,66456,72297,72297,73230,5,0
3471,66463,72272,72272,73205,2,1
3472,66464,72297,72297,73230,5,0
3473,66479,72297,72297,73230,5,0
3474,66482,72272,72272,73205,2,1
3475,66484,72297,72297,73230,5,0
3476,66489,72297,72297,73230,5,0
3477,66496,72297,72297,73230,5,0
3478,66502,72297,72297,73230,5,0
3479,66503,72272,72272,73205,2,1
3480,66512,72272,72272,73205,2,1
3481,66521,72272,72272,73205,2,1
3482,66526,72297,72297,73230,5,0
3483,66532,72272,72272,73205,2,1
3484,66536,72272,72272,73205,2,1
3485,66537,72272,72272,73205,2,1
3486,66547,72272,72272,73205,2,1
3487,66552,72297,72297,73230,5,0
3488,66553,72272,72272,73205,2,1
3489,66556,72272,72272,73205,2,1
3490,66568,72272,72272,73205,2,1
3491,66570,72272,72272,73205,2,1
3492,66572,72272,72272,73205,2,1
3493,66583,72272,72272,73205,2,1
3494,66584,72272,72272,73205,2,1
3495,66587,72272,72272,73205,2,1
3496,66589,72272,72272,73205,2,1
3497,66593,72272,72272,73205,2,1
3498,66594,72361,72361,73294,4,1
3499,66595,72297,72297,73230,5,0
3500,66596,72297,72297,73230,5,0
3501,66631,72361,72361,73294,4,1
3502,66635,72687,72687,73620,7,0
3503,66639,72361,72361,73294,4,1
3504,66648,72687,72687,73620,7,0
3505,66651,72687,72687,73620,7,0
3506,66654,72361,72361,73294,4,1
3507,66677,72687,72687,73620,7,0
3508,66688,72361,72361,73294,4,1
3509,66690,72361,72361,73294,4,1
3510,66691,72361,72361,73294,4,1
3511,66699,72361,72361,73294,4,1
3512,66715,72687,72687,73620,7,0
3513,66716,72687,72687,73620,7,0
3514,66716,72361,72361,73294,4,1
3515,66740,72687,72687,73620,7,0
3516,66752,72361,72361,73294,4,1
3517,66757,72361,72361,73294,4,1
3518,66761,72687,72687,73620,7,0
3519,66767,72687,72687,73620,7,0
3520,66769,72361,72361,73294,4,1
3521,66771,72687,72687,73620,7,0
3522,66772,72361,72361,73294,4,1
3523,66774,72687,72687,73620,7,0
3524,66776,72687,72687,73620,7,0
3525,66779,72687,72687,73620,7,0
3526,66782,72687,72687,73620,7,0
3527,66786,72361,72361,73294,4,1
3528,66817,72361,72361,73294,4,1
3529,66824,72687,72687,73620,7,0
3530,66833,72361,72361,73294,4,1
3531,66841,72687,72687,73620,7,0
3532,66865,72687,72687,73620,7,0
3533,66868,72687,72687,73620,7,0
3534,66887,72361,72361,73294,4,1
3535,66894,72361,72361,73294,4,1
3536,66900,72361,72361,73294,4,1
3537,66911,72687,72687,73620,7,0
3538,66915,72687,72687,73620,7,0
3539,66918,72361,72361,73294,4,1
3540,66919,73100,73100,74033,9,0
3541,66930,73100,73100,74033,9,0
3542,66930,72424,72424,73357,6,1
3543,66934,73100,73100,74033,9,0
3544,66945,73100,73100,74033,9,0
3545,66951,73100,73100,74033,9,0
3546,66957,73100,73100,74033,9,0
3547,66957,72424,72424,73357,6,1
3548,66959,73100,73100,74033,9,0
3549,66959,72424,72424,73357,6,1
3550,66970,73100,73100,74033,9,0
3551,66978,73100,73100,74033,9,0
3552,66986,73100,73100,74033,9,0
3553,66989,73100,73100,74033,9,0
3554,66991,72424,72424,73357,6,1
3555,67000,72424,72424,73357,6,1
3556,67002,73100,73100,74033,9,0
3557,67005,73100,73100,74033,9,0
3558,67015,73100,73100,74033,9,0
3559,67016,73100,73100,74033,9,0
3560,67023,73100,73100,74033,9,0
3561,67026,72424,72424,73357,6,1
3562,67028,73100,73100,74033,9,0
3563,67030,72424,72424,73357,6,1
3564,67032,72424,72424,73357,6,1
3565,67045,73100,73100,74033,9,0
3566,67053,72424,72424,73357,6,1
3567,67066,73100,73100,74033,9,0
3568,67067,72424,72424,73357,6,1
3569,67068,73100,73100,74033,9,0
3570,67081,72424,72424,73357,6,1
3571,67083,72424,72424,73357,6,1
3572,67086,73140,73140,74073,0,0
3573,67087,73140,73140,74073,0,0
3574,67105,73140,73140,74073,0,0
3575,67107,73140,73140,74073,0,0
3576,67113,73140,73140,74073,0,0
3577,67118,72424,72424,73357,6,1
3578,67121,72424,72424,73357,6,1
3579,67125,72424,72424,73357,6,1
3580,67126,72424,72424,73357,6,1
3581,67129,73140,73140,74073,0,0
3582,67131,73140,73140,74073,0,0
3583,67138,72424,72424,73357,6,1
3584,67143,73140,73140,74073,0,0
3585,67155,73140,73140,74073,0,0
3586,67171,73140,73140,74073,0,0
3587,67174,72424,72424,73357,6,1
3588,67176,72424,72424,73357,6,1
3589,67180,72424,72424,73357,6,1
3590,67190,73140,73140,74073,0,0
3591,67191,73140,73140,74073,0,0
3592,67193,73140,73140,74073,0,0
3593,67193,72536,72536,73469,8,1
3594,67196,72536,72536,73469,8,1
3595,67203,73140,73140,74073,0,0
3596,67206,72536,72536,73469,8,1
3597,67208,72536,72536,73469,8,1
3598,67214,72536,72536,73469,8,1
3599,67228,73140,73140,74073,0,0
3600,67239,73140,73140,74073,0,0
3601,67249,72536,72536,73469,8,1
3602,67250,73140,73140,74073,0,0
3603,67255,72536,72536,73469,8,1
3604,67275,72536,72536,73469,8,1
3605,67277,72536,72536,73469,8,1
3606,67294,73140,73140,74073,0,0
3607,67296,72536,72536,73469,8,1
3608,67309,72536,72536,73469,8,1
3609,67312,73140,73140,74073,0,0
3610,67337,72536,72536,73469,8,1
3611,67343,72536,72536,73469,8,1
3612,67347,73140,73140,74073,0,0
3613,67348,73206,73206,74139,2,0
3614,67359,72536,72536,73469,8,1
3615,67373,72536,72536,73469,8,1
3616,67381,73206,73206,74139,2,0
3617,67400,73206,73206,74139,2,0
3618,67402,72536,72536,73469,8,1
3619,67417,73206,73206,74139,2,0
3620,67418,73206,73206,74139,2,0
3621,67442,73206,73206,74139,2,0
3622,67445,73206,73206,74139,2,0
3623,67447,72536,72536,73469,8,1
3624,67454,73206,73206,74139,2,0
3625,67455,73206,73206,74139,2,0
3626,67458,73206,73206,74139,2,0
3627,67460,72536,72536,73469,8,1
3628,67462,73206,73206,74139,2,0
3629,67476,72536,72536,73469,8,1
3630,67487,72536,72536,73469,8,1
3631,67491,73206,73206,74139,2,0
3632,67494,73093,73093,74026,1,1
3633,67498,73093,73093,74026,1,1
3634,67505,73206,73206,74139,2,0
3635,67513,73206,73206,74139,2,0
3636,67522,73206,73206,74139,2,0
3637,67531,73093,73093,74026,1,1
3638,67535,73093,73093,74026,1,1
3639,67544,73206,73206,74139,2,0
3640,67549,73093,73093,74026,1,1
3641,67550,73093,73093,74026,1,1
3642,67564,73093,73093,74026,1,1
3643,67579,73206,73206,74139,2,0
3644,67583,73206,73206,74139,2,0
3645,67584,73093,73093,74026,1,1
3646,67597,73206,73206,74139,2,0
3647,67597,73093,73093,74026,1,1
3648,67600,73093,73093,74026,1,1
3649,67601,73093,73093,74026,1,1
3650,67612,73206,73206,74139,2,0
3651,67617,73295,73295,74228,4,0
3652,67617,73093,73093,74026,1,1
3653,67634,73295,73295,74228,4,0
3654,67640,73093,73093,74026,1,1
3655,67660,73295,73295,74228,4,0
3656,67667,73295,73295,74228,4,0
3657,67670,73295,73295,74228,4,0
3658,67708,73295,73295,74228,4,0
3659,67710,73093,73093,74026,1,1
3660,67711,73093,73093,74026,1,1
3661,67731,73295,73295,74228,4,0
3662,67732,73295,73295,74228,4,0
3663,67748,73295,73295,74228,4,0
3664,67750,73093,73093,74026,1,1
3665,67755,73295,73295,74228,4,0
3666,67764,73093,73093,74026,1,1
3667,67778,73295,73295,74228,4,0
3668,67782,73295,73295,74228,4,0
3669,67782,73093,73093,74026,1,1
3670,67785,73093,73093,74026,1,1
3671,67789,73093,73093,74026,1,1
3672,67814,73163,73163,74096,3,1
3673,67817,73295,73295,74228,4,0
3674,67824,73163,73163,74096,3,1
3675,67832,73295,73295,74228,4,0
3676,67840,73295,73295,74228,4,0
3677,67840,73163,73163,74096,3,1
3678,67851,73163,73163,74096,3,1
3679,67853,73295,73295,74228,4,0
3680,67868,73163,73163,74096,3,1
3681,67870,73295,73295,74228,4,0
3682,67878,73295,73295,74228,4,0
3683,67882,73163,73163,74096,3,1
3684,67888,73163,73163,74096,3,1
3685,67891,73295,73295,74228,4,0
3686,67891,73163,73163,74096,3,1
3687,67899,73295,73295,74228,4,0
3688,67899,73163,73163,74096,3,1
3689,67904,73163,73163,74096,3,1
3690,67911,73358,73358,74291,6,0
3691,67925,73163,73163,74096,3,1
3692,67927,73358,73358,74291,6,0
3693,67941,73163,73163,74096,3,1
3694,67946,73163,73163,74096,3,1
3695,67965,73163,73163,74096,3,1
3696,67970,73358,73358,74291,6,0
3697,67984,73163,73163,74096,3,1
3698,68003,73358,73358,74291,6,0
3699,68007,73358,73358,74291,6,0
3700,68007,73163,73163,74096,3,1
3701,68008,73163,73163,74096,3,1
3702,68011,73358,73358,74291,6,0
3703,68014,73163,73163,74096,3,1
3704,68017,73163,73163,74096,3,1
3705,68019,73163,73163,74096,3,1
3706,68021,73231,73231,74164,5,1
3707,68023,73358,73358,74291,6,0
3708,68027,73231,73231,74164,5,1
3709,68040,73231,73231,74164,5,1
3710,68042,73231,73231,74164,5,1
3711,68043,73358,73358,74291,6,0
3712,68049,73231,73231,74164,5,1
3713,68061,73358,73358,74291,6,0
3714,68073,73358,73358,74291,6,0
3715,68074,73358,73358,74291,6,0
3716,68089,73231,73231,74164,5,1
3717,68093,73358,73358,74291,6,0
3718,68117,73358,73358,74291,6,0
3719,68126,73358,73358,74291,6,0
3720,68128,73358,73358,74291,6,0
3721,68136,73358,73358,74291,6,0
3722,68153,73231,73231,74164,5,1
3723,68160,73358,73358,74291,6,0
3724,68162,73231,73231,74164,5,1
3725,68165,73231,73231,74164,5,1
3726,68173,73231,73231,74164,5,1
3727,68174,73358,73358,74291,6,0
3728,68175,73231,73231,74164,5,1
3729,68178,73358,73358,74291,6,0
3730,68193,73231,73231,74164,5,1
3731,68205,73231,73231,74164,5,1
3732,68208,73231,73231,74164,5,1
3733,68213,73358,73358,74291,6,0
3734,68215,73470,73470,74403,8,0
3735,68218,73231,73231,74164,5,1
3736,68233,73470,73470,74403,8,0
3737,68236,73470,73470,74403,8,0
3738,68237,73470,73470,74403,8,0
3739,68244,73231,73231,74164,5,1
3740,68247,73231,73231,74164,5,1
3741,68255,73231,73231,74164,5,1
3742,68261,73231,73231,74164,5,1
3743,68263,73231,73231,74164,5,1
3744,68264,73621,73621,74554,7,1
3745,68269,73470,73470,74403,8,0
3746,68270,73470,73470,74403,8,0
3747,68275,73621,73621,74554,7,1
3748,68286,73621,73621,74554,7,1
3749,68295,73621,73621,74554,7,1
3750,68297,73470,73470,74403,8,0
3751,68299,73621,73621,74554,7,1
3752,68301,73470,73470,74403,8,0
3753,68302,73470,73470,74403,8,0
3754,68303,73470,73470,74403,8,0
3755,68305,73621,73621,74554,7,1
3756,68308,73470,73470,74403,8,0
3757,68311,73621,73621,74554,7,1
3758,68313,73470,73470,74403,8,0
3759,68313,73621,73621,74554,7,1
3760,68321,73470,73470,74403,8,0
3761,68325,73470,73470,74403,8,0
3762,68333,73621,73621,74554,7,1
3763,68338,73621,73621,74554,7,1
3764,68351,73621,73621,74554,7,1
3765,68356,73621,73621,74554,7,1
3766,68370,73470,73470,74403,8,0
3767,68372,73470,73470,74403,8,0
3768,68382,73470,73470,74403,8,0
3769,68383,73470,73470,74403,8,0
3770,68389,73621,73621,74554,7,1
3771,68390,73470,73470,74403,8,0
3772,68397,73621,73621,74554,7,1
3773,68398,73621,73621,74554,7,1
3774,68404,73621,73621,74554,7,1
3775,68409,73470,73470,74403,8,0
3776,68412,74027,74027,74960,1,0
3777,68425,73621,73621,74554,7,1
3778,68430,73621,73621,74554,7,1
3779,68449,73621,73621,74554,7,1
3780,68451,73621,73621,74554,7,1
3781,68463,74034,74034,74967,9,1
3782,68465,74034,74034,74967,9,1
3783,68468,74027,74027,74960,1,0
3784,68471,74027,74027,74960,1,0
3785,68474,74027,74027,74960,1,0
3786,68474,74034,74034,74967,9,1
3787,68475,74034,74034,74967,9,1
3788,68478,74027,74027,74960,1,0
3789,68478,74034,74034,74967,9,1
3790,68482,74027,74027,74960,1,0
3791,68491,74027,74027,74960,1,0
3792,68495,74034,74034,74967,9,1
3793,68496,74034,74034,74967,9,1
3794,68500,74027,74027,74960,1,0
3795,68515,74027,74027,74960,1,0
3796,68529,74034,74034,74967,9,1
3797,68542,74034,74034,74967,9,1
3798,68550,74027,74027,74960,1,0
3799,68553,74027,74027,74960,1,0
3800,68556,74027,74027,74960,1,0
3801,68574,74027,74027,74960,1,0
3802,68574,74034,74034,74967,9,1
3803,68578,74034,74034,74967,9,1
3804,68590,74034,74034,74967,9,1
3805,68593,74027,74027,74960,1,0
3806,68594,74034,74034,74967,9,1
3807,68601,74027,74027,74960,1,0
3808,68606,74034,74034,74967,9,1
3809,68621,74034,74034,74967,9,1
3810,68639,74027,74027,74960,1,0
3811,68649,74034,74034,74967,9,1
3812,68650,74027,74027,74960,1,0
3813,68656,74034,74034,74967,9,1
3814,68663,74034,74034,74967,9,1
3815,68672,74034,74034,74967,9,1
3816,68675,74027,74027,74960,1,0
3817,68679,74027,74027,74960,1,0
3818,68683,74034,74034,74967,9,1
3819,68686,74074,74074,75007,0,1
3820,68699,74074,74074,75007,0,1
3821,68710,74074,74074,75007,0,1
3822,68712,74027,74027,74960,1,0
3823,68723,74097,74097,75030,3,0
3824,68727,74097,74097,75030,3,0
3825,68730,74097,74097,75030,3,0
3826,68744,74074,74074,75007,0,1
3827,68748,74074,74074,75007,0,1
3828,68752,74074,74074,75007,0,1
3829,68758,74074,74074,75007,0,1
3830,68768,74074,74074,75007,0,1
3831,68776,74074,74074,75007,0,1
3832,68779,74097,74097,75030,3,0
3833,68781,74097,74097,75030,3,0
3834,68793,74074,74074,75007,0,1
3835,68801,74097,74097,75030,3,0
3836,68812,74074,74074,75007,0,1
3837,68814,74074,74074,75007,0,1
3838,68817,74097,74097,75030,3,0
3839,68823,74074,74074,75007,0,1
3840,68824,74097,74097,75030,3,0
3841,68824,74074,74074,75007,0,1
3842,68827,74097,74097,75030,3,0
3843,68840,74074,74074,75007,0,1
3844,68843,74097,74097,75030,3,0
3845,68858,74097,74097,75030,3,0
3846,68869,74097,74097,75030,3,0
3847,68874,74097,74097,75030,3,0
3848,68876,74074,74074,75007,0,1
3849,68885,74097,74097,75030,3,0
3850,68886,74097,74097,75030,3,0
3851,68904,74097,74097,75030,3,0
3852,68914,74097,74097,75030,3,0
3853,68932,74074,74074,75007,0,1
3854,68938,74074,74074,75007,0,1
3855,68946,74074,74074,75007,0,1
3856,68971,74097,74097,75030,3,0
3857,68991,74097,74097,75030,3,0
3858,68991,74074,74074,75007,0,1
3859,69002,74097,74097,75030,3,0
3860,69012,74165,74165,75098,5,0
3861,69020,74140,74140,75073,2,1
3862,69028,74140,74140,75073,2,1
3863,69029,74165,74165,75098,5,0
3864,69050,74165,74165,75098,5,0
3865,69064,74140,74140,75073,2,1
3866,69065,74165,74165,75098,5,0
3867,69075,74140,74140,75073,2,1
3868,69076,74140,74140,75073,2,1
3869,69077,74165,74165,75098,5,0
3870,69078,74140,74140,75073,2,1
3871,69090,74165,74165,75098,5,0
3872,69092,74165,74165,75098,5,0
3873,69101,74140,74140,75073,2,1
3874,69110,74165,74165,75098,5,0
3875,69112,74165,74165,75098,5,0
3876,69117,74165,74165,75098,5,0
3877,69121,74140,74140,75073,2,1
3878,69128,74165,74165,75098,5,0
3879,69133,74165,74165,75098,5,0
3880,69144,74165,74165,75098,5,0
3881,69145,74140,74140,75073,2,1
3882,69146,74165,74165,75098,5,0
3883,69148,74140,74140,75073,2,1
3884,69149,74140,74140,75073,2,1
3885,69161,74140,74140,75073,2,1
3886,69178,74165,74165,75098,5,0
3887,69180,74165,74165,75098,5,0
3888,69180,74140,74140,75073,2,1
3889,69181,74140,74140,75073,2,1
3890,69188,74165,74165,75098,5,0
3891,69191,74165,74165,75098,5,0
3892,69204,74140,74140,75073,2,1
3893,69206,74165,74165,75098,5,0
3894,69207,74165,74165,75098,5,0
3895,69208,74555,74555,75488,7,0
3896,69210,74555,74555,75488,7,0
3897,69215,74555,74555,75488,7,0
3898,69216,74555,74555,75488,7,0
3899,69220,74140,74140,75073,2,1
3900,69226,74140,74140,75073,2,1
3901,69242,74555,74555,75488,7,0
3902,69246,74140,74140,75073,2,1
3903,69248,74140,74140,75073,2,1
3904,69250,74555,74555,75488,7,0
3905,69255,74140,74140,75073,2,1
3906,69260,74555,74555,75488,7,0
3907,69262,74229,74229,75162,4,1
3908,69265,74229,74229,75162,4,1
3909,69266,74555,74555,75488,7,0
3910,69271,74555,74555,75488,7,0
3911,69273,74555,74555,75488,7,0
3912,69276,74555,74555,75488,7,0
3913,69279,74555,74555,75488,7,0
3914,69285,74229,74229,75162,4,1
3915,69287,74229,74229,75162,4,1
3916,69301,74229,74229,75162,4,1
3917,69305,74229,74229,75162,4,1
3918,69307,74555,74555,75488,7,0
3919,69308,74555,74555,75488,7,0
3920,69314,74555,74555,75488,7,0
3921,69325,74555,74555,75488,7,0
3922,69327,74555,74555,75488,7,0
3923,69330,74229,74229,75162,4,1
3924,69350,74555,74555,75488,7,0
3925,69355,74555,74555,75488,7,0
3926,69361,74229,74229,75162,4,1
3927,69362,74555,74555,75488,7,0
3928,69364,74968,74968,75901,9,0
3929,69373,74968,74968,75901,9,0
3930,69384,74229,74229,75162,4,1
3931,69386,74229,74229,75162,4,1
3932,69388,74968,74968,75901,9,0
3933,69388,74229,74229,75162,4,1
3934,69395,74229,74229,75162,4,1
3935,69399,74229,74229,75162,4,1
3936,69404,74968,74968,75901,9,0
3937,69408,74229,74229,75162,4,1
3938,69410,74968,74968,75901,9,0
3939,69414,74968,74968,75901,9,0
3940,69415,74968,74968,75901,9,0
3941,69423,74968,74968,75901,9,0
3942,69426,74968,74968,75901,9,0
3943,69431,74229,74229,75162,4,1
3944,69448,74229,74229,75162,4,1
3945,69453,74968,74968,75901,9,0
3946,69455,74229,74229,75162,4,1
3947,69464,74229,74229,75162,4,1
3948,69472,74968,74968,75901,9,0
3949,69477,74229,74229,75162,4,1
3950,69485,74968,74968,75901,9,0
3951,69489,74968,74968,75901,9,0
3952,69490,74968,74968,75901,9,0
3953,69516,74968,74968,75901,9,0
3954,69518,74229,74229,75162,4,1
3955,69528,74968,74968,75901,9,0
3956,69533,74292,74292,75225,6,1
3957,69539,74292,74292,75225,6,1
3958,69540,74968,74968,75901,9,0
3959,69549,74292,74292,75225,6,1
3960,69553,74968,74968,75901,9,0
3961,69554,74968,74968,75901,9,0
3962,69558,74968,74968,75901,9,0
3963,69563,74292,74292,75225,6,1
3964,69567,74292,74292,75225,6,1
3965,69571,74292,74292,75225,6,1
3966,69573,74292,74292,75225,6,1
3967,69577,74292,74292,75225,6,1
3968,69605,74292,74292,75225,6,1
3969,69608,74292,74292,75225,6,1
3970,69617,74292,74292,75225,6,1
3971,69621,75008,75008,75941,0,0
3972,69627,74292,74292,75225,6,1
3973,69631,75008,75008,75941,0,0
3974,69635,75008,75008,75941,0,0
3975,69636,74292,74292,75225,6,1
3976,69641,74292,74292,75225,6,1
3977,69659,74292,74292,75225,6,1
3978,69664,75008,75008,75941,0,0
3979,69664,74292,74292,75225,6,1
3980,69670,74292,74292,75225,6,1
3981,69677,75008,75008,75941,0,0
3982,69690,74292,74292,75225,6,1
3983,69704,75008,75008,75941,0,0
3984,69707,75008,75008,75941,0,0
3985,69716,74292,74292,75225,6,1
3986,69725,74292,74292,75225,6,1
3987,69734,75008,75008,75941,0,0
3988,69739,74404,74404,75337,8,1
3989,69746,74404,74404,75337,8,1
3990,69747,75008,75008,75941,0,0
3991,69755,74404,74404,75337,8,1
3992,69757,74404,74404,75337,8,1
3993,69758,74404,74404,75337,8,1
3994,69767,74404,74404,75337,8,1
3995,69768,75008,75008,75941,0,0
3996,69769,74404,74404,75337,8,1
3997,69771,74404,74404,75337,8,1
3998,69785,75008,75008,75941,0,0
3999,69785,74404,74404,75337,8,1
4000,69789,75008,75008,75941,0,0
4001,69790,74404,74404,75337,8,1
4002,69793,74404,74404,75337,8,1
4003,69801,75008,75008,75941,0,0
4004,69805,74404,74404,75337,8,1
4005,69818,74404,74404,75337,8,1
4006,69819,75008,75008,75941,0,0
4007,69821,74404,74404,75337,8,1
4008,69834,74404,74404,75337,8,1
4009,69835,75008,75008,75941,0,0
4010,69836,75008,75008,75941,0,0
4011,69848,75008,75008,75941,0,0
4012,69855,75008,75008,75941,0,0
4013,69859,75008,75008,75941,0,0
4014,69868,75008,75008,75941,0,0
4015,69869,75074,75074,76007,2,0
4016,69876,75074,75074,76007,2,0
4017,69881,75074,75074,76007,2,0
4018,69886,74404,74404,75337,8,1
4019,69891,75074,75074,76007,2,0
4020,69894,74404,74404,75337,8,1
4021,69896,75074,75074,76007,2,0
4022,69907,74404,74404,75337,8,1
4023,69908,74404,74404,75337,8,1
4024,69912,75074,75074,76007,2,0
4025,69933,75074,75074,76007,2,0
4026,69941,75074,75074,76007,2,0
4027,69946,75074,75074,76007,2,0
4028,69959,75074,75074,76007,2,0
4029,69966,75074,75074,76007,2,0
4030,69988,74404,74404,75337,8,1
4031,69989,75074,75074,76007,2,0
4032,69996,74961,74961,75894,1,1
4033,70025,75074,75074,76007,2,0
4034,70029,75074,75074,76007,2,0
4035,70044,75074,75074,76007,2,0
4036,70048,75074,75074,76007,2,0
4037,70049,74961,74961,75894,1,1
4038,70052,75074,75074,76007,2,0
4039,70057,75074,75074,76007,2,0
4040,70061,74961,74961,75894,1,1
4041,70063,74961,74961,75894,1,1
4042,70073,74961,74961,75894,1,1
4043,70090,75074,75074,76007,2,0
4044,70093,74961,74961,75894,1,1
4045,70094,75074,75074,76007,2,0
4046,70095,75163,75163,76096,4,0
4047,70096,75163,75163,76096,4,0
4048,70104,75163,75163,76096,4,0
4049,70105,74961,74961,75894,1,1
4050,70107,74961,74961,75894,1,1
4051,70114,75163,75163,76096,4,0
4052,70123,75163,75163,76096,4,0
4053,70136,74961,74961,75894,1,1
4054,70176,75163,75163,76096,4,0
4055,70184,74961,74961,75894,1,1
4056,70186,75163,75163,76096,4,0
4057,70189,75163,75163,76096,4,0
4058,70191,75163,75163,76096,4,0
4059,70192,75163,75163,76096,4,0
4060,70197,75163,75163,76096,4,0
4061,70205,74961,74961,75894,1,1
4062,70213,75163,75163,76096,4,0
4063,70216,75163,75163,76096,4,0
4064,70224,74961,74961,75894,1,1
4065,70227,75163,75163,76096,4,0
4066,70234,75163,75163,76096,4,0
4067,70241,74961,74961,75894,1,1
4068,70246,74961,74961,75894,1,1
4069,70251,74961,74961,75894,1,1
4070,70259,74961,74961,75894,1,1
4071,70267,75163,75163,76096,4,0
4072,70274,75163,75163,76096,4,0
4073,70274,74961,74961,75894,1,1
4074,70275,74961,74961,75894,1,1
4075,70290,74961,74961,75894,1,1
4076,70295,75163,75163,76096,4,0
4077,70300,74961,74961,75894,1,1
4078,70312,75163,75163,76096,4,0
4079,70319,75163,75163,76096,4,0
4080,70321,75226,75226,76159,6,0
4081,70333,75226,75226,76159,6,0
4082,70344,75226,75226,76159,6,0
4083,70351,75226,75226,76159,6,0
4084,70354,75031,75031,75964,3,1
4085,70355,75226,75226,76159,6,0
4086,70364,75031,75031,75964,3,1
4087,70366,75031,75031,75964,3,1
4088,70368,75031,75031,75964,3,1
4089,70370,75031,75031,75964,3,1
4090,70372,75226,75226,76159,6,0
4091,70379,75031,75031,75964,3,1
4092,70381,75226,75226,76159,6,0
4093,70383,75031,75031,75964,3,1
4094,70384,75226,75226,76159,6,0
4095,70392,75226,75226,76159,6,0
4096,70397,75031,75031,75964,3,1
4097,70398,75226,75226,76159,6,0
4098,70399,75226,75226,76159,6,0
4099,70406,75226,75226,76159,6,0
4100,70408,75226,75226,76159,6,0
4101,70409,75031,75031,75964,3,1
4102,70412,75031,75031,75964,3,1
4103,70435,75031,75031,75964,3,1
4104,70441,75031,75031,75964,3,1
4105,70443,75031,75031,75964,3,1
4106,70454,75226,75226,76159,6,0
4107,70458,75226,75226,76159,6,0
4108,70474,75031,75031,75964,3,1
4109,70476,75226,75226,76159,6,0
4110,70483,75226,75226,76159,6,0
4111,70490,75031,75031,75964,3,1
4112,70496,75031,75031,75964,3,1
4113,70502,75031,75031,75964,3,1
4114,70511,75031,75031,75964,3,1
4115,70512,75031,75031,75964,3,1
4116,70516,75226,75226,76159,6,0
4117,70518,75226,75226,76159,6,0
4118,70522,75226,75226,76159,6,0
4119,70542,75338,75338,76271,8,0
4120,70545,75338,75338,76271,8,0
4121,70551,75031,75031,75964,3,1
4122,70566,75099,75099,76032,5,1
4123,70567,75338,75338,76271,8,0
4124,70570,75338,75338,76271,8,0
4125,70573,75099,75099,76032,5,1
4126,70578,75099,75099,76032,5,1
4127,70588,75099,75099,76032,5,1
4128,70589,75338,75338,76271,8,0
4129,70594,75338,75338,76271,8,0
4130,70597,75338,75338,76271,8,0
4131,70600,75338,75338,76271,8,0
4132,70605,75338,75338,76271,8,0
4133,70605,75099,75099,76032,5,1
4134,70611,75338,75338,76271,8,0
4135,70625,75338,75338,76271,8,0
4136,70627,75338,75338,76271,8,0
4137,70629,75338,75338,76271,8,0
4138,70630,75099,75099,76032,5,1
4139,70632,75099,75099,76032,5,1
4140,70641,75338,75338,76271,8,0
4141,70642,75338,75338,76271,8,0
4142,70644,75338,75338,76271,8,0
4143,70649,75099,75099,76032,5,1
4144,70650,75338,75338,76271,8,0
4145,70654,75338,75338,76271,8,0
4146,70662,75099,75099,76032,5,1
4147,70663,75338,75338,76271,8,0
4148,70673,75338,75338,76271,8,0
4149,70675,75895,75895,76828,1,0
4150,70686,75895,75895,76828,1,0
4151,70692,75895,75895,76828,1,0
4152,70693,75895,75895,76828,1,0
4153,70696,75895,75895,76828,1,0
4154,70699,75895,75895,76828,1,0
4155,70701,75895,75895,76828,1,0
4156,70704,75895,75895,76828,1,0
4157,70712,75895,75895,76828,1,0
4158,70714,75099,75099,76032,5,1
4159,70717,75895,75895,76828,1,0
4160,70732,75099,75099,76032,5,1
4161,70739,75895,75895,76828,1,0
4162,70746,75099,75099,76032,5,1
4163,70747,75895,75895,76828,1,0
4164,70748,75895,75895,76828,1,0
4165,70749,75099,75099,76032,5,1
4166,70759,75099,75099,76032,5,1
4167,70774,75895,75895,76828,1,0
4168,70785,75895,75895,76828,1,0
4169,70786,75895,75895,76828,1,0
4170,70787,75895,75895,76828,1,0
4171,70798,75099,75099,76032,5,1
4172,70810,75099,75099,76032,5,1
4173,70811,75895,75895,76828,1,0
4174,70813,75099,75099,76032,5,1
4175,70814,75099,75099,76032,5,1
4176,70818,75099,75099,76032,5,1
4177,70828,75099,75099,76032,5,1
4178,70836,75489,75489,76422,7,1
4179,70846,75895,75895,76828,1,0
4180,70857,75489,75489,76422,7,1
4181,70864,75895,75895,76828,1,0
4182,70875,75965,75965,76898,3,0
4183,70882,75489,75489,76422,7,1
4184,70890,75965,75965,76898,3,0
4185,70896,75489,75489,76422,7,1
4186,70899,75489,75489,76422,7,1
4187,70903,75489,75489,76422,7,1
4188,70907,75489,75489,76422,7,1
4189,70910,75489,75489,76422,7,1
4190,70919,75489,75489,76422,7,1
4191,70926,75489,75489,76422,7,1
4192,70930,75489,75489,76422,7,1
4193,70931,75489,75489,76422,7,1
4194,70934,75489,75489,76422,7,1
4195,70944,75489,75489,76422,7,1
4196,70954,75489,75489,76422,7,1
4197,70959,75489,75489,76422,7,1
4198,70968,75965,75965,76898,3,0
4199,70975,75489,75489,76422,7,1
4200,70980,75489,75489,76422,7,1
4201,70986,75489,75489,76422,7,1
4202,70987,75965,75965,76898,3,0
4203,70993,75489,75489,76422,7,1
4204,70997,75965,75965,76898,3,0
4205,71000,75902,75902,76835,9,1
4206,71002,75965,75965,76898,3,0
4207,71004,75965,75965,76898,3,0
4208,71010,75902,75902,76835,9,1
4209,71031,75902,75902,76835,9,1
4210,71035,75965,75965,76898,3,0
4211,71053,75965,75965,76898,3,0
4212,71056,75902,75902,76835,9,1
4213,71059,75902,75902,76835,9,1
4214,71060,75965,75965,76898,3,0
4215,71069,75902,75902,76835,9,1
4216,71072,75965,75965,76898,3,0
4217,71081,75902,75902,76835,9,1
4218,71084,75902,75902,76835,9,1
4219,71086,75965,75965,76898,3,0
4220,71093,75965,75965,76898,3,0
4221,71095,75965,75965,76898,3,0
4222,71106,75902,75902,76835,9,1
4223,71110,75965,75965,76898,3,0
4224,71119,75965,75965,76898,3,0
4225,71122,75902,75902,76835,9,1
4226,71130,75902,75902,76835,9,1
4227,71137,75902,75902,76835,9,1
4228,71139,75965,75965,76898,3,0
4229,71146,75965,75965,76898,3,0
4230,71168,75965,75965,76898,3,0
4231,71178,75902,75902,76835,9,1
4232,71180,75902,75902,76835,9,1
4233,71185,75965,75965,76898,3,0
4234,71187,76033,76033,76966,5,0
4235,71189,76033,76033,76966,5,0
4236,71189,75902,75902,76835,9,1
4237,71195,76033,76033,76966,5,0
4238,71201,75902,75902,76835,9,1
4239,71208,75902,75902,76835,9,1
4240,71211,76033,76033,76966,5,0
4241,71219,76033,76033,76966,5,0
4242,71224,76033,76033,76966,5,0
4243,71224,75902,75902,76835,9,1
4244,71226,75902,75902,76835,9,1
4245,71235,75902,75902,76835,9,1
4246,71253,76033,76033,76966,5,0
4247,71255,75942,75942,76875,0,1
4248,71257,76033,76033,76966,5,0
4249,71263,76033,76033,76966,5,0
4250,71279,75942,75942,76875,0,1
4251,71280,75942,75942,76875,0,1
4252,71288,76033,76033,76966,5,0
4253,71292,76033,76033,76966,5,0
4254,71303,75942,75942,76875,0,1
4255,71310,76033,76033,76966,5,0
4256,71310,75942,75942,76875,0,1
4257,71317,75942,75942,76875,0,1
4258,71324,76033,76033,76966,5,0
4259,71329,76033,76033,76966,5,0
4260,71331,76033,76033,76966,5,0
4261,71332,76033,76033,76966,5,0
4262,71337,76033,76033,76966,5,0
4263,71338,76033,76033,76966,5,0
4264,71341,75942,75942,76875,0,1
4265,71349,75942,75942,76875,0,1
4266,71356,76033,76033,76966,5,0
4267,71362,76033,76033,76966,5,0
4268,71363,75942,75942,76875,0,1
4269,71369,75942,75942,76875,0,1
4270,71378,76423,76423,77356,7,0
4271,71389,75942,75942,76875,0,1
4272,71392,76423,76423,77356,7,0
4273,71393,75942,75942,76875,0,1
4274,71394,75942,75942,76875,0,1
4275,71395,76423,76423,77356,7,0
4276,71396,76423,76423,77356,7,0
4277,71401,76423,76423,77356,7,0
4278,71402,76423,76423,77356,7,0
4279,71404,75942,75942,76875,0,1
4280,71407,76423,76423,77356,7,0
4281,71408,75942,75942,76875,0,1
4282,71409,76423,76423,77356,7,0
4283,71410,75942,75942,76875,0,1
4284,71418,76423,76423,77356,7,0
4285,71421,76423,76423,77356,7,0
4286,71431,76423,76423,77356,7,0
4287,71433,75942,75942,76875,0,1
4288,71434,76423,76423,77356,7,0
4289,71439,76423,76423,77356,7,0
4290,71443,75942,75942,76875,0,1
4291,71447,75942,75942,76875,0,1
4292,71451,75942,75942,76875,0,1
4293,71456,76008,76008,76941,2,1
4294,71458,76423,76423,77356,7,0
4295,71480,76423,76423,77356,7,0
4296,71485,76008,76008,76941,2,1
4297,71494,76423,76423,77356,7,0
4298,71507,76423,76423,77356,7,0
4299,71510,76008,76008,76941,2,1
4300,71514,76008,76008,76941,2,1
4301,71515,76008,76008,76941,2,1
4302,71525,76008,76008,76941,2,1
4303,71527,76423,76423,77356,7,0
4304,71529,76008,76008,76941,2,1
4305,71539,76008,76008,76941,2,1
4306,71544,76423,76423,77356,7,0
4307,71552,76423,76423,77356,7,0
4308,71552,76008,76008,76941,2,1
4309,71572,76836,76836,77769,9,0
4310,71590,76836,76836,77769,9,0
4311,71599,76008,76008,76941,2,1
4312,71604,76008,76008,76941,2,1
4313,71605,76836,76836,77769,9,0
4314,71606,76836,76836,77769,9,0
4315,71617,76008,76008,76941,2,1
4316,71629,76836,76836,77769,9,0
4317,71636,76008,76008,76941,2,1
4318,71641,76008,76008,76941,2,1
4319,71646,76836,76836,77769,9,0
4320,71651,76008,76008,76941,2,1
4321,71652,76836,76836,77769,9,0
4322,71655,76008,76008,76941,2,1
4323,71662,76836,76836,77769,9,0
4324,71682,76008,76008,76941,2,1
4325,71684,76836,76836,77769,9,0
4326,71685,76836,76836,77769,9,0
4327,71690,76836,76836,77769,9,0
4328,71690,76008,76008,76941,2,1
4329,71700,76008,76008,76941,2,1
4330,71705,76836,76836,77769,9,0
4331,71720,76836,76836,77769,9,0
4332,71726,76836,76836,77769,9,0
4333,71729,76836,76836,77769,9,0
4334,71737,76836,76836,77769,9,0
4335,71739,76836,76836,77769,9,0
4336,71750,76836,76836,77769,9,0
4337,71762,76836,76836,77769,9,0
4338,71765,76836,76836,77769,9,0
4339,71779,76008,76008,76941,2,1
4340,71793,76097,76097,77030,4,1
4341,71797,76876,76876,77809,0,0
4342,71804,76876,76876,77809,0,0
4343,71811,76097,76097,77030,4,1
4344,71825,76097,76097,77030,4,1
4345,71832,76876,76876,77809,0,0
4346,71837,76097,76097,77030,4,1
4347,71840,76876,76876,77809,0,0
4348,71844,76097,76097,77030,4,1
4349,71854,76876,76876,77809,0,0
4350,71867,76876,76876,77809,0,0
4351,71873,76097,76097,77030,4,1
4352,71884,76097,76097,77030,4,1
4353,71898,76097,76097,77030,4,1
4354,71903,76097,76097,77030,4,1
4355,71910,76876,76876,77809,0,0
4356,71912,76097,76097,77030,4,1
4357,71915,76097,76097,77030,4,1
4358,71916,76876,76876,77809,0,0
4359,71916,76097,76097,77030,4,1
4360,71917,76876,76876,77809,0,0
4361,71925,76876,76876,77809,0,0
4362,71928,76876,76876,77809,0,0
4363,71941,76097,76097,77030,4,1
4364,71943,76097,76097,77030,4,1
4365,71947,76876,76876,77809,0,0
4366,71947,76097,76097,77030,4,1
4367,71966,76876,76876,77809,0,0
4368,71969,76876,76876,77809,0,0
4369,71973,76097,76097,77030,4,1
4370,71987,76876,76876,77809,0,0
4371,71988,76097,76097,77030,4,1
4372,71990,76876,76876,77809,0,0
4373,71994,76876,76876,77809,0,0
4374,71994,76097,76097,77030,4,1
4375,72717,76097,76097,77030,4,1
4376,72946,76097,76097,77030,4,1
4377,73056,76876,76876,77809,0,0
4378,73089,76160,78094,79027,6,1
4379,73267,76160,78094,79027,6,1
4380,73577,76160,78094,79027,6,1
4381,73618,76876,76876,77809,0,0
4382,73829,76160,78094,79027,6,1
4383,73959,76160,78094,79027,6,1
4384,74123,76160,78094,79027,6,1
4385,74520,76876,76876,77809,0,0
4386,74605,76160,78094,79027,6,1
4387,74840,76942,80388,81321,2,0
4388,74908,76942,80388,81321,2,0
4389,75057,76160,78094,79027,6,1
4390,75073,76942,80388,81321,2,0
4391,75250,76942,80388,81321,2,0
4392,75294,76942,80388,81321,2,0
4393,75319,76160,78094,79027,6,1
4394,75426,76160,78094,79027,6,1
4395,75438,76160,78094,79027,6,1
4396,75562,76942,80388,81321,2,0
4397,75626,76160,78094,79027,6,1
4398,75666,76160,78094,79027,6,1
4399,75690,76160,78094,79027,6,1
4400,75702,76942,80388,81321,2,0
4401,75946,76160,78094,79027,6,1
4402,75958,76942,80388,81321,2,0
4403,76296,76942,80388,81321,2,0
4404,76650,76942,80388,81321,2,0
4405,77414,77414,80388,81321,2,0
4406,77416,77416,78094,79027,6,1
4407,77559,77559,80388,81321,2,0
4408,77768,77768,78094,79027,6,1
4409,77816,77816,80388,81321,2,0
4410,77895,77895,78094,79027,6,1
4411,78036,78036,78094,79027,6,1
4412,78094,78094,78094,79027,6,1
4413,78287,78287,83459,84392,8,1
4414,78592,78592,80388,81321,2,0
4415,78654,78654,80388,81321,2,0
4416,78745,78745,80388,81321,2,0
4417,78811,78811,80388,81321,2,0
4418,79147,79147,83459,84392,8,1
4419,79276,79276,83459,84392,8,1
4420,79279,79279,80388,81321,2,0
4421,79308,79308,83459,84392,8,1
4422,79395,79395,80388,81321,2,0
4423,79572,79572,83459,84392,8,1
4424,79576,79576,83459,84392,8,1
4425,79619,79619,83459,84392,8,1
4426,79944,79944,83459,84392,8,1
4427,80263,80263,83459,84392,8,1
4428,80318,80318,83459,84392,8,1
4429,80388,80388,80388,81321,2,0
4430,80426,80426,83459,84392,8,1
4431,80962,80962,0,0,4,0
4432,80969,80969,0,0,4,0
4433,81128,81128,83459,84392,8,1
4434,81351,81351,83459,84392,8,1
4435,81592,81592,83459,84392,8,1
4436,81688,81688,83459,84392,8,1
4437,81740,81740,0,0,4,0
4438,81860,81860,83459,84392,8,1
4439,82360,82360,83459,84392,8,1
4440,82464,82464,0,0,4,0
4441,82736,82736,83459,84392,8,1
4442,83005,83005,83459,84392,8,1
4443,83459,83459,83459,84392,8,1
4444,83489,83489,0,0,1,1
4445,83493,83493,0,0,4,0
4446,83590,83590,0,0,1,1
4447,83657,83657,0,0,1,1
4448,83722,83722,0,0,1,1
4449,83814,83814,0,0,4,0
4450,83946,83946,0,0,1,1
4451,84039,84039,0,0,1,1
4452,84398,84398,0,0,1,1
4453,84399,84399,0,0,1,1
4454,84513,84513,0,0,4,0
4455,84601,84601,0,0,1,1
4456,84686,84686,0,0,1,1
4457,84841,84841,0,0,4,0
4458,84960,84960,0,0,4,0
4459,85016,85016,0,0,1,1
4460,85432,85432,0,0,4,0
4461,85490,85490,0,0,4,0
4462,85495,85495,0,0,1,1
4463,85576,85576,0,0,4,0
4464,86038,86038,0,0,1,1
4465,86338,86338,0,0,4,0
