passenger_id,terminal_arrival_time,board_time,leave_time,destination_arrival_time,boarded_jeep,terminal
0,323,323,1799,2639,0,0
1,423,423,1799,2639,0,0
2,692,692,1799,2639,1,1
3,808,808,1799,2639,0,0
4,1422,1422,1799,2639,1,1
5,2048,2048,3599,4439,3,1
6,2067,2067,3599,4439,2,0
7,2807,2807,3599,4439,2,0
8,3923,3923,5399,6239,5,1
9,4083,4083,5399,6239,5,1
10,4089,4089,5399,6239,5,1
11,4402,4402,5399,6239,5,1
12,4640,4640,5399,6239,5,1
13,4711,4711,5399,6239,5,1
14,4785,4785,5399,6239,4,0
15,4914,4914,5399,6239,5,1
16,5002,5002,5399,6239,5,1
17,5021,5021,5399,6239,5,1
18,5538,5538,7199,8039,7,1
19,6091,6091,7199,8039,7,1
20,6462,6462,7199,8039,6,0
21,6851,6851,7199,8039,7,1
22,7526,7526,8999,9839,8,0
23,7636,7636,8999,9839,8,0
24,7767,7767,8999,9839,9,1
25,8162,8162,8999,9839,8,0
26,8242,8242,8999,9839,9,1
27,8331,8331,8999,9839,9,1
28,9115,9115,10799,11639,10,0
29,9275,9275,10799,11639,10,0
30,9626,9626,10799,11639,11,1
31,9832,9832,10799,11639,10,0
32,10673,10673,10799,11639,11,1
33,10774,10774,10799,11639,11,1
34,10956,10956,12599,13439,12,0
35,12185,12185,12599,13439,13,1
36,12418,12418,12599,13439,12,0
37,13120,13120,14399,15239,14,0
38,14168,14168,14399,15239,0,1
39,14215,14215,14399,15239,14,0
40,14308,14308,14399,15239,0,1
41,15487,15487,16199,17039,2,1
42,15596,15596,16199,17039,2,1
43,15793,15793,16199,17039,2,1
44,16086,16086,16199,17039,1,0
45,16256,16256,17999,18839,3,0
46,16516,16516,17999,18839,4,1
47,16566,16566,17999,18839,4,1
48,17095,17095,17999,18839,4,1
49,17133,17133,17999,18839,4,1
50,17189,17189,17999,18839,4,1
51,17760,17760,17999,18839,3,0
52,18030,18030,19799,20639,6,1
53,18034,18034,19799,20639,5,0
54,18531,18531,19799,20639,6,1
55,19158,19158,19799,20639,6,1
56,19676,19676,19799,20639,6,1
57,19733,19733,19799,20639,6,1
58,19980,19980,21599,24396,8,1
59,19981,19981,21599,24396,7,0
60,20299,20299,21599,24396,7,0
61,20390,20390,21599,24396,7,0
62,20525,20525,21599,24396,8,1
63,20814,20814,21599,24396,7,0
64,21203,21203,21599,24396,7,0
65,21388,21388,21599,24396,8,1
66,21603,21603,21829,24629,9,0
67,21611,21611,21957,24757,10,1
68,21619,21619,21829,24629,9,0
69,21628,21628,21829,24629,9,0
70,21628,21628,21957,24757,10,1
71,21634,21634,21829,24629,9,0
72,21653,21653,21957,24757,10,1
73,21659,21659,21829,24629,9,0
74,21663,21663,21957,24757,10,1
75,21666,21666,21829,24629,9,0
76,21691,21691,21957,24757,10,1
77,21701,21701,21829,24629,9,0
78,21701,21701,21957,24757,10,1
79,21714,21714,21829,24629,9,0
80,21726,21726,21957,24757,10,1
81,21752,21752,21829,24629,9,0
82,21757,21757,21957,24757,10,1
83,21761,21761,21829,24629,9,0
84,21765,21765,21829,24629,9,0
85,21772,21772,21957,24757,10,1
86,21773,21773,21829,24629,9,0
87,21775,21775,21829,24629,9,0
88,21780,21780,21957,24757,10,1
89,21784,21784,21829,24629,9,0
90,21788,21788,21829,24629,9,0
91,21798,21798,21957,24757,10,1
92,21804,21804,21957,24757,10,1
93,21812,21812,21829,24629,9,0
94,21813,21813,21829,24629,9,0
95,21815,21815,21957,24757,10,1
96,21820,21820,21829,24629,9,0
97,21826,21826,21829,24629,9,0
98,21829,21829,21829,24629,9,0
99,21835,21835,22114,24914,11,0
100,21842,21842,22114,24914,11,0
101,21886,21886,22114,24914,11,0
102,21901,21901,22114,24914,11,0
103,21905,21905,21957,24757,10,1
104,21909,21909,21957,24757,10,1
105,21917,21917,22114,24914,11,0
106,21919,21919,22114,24914,11,0
107,21919,21919,21957,24757,10,1
108,21923,21923,21957,24757,10,1
109,21933,21933,22114,24914,11,0
110,21938,21938,22114,24914,11,0
111,21949,21949,21957,24757,10,1
112,21954,21954,21957,24757,10,1
113,21957,21957,21957,24757,10,1
114,21960,21960,22214,25014,12,1
115,21961,21961,22214,25014,12,1
116,21963,21963,22114,24914,11,0
117,21973,21973,22114,24914,11,0
118,21973,21973,22214,25014,12,1
119,21974,21974,22214,25014,12,1
120,21988,21988,22214,25014,12,1
121,22003,22003,22114,24914,11,0
122,22008,22008,22214,25014,12,1
123,22013,22013,22214,25014,12,1
124,22029,22029,22114,24914,11,0
125,22032,22032,22114,24914,11,0
126,22049,22049,22114,24914,11,0
127,22054,22054,22214,25014,12,1
128,22056,22056,22214,25014,12,1
129,22057,22057,22114,24914,11,0
130,22065,22065,22214,25014,12,1
131,22066,22066,22114,24914,11,0
132,22068,22068,22214,25014,12,1
133,22072,22072,22114,24914,11,0
134,22082,22082,22114,24914,11,0
135,22086,22086,22214,25014,12,1
136,22087,22087,22214,25014,12,1
137,22112,22112,22114,24914,11,0
138,22114,22114,22114,24914,11,0
139,22118,22118,22321,25121,13,0
140,22132,22132,22321,25121,13,0
141,22134,22134,22321,25121,13,0
142,22139,22139,22321,25121,13,0
143,22139,22139,22214,25014,12,1
144,22148,22148,22321,25121,13,0
145,22164,22164,22214,25014,12,1
146,22165,22165,22321,25121,13,0
147,22169,22169,22214,25014,12,1
148,22177,22177,22214,25014,12,1
149,22179,22179,22214,25014,12,1
150,22198,22198,22214,25014,12,1
151,22214,22214,22214,25014,12,1
152,22218,22218,22321,25121,13,0
153,22219,22219,22321,25121,13,0
154,22225,22225,22356,25156,14,1
155,22226,22226,22356,25156,14,1
156,22227,22227,22356,25156,14,1
157,22231,22231,22356,25156,14,1
158,22233,22233,22356,25156,14,1
159,22234,22234,22356,25156,14,1
160,22236,22236,22356,25156,14,1
161,22239,22239,22321,25121,13,0
162,22248,22248,22321,25121,13,0
163,22250,22250,22356,25156,14,1
164,22254,22254,22321,25121,13,0
165,22256,22256,22356,25156,14,1
166,22260,22260,22321,25121,13,0
167,22262,22262,22321,25121,13,0
168,22264,22264,22356,25156,14,1
169,22274,22274,22356,25156,14,1
170,22279,22279,22356,25156,14,1
171,22285,22285,22321,25121,13,0
172,22288,22288,22321,25121,13,0
173,22289,22289,22356,25156,14,1
174,22299,22299,22321,25121,13,0
175,22304,22304,22321,25121,13,0
176,22305,22305,22356,25156,14,1
177,22308,22308,22321,25121,13,0
178,22308,22308,22356,25156,14,1
179,22312,22312,22321,25121,13,0
180,22321,22321,22321,25121,13,0
181,22322,22322,22356,25156,14,1
182,22323,22323,22552,25352,0,0
183,22325,22325,22356,25156,14,1
184,22332,22332,22552,25352,0,0
185,22334,22334,22552,25352,0,0
186,22337,22337,22552,25352,0,0
187,22342,22342,22552,25352,0,0
188,22343,22343,22356,25156,14,1
189,22349,22349,22356,25156,14,1
190,22356,22356,22356,25156,14,1
191,22358,22358,22575,25375,1,1
192,22364,22364,22552,25352,0,0
193,22374,22374,22575,25375,1,1
194,22382,22382,22575,25375,1,1
195,22383,22383,22575,25375,1,1
196,22387,22387,22552,25352,0,0
197,22398,22398,22552,25352,0,0
198,22399,22399,22552,25352,0,0
199,22407,22407,22575,25375,1,1
200,22423,22423,22575,25375,1,1
201,22453,22453,22552,25352,0,0
202,22459,22459,22552,25352,0,0
203,22466,22466,22552,25352,0,0
204,22467,22467,22575,25375,1,1
205,22474,22474,22575,25375,1,1
206,22475,22475,22552,25352,0,0
207,22475,22475,22575,25375,1,1
208,22487,22487,22575,25375,1,1
209,22488,22488,22575,25375,1,1
210,22494,22494,22552,25352,0,0
211,22497,22497,22552,25352,0,0
212,22501,22501,22552,25352,0,0
213,22504,22504,22575,25375,1,1
214,22508,22508,22575,25375,1,1
215,22514,22514,22552,25352,0,0
216,22521,22521,22575,25375,1,1
217,22535,22535,22575,25375,1,1
218,22536,22536,22575,25375,1,1
219,22539,22539,22575,25375,1,1
220,22541,22541,22552,25352,0,0
221,22544,22544,22552,25352,0,0
222,22552,22552,22552,25352,0,0
223,22554,22554,22575,25375,1,1
224,22556,22556,22873,25673,2,0
225,22568,22568,22575,25375,1,1
226,22575,22575,22575,25375,1,1
227,22586,22586,22873,25673,2,0
228,22593,22593,22873,25673,2,0
229,22594,22594,22873,25673,2,0
230,22598,22598,22873,25673,2,0
231,22601,22601,22855,25655,3,1
232,22637,22637,22873,25673,2,0
233,22649,22649,22873,25673,2,0
234,22650,22650,22873,25673,2,0
235,22673,22673,22873,25673,2,0
236,22676,22676,22855,25655,3,1
237,22689,22689,22855,25655,3,1
238,22703,22703,22873,25673,2,0
239,22706,22706,22855,25655,3,1
240,22709,22709,22855,25655,3,1
241,22717,22717,22855,25655,3,1
242,22727,22727,22855,25655,3,1
243,22728,22728,22855,25655,3,1
244,22737,22737,22873,25673,2,0
245,22737,22737,22855,25655,3,1
246,22747,22747,22855,25655,3,1
247,22748,22748,22873,25673,2,0
248,22755,22755,22855,25655,3,1
249,22759,22759,22855,25655,3,1
250,22760,22760,22855,25655,3,1
251,22761,22761,22873,25673,2,0
252,22766,22766,22855,25655,3,1
253,22783,22783,22855,25655,3,1
254,22794,22794,22855,25655,3,1
255,22795,22795,22873,25673,2,0
256,22801,22801,22855,25655,3,1
257,22805,22805,22855,25655,3,1
258,22839,22839,22873,25673,2,0
259,22846,22846,22873,25673,2,0
260,22851,22851,22855,25655,3,1
261,22855,22855,22855,25655,3,1
262,22858,22858,22873,25673,2,0
263,22859,22859,22873,25673,2,0
264,22869,22869,22873,25673,2,0
265,22872,22872,23100,25900,5,1
266,22873,22873,22873,25673,2,0
267,22880,22880,23156,25956,4,0
268,22882,22882,23100,25900,5,1
269,22883,22883,23156,25956,4,0
270,22890,22890,23100,25900,5,1
271,22891,22891,23100,25900,5,1
272,22894,22894,23156,25956,4,0
273,22898,22898,23100,25900,5,1
274,22902,22902,23100,25900,5,1
275,22920,22920,23100,25900,5,1
276,22954,22954,23156,25956,4,0
277,22958,22958,23156,25956,4,0
278,22971,22971,23100,25900,5,1
279,22977,22977,23100,25900,5,1
280,22978,22978,23156,25956,4,0
281,22980,22980,23156,25956,4,0
282,22983,22983,23156,25956,4,0
283,22984,22984,23100,25900,5,1
284,22990,22990,23156,25956,4,0
285,23006,23006,23100,25900,5,1
286,23016,23016,23100,25900,5,1
287,23035,23035,23100,25900,5,1
288,23043,23043,23156,25956,4,0
289,23051,23051,23100,25900,5,1
290,23056,23056,23156,25956,4,0
291,23060,23060,23100,25900,5,1
292,23064,23064,23156,25956,4,0
293,23071,23071,23156,25956,4,0
294,23073,23073,23156,25956,4,0
295,23085,23085,23156,25956,4,0
296,23090,23090,23100,25900,5,1
297,23091,23091,23100,25900,5,1
298,23093,23093,23100,25900,5,1
299,23095,23095,23100,25900,5,1
300,23099,23099,23156,25956,4,0
301,23100,23100,23100,25900,5,1
302,23110,23110,23156,25956,4,0
303,23127,24397,24397,27197,7,1
304,23128,23128,23156,25956,4,0
305,23131,24397,24397,27197,7,1
306,23141,23141,23156,25956,4,0
307,23143,24397,24397,27197,7,1
308,23155,24397,24397,27197,7,1
309,23156,23156,23156,25956,4,0
310,23157,23157,23381,26181,6,0
311,23157,24397,24397,27197,7,1
312,23159,24397,24397,27197,7,1
313,23165,24397,24397,27197,7,1
314,23175,24397,24397,27197,7,1
315,23178,23178,23381,26181,6,0
316,23185,24397,24397,27197,7,1
317,23187,24397,24397,27197,7,1
318,23197,24397,24397,27197,7,1
319,23205,24397,24397,27197,7,1
320,23210,23210,23381,26181,6,0
321,23211,24397,24397,27197,7,1
322,23217,23217,23381,26181,6,0
323,23227,24397,24397,27197,7,1
324,23236,24397,24397,27197,7,1
325,23245,24397,24397,27197,7,1
326,23247,24397,24397,27197,7,1
327,23249,23249,23381,26181,6,0
328,23253,23253,23381,26181,6,0
329,23270,24397,24397,27197,7,1
330,23275,24397,24397,27197,7,1
331,23282,23282,23381,26181,6,0
332,23288,23288,23381,26181,6,0
333,23305,23305,23381,26181,6,0
334,23307,23307,23381,26181,6,0
335,23308,24397,24397,27197,7,1
336,23311,23311,23381,26181,6,0
337,23311,24630,24630,27430,9,1
338,23314,24630,24630,27430,9,1
339,23328,23328,23381,26181,6,0
340,23346,23346,23381,26181,6,0
341,23346,24630,24630,27430,9,1
342,23350,23350,23381,26181,6,0
343,23350,24630,24630,27430,9,1
344,23352,24630,24630,27430,9,1
345,23353,23353,23381,26181,6,0
346,23354,23354,23381,26181,6,0
347,23359,23359,23381,26181,6,0
348,23363,24630,24630,27430,9,1
349,23367,24630,24630,27430,9,1
350,23368,23368,23381,26181,6,0
351,23368,24630,24630,27430,9,1
352,23380,23380,23381,26181,6,0
353,23381,23381,23381,26181,6,0
354,23385,24630,24630,27430,9,1
355,23390,24397,24397,27197,8,0
356,23403,24397,24397,27197,8,0
357,23405,24630,24630,27430,9,1
358,23412,24630,24630,27430,9,1
359,23413,24397,24397,27197,8,0
360,23416,24397,24397,27197,8,0
361,23424,24397,24397,27197,8,0
362,23424,24630,24630,27430,9,1
363,23440,24630,24630,27430,9,1
364,23444,24630,24630,27430,9,1
365,23452,24397,24397,27197,8,0
366,23461,24397,24397,27197,8,0
367,23461,24630,24630,27430,9,1
368,23463,24397,24397,27197,8,0
369,23465,24397,24397,27197,8,0
370,23465,24630,24630,27430,9,1
371,23466,24630,24630,27430,9,1
372,23467,24630,24630,27430,9,1
373,23489,24630,24630,27430,9,1
374,23491,24397,24397,27197,8,0
375,23498,24397,24397,27197,8,0
376,23501,24630,24630,27430,9,1
377,23515,24397,24397,27197,8,0
378,23517,24397,24397,27197,8,0
379,23519,24397,24397,27197,8,0
380,23539,24915,24915,27715,11,1
381,23544,24915,24915,27715,11,1
382,23547,24915,24915,27715,11,1
383,23548,24397,24397,27197,8,0
384,23556,24915,24915,27715,11,1
385,23559,24915,24915,27715,11,1
386,23564,24915,24915,27715,11,1
387,23572,24915,24915,27715,11,1
388,23573,24915,24915,27715,11,1
389,23576,24915,24915,27715,11,1
390,23577,24397,24397,27197,8,0
391,23586,24915,24915,27715,11,1
392,23591,24915,24915,27715,11,1
393,23594,24915,24915,27715,11,1
394,23596,24915,24915,27715,11,1
395,23597,24397,24397,27197,8,0
396,23597,24915,24915,27715,11,1
397,23625,24397,24397,27197,8,0
398,23635,24397,24397,27197,8,0
399,23636,24915,24915,27715,11,1
400,23637,24397,24397,27197,8,0
401,23641,24758,24758,27558,10,0
402,23645,24915,24915,27715,11,1
403,23648,24915,24915,27715,11,1
404,23652,24915,24915,27715,11,1
405,23657,24915,24915,27715,11,1
406,23660,24915,24915,27715,11,1
407,23663,25122,25122,27922,13,1
408,23665,25122,25122,27922,13,1
409,23687,25122,25122,27922,13,1
410,23693,25122,25122,27922,13,1
411,23694,25122,25122,27922,13,1
412,23696,24758,24758,27558,10,0
413,23701,24758,24758,27558,10,0
414,23704,24758,24758,27558,10,0
415,23720,25122,25122,27922,13,1
416,23723,24758,24758,27558,10,0
417,23724,24758,24758,27558,10,0
418,23735,25122,25122,27922,13,1
419,23741,25122,25122,27922,13,1
420,23766,24758,24758,27558,10,0
421,23775,25122,25122,27922,13,1
422,23778,24758,24758,27558,10,0
423,23778,25122,25122,27922,13,1
424,23786,24758,24758,27558,10,0
425,23790,24758,24758,27558,10,0
426,23791,24758,24758,27558,10,0
427,23798,25122,25122,27922,13,1
428,23809,24758,24758,27558,10,0
429,23809,25122,25122,27922,13,1
430,23810,24758,24758,27558,10,0
431,23824,25122,25122,27922,13,1
432,23826,24758,24758,27558,10,0
433,23827,25122,25122,27922,13,1
434,23831,24758,24758,27558,10,0
435,23833,25122,25122,27922,13,1
436,23858,25122,25122,27922,13,1
437,23866,24758,24758,27558,10,0
438,23869,24758,24758,27558,10,0
439,23884,25122,25122,27922,13,1
440,23889,25122,25122,27922,13,1
441,23901,24758,24758,27558,10,0
442,23903,25122,25122,27922,13,1
443,23909,25122,25122,27922,13,1
444,23911,24758,24758,27558,10,0
445,23914,25353,25353,28153,0,1
446,23928,25353,25353,28153,0,1
447,23931,25353,25353,28153,0,1
448,23938,25353,25353,28153,0,1
449,23947,24758,24758,27558,10,0
450,23947,25353,25353,28153,0,1
451,23948,25015,25015,27815,12,0
452,23949,25353,25353,28153,0,1
453,23950,25353,25353,28153,0,1
454,23951,25015,25015,27815,12,0
455,23963,25015,25015,27815,12,0
456,23967,25015,25015,27815,12,0
457,23970,25015,25015,27815,12,0
458,23972,25353,25353,28153,0,1
459,23976,25015,25015,27815,12,0
460,24003,25015,25015,27815,12,0
461,24004,25353,25353,28153,0,1
462,24006,25015,25015,27815,12,0
463,24009,25015,25015,27815,12,0
464,24020,25015,25015,27815,12,0
465,24037,25353,25353,28153,0,1
466,24045,25015,25015,27815,12,0
467,24047,25353,25353,28153,0,1
468,24048,25015,25015,27815,12,0
469,24050,25015,25015,27815,12,0
470,24056,25015,25015,27815,12,0
471,24061,25015,25015,27815,12,0
472,24077,25015,25015,27815,12,0
473,24089,25353,25353,28153,0,1
474,24092,25015,25015,27815,12,0
475,24101,25353,25353,28153,0,1
476,24113,25015,25015,27815,12,0
477,24115,25353,25353,28153,0,1
478,24117,25015,25015,27815,12,0
479,24122,25353,25353,28153,0,1
480,24137,25353,25353,28153,0,1
481,24139,25353,25353,28153,0,1
482,24144,25353,25353,28153,0,1
483,24145,25353,25353,28153,0,1
484,24154,25353,25353,28153,0,1
485,24157,25674,25674,28474,2,1
486,24158,25674,25674,28474,2,1
487,24171,25674,25674,28474,2,1
488,24173,25674,25674,28474,2,1
489,24178,25015,25015,27815,12,0
490,24182,25157,25157,27957,14,0
491,24192,25674,25674,28474,2,1
492,24193,25674,25674,28474,2,1
493,24196,25674,25674,28474,2,1
494,24203,25674,25674,28474,2,1
495,24212,25157,25157,27957,14,0
496,24214,25157,25157,27957,14,0
497,24222,25674,25674,28474,2,1
498,24241,25157,25157,27957,14,0
499,24254,25157,25157,27957,14,0
500,24257,25157,25157,27957,14,0
501,24259,25157,25157,27957,14,0
502,24264,25157,25157,27957,14,0
503,24271,25157,25157,27957,14,0
504,24276,25157,25157,27957,14,0
505,24279,25157,25157,27957,14,0
506,24285,25674,25674,28474,2,1
507,24287,25157,25157,27957,14,0
508,24305,25674,25674,28474,2,1
509,24311,25674,25674,28474,2,1
510,24315,25157,25157,27957,14,0
511,24316,25674,25674,28474,2,1
512,24324,25674,25674,28474,2,1
513,24336,25157,25157,27957,14,0
514,24342,25157,25157,27957,14,0
515,24356,25157,25157,27957,14,0
516,24362,25157,25157,27957,14,0
517,24365,25157,25157,27957,14,0
518,24365,25674,25674,28474,2,1
519,24366,25157,25157,27957,14,0
520,24372,25157,25157,27957,14,0
521,24382,25376,25376,28176,1,0
522,24391,25376,25376,28176,1,0
523,24401,25376,25376,28176,1,0
524,24404,25376,25376,28176,1,0
525,24404,25674,25674,28474,2,1
526,24409,25674,25674,28474,2,1
527,24413,25674,25674,28474,2,1
528,24414,25376,25376,28176,1,0
529,24414,25674,25674,28474,2,1
530,24419,25376,25376,28176,1,0
531,24440,25376,25376,28176,1,0
532,24443,25674,25674,28474,2,1
533,24445,25376,25376,28176,1,0
534,24451,25376,25376,28176,1,0
535,24454,25376,25376,28176,1,0
536,24464,25957,25957,28757,4,1
537,24485,25957,25957,28757,4,1
538,24486,25376,25376,28176,1,0
539,24496,25376,25376,28176,1,0
540,24496,25957,25957,28757,4,1
541,24519,25376,25376,28176,1,0
542,24539,25376,25376,28176,1,0
543,24544,25376,25376,28176,1,0
544,24544,25957,25957,28757,4,1
545,24550,25376,25376,28176,1,0
546,24561,25957,25957,28757,4,1
547,24569,25957,25957,28757,4,1
548,24570,25376,25376,28176,1,0
549,24573,25376,25376,28176,1,0
550,24579,25957,25957,28757,4,1
551,24595,25957,25957,28757,4,1
552,24608,25376,25376,28176,1,0
553,24609,25957,25957,28757,4,1
554,24611,25376,25376,28176,1,0
555,24624,25957,25957,28757,4,1
556,24632,25957,25957,28757,4,1
557,24639,25957,25957,28757,4,1
558,24644,25957,25957,28757,4,1
559,24646,25656,25656,28456,3,0
560,24648,25957,25957,28757,4,1
561,24655,25957,25957,28757,4,1
562,24658,25656,25656,28456,3,0
563,24659,25957,25957,28757,4,1
564,24661,25957,25957,28757,4,1
565,24664,25656,25656,28456,3,0
566,24666,25656,25656,28456,3,0
567,24667,25656,25656,28456,3,0
568,24668,25656,25656,28456,3,0
569,24668,25957,25957,28757,4,1
570,24672,25656,25656,28456,3,0
571,24678,25656,25656,28456,3,0
572,24688,25957,25957,28757,4,1
573,24690,25656,25656,28456,3,0
574,24698,25656,25656,28456,3,0
575,24701,25656,25656,28456,3,0
576,24703,25656,25656,28456,3,0
577,24706,25656,25656,28456,3,0
578,24708,25957,25957,28757,4,1
579,24723,25656,25656,28456,3,0
580,24731,26182,26182,28982,6,1
581,24740,25656,25656,28456,3,0
582,24747,26182,26182,28982,6,1
583,24751,25656,25656,28456,3,0
584,24759,26182,26182,28982,6,1
585,24765,26182,26182,28982,6,1
586,24771,25656,25656,28456,3,0
587,24772,26182,26182,28982,6,1
588,24774,25656,25656,28456,3,0
589,24775,26182,26182,28982,6,1
590,24802,25656,25656,28456,3,0
591,24809,26182,26182,28982,6,1
592,24810,26182,26182,28982,6,1
593,24816,25656,25656,28456,3,0
594,24820,26182,26182,28982,6,1
595,24826,26182,26182,28982,6,1
596,24832,26182,26182,28982,6,1
597,24841,26182,26182,28982,6,1
598,24854,26182,26182,28982,6,1
599,24857,26182,26182,28982,6,1
600,24865,26182,26182,28982,6,1
601,24866,25901,25901,28701,5,0
602,24868,26182,26182,28982,6,1
603,24883,25901,25901,28701,5,0
604,24883,26182,26182,28982,6,1
605,24885,25901,25901,28701,5,0
606,24890,26182,26182,28982,6,1
607,24900,25901,25901,28701,5,0
608,24903,25901,25901,28701,5,0
609,24905,25901,25901,28701,5,0
610,24911,25901,25901,28701,5,0
611,24915,26182,26182,28982,6,1
612,24917,26182,26182,28982,6,1
613,24938,27198,27198,29998,8,1
614,24940,27198,27198,29998,8,1
615,24941,27198,27198,29998,8,1
616,24948,27198,27198,29998,8,1
617,24954,27198,27198,29998,8,1
618,24955,27198,27198,29998,8,1
619,24957,27198,27198,29998,8,1
620,24958,25901,25901,28701,5,0
621,24958,27198,27198,29998,8,1
622,24959,25901,25901,28701,5,0
623,24961,25901,25901,28701,5,0
624,24962,27198,27198,29998,8,1
625,24969,25901,25901,28701,5,0
626,24973,25901,25901,28701,5,0
627,24978,25901,25901,28701,5,0
628,25009,25901,25901,28701,5,0
629,25023,27198,27198,29998,8,1
630,25029,25901,25901,28701,5,0
631,25030,25901,25901,28701,5,0
632,25032,25901,25901,28701,5,0
633,25049,27198,27198,29998,8,1
634,25054,25901,25901,28701,5,0
635,25059,27198,27198,29998,8,1
636,25075,27198,27198,29998,8,1
637,25090,27198,27198,29998,8,1
638,25112,25901,25901,28701,5,0
639,25124,25901,25901,28701,5,0
640,25133,27198,27198,29998,8,1
641,25143,27198,27198,29998,7,0
642,25148,27198,27198,29998,7,0
643,25154,27198,27198,29998,8,1
644,25162,27198,27198,29998,8,1
645,25179,27198,27198,29998,7,0
646,25182,27198,27198,29998,8,1
647,25185,27198,27198,29998,7,0
648,25214,27198,27198,29998,7,0
649,25215,27198,27198,29998,8,1
650,25222,27198,27198,29998,7,0
651,25227,27198,27198,29998,7,0
652,25233,27198,27198,29998,8,1
653,25236,27559,27559,30359,10,1
654,25239,27198,27198,29998,7,0
655,25251,27198,27198,29998,7,0
656,25259,27559,27559,30359,10,1
657,25268,27198,27198,29998,7,0
658,25289,27198,27198,29998,7,0
659,25290,27198,27198,29998,7,0
660,25294,27198,27198,29998,7,0
661,25303,27198,27198,29998,7,0
662,25305,27559,27559,30359,10,1
663,25309,27198,27198,29998,7,0
664,25328,27198,27198,29998,7,0
665,25329,27198,27198,29998,7,0
666,25341,27198,27198,29998,7,0
667,25357,27198,27198,29998,7,0
668,25359,27559,27559,30359,10,1
669,25360,27198,27198,29998,7,0
670,25364,27559,27559,30359,10,1
671,25380,27431,27431,30231,9,0
672,25381,27431,27431,30231,9,0
673,25386,27431,27431,30231,9,0
674,25388,27431,27431,30231,9,0
675,25389,27559,27559,30359,10,1
676,25391,27431,27431,30231,9,0
677,25392,27431,27431,30231,9,0
678,25401,27559,27559,30359,10,1
679,25403,27559,27559,30359,10,1
680,25415,27431,27431,30231,9,0
681,25427,27431,27431,30231,9,0
682,25428,27431,27431,30231,9,0
683,25434,27431,27431,30231,9,0
684,25444,27559,27559,30359,10,1
685,25451,27431,27431,30231,9,0
686,25452,27559,27559,30359,10,1
687,25454,27559,27559,30359,10,1
688,25469,27431,27431,30231,9,0
689,25475,27559,27559,30359,10,1
690,25480,27431,27431,30231,9,0
691,25482,27559,27559,30359,10,1
692,25485,27431,27431,30231,9,0
693,25488,27559,27559,30359,10,1
694,25489,27431,27431,30231,9,0
695,25492,27559,27559,30359,10,1
696,25500,27559,27559,30359,10,1
697,25501,27431,27431,30231,9,0
698,25504,27559,27559,30359,10,1
699,25514,27559,27559,30359,10,1
700,25537,27431,27431,30231,9,0
701,25564,27431,27431,30231,9,0
702,25570,27431,27431,30231,9,0
703,25571,27559,27559,30359,10,1
704,25574,27431,27431,30231,9,0
705,25577,27716,27716,30516,11,0
706,25578,27559,27559,30359,10,1
707,25585,27716,27716,30516,11,0
708,25585,27816,27816,30616,12,1
709,25586,27716,27716,30516,11,0
710,25591,27816,27816,30616,12,1
711,25594,27816,27816,30616,12,1
712,25595,27716,27716,30516,11,0
713,25602,27816,27816,30616,12,1
714,25620,27816,27816,30616,12,1
715,25632,27716,27716,30516,11,0
716,25640,27816,27816,30616,12,1
717,25641,27816,27816,30616,12,1
718,25643,27816,27816,30616,12,1
719,25644,27816,27816,30616,12,1
720,25655,27816,27816,30616,12,1
721,25657,27816,27816,30616,12,1
722,25668,27716,27716,30516,11,0
723,25670,27816,27816,30616,12,1
724,25674,27816,27816,30616,12,1
725,25682,27716,27716,30516,11,0
726,25687,27716,27716,30516,11,0
727,25692,27716,27716,30516,11,0
728,25696,27716,27716,30516,11,0
729,25699,27716,27716,30516,11,0
730,25699,27816,27816,30616,12,1
731,25701,27716,27716,30516,11,0
732,25704,27716,27716,30516,11,0
733,25705,27816,27816,30616,12,1
734,25707,27816,27816,30616,12,1
735,25716,27816,27816,30616,12,1
736,25717,27816,27816,30616,12,1
737,25718,27716,27716,30516,11,0
738,25722,27716,27716,30516,11,0
739,25732,27816,27816,30616,12,1
740,25737,27816,27816,30616,12,1
741,25746,27958,27958,30758,14,1
742,25753,27716,27716,30516,11,0
743,25753,27958,27958,30758,14,1
744,25759,27958,27958,30758,14,1
745,25761,27716,27716,30516,11,0
746,25768,27716,27716,30516,11,0
747,25780,27716,27716,30516,11,0
748,25784,27716,27716,30516,11,0
749,25785,27923,27923,30723,13,0
750,25792,27958,27958,30758,14,1
751,25794,27958,27958,30758,14,1
752,25799,27958,27958,30758,14,1
753,25817,27958,27958,30758,14,1
754,25847,27923,27923,30723,13,0
755,25848,27923,27923,30723,13,0
756,25851,27923,27923,30723,13,0
757,25858,27958,27958,30758,14,1
758,25873,27923,27923,30723,13,0
759,25876,27958,27958,30758,14,1
760,25881,27923,27923,30723,13,0
761,25887,27923,27923,30723,13,0
762,25890,27923,27923,30723,13,0
763,25896,27923,27923,30723,13,0
764,25899,27923,27923,30723,13,0
765,25904,27923,27923,30723,13,0
766,25906,27923,27923,30723,13,0
767,25908,27958,27958,30758,14,1
768,25914,27923,27923,30723,13,0
769,25916,27923,27923,30723,13,0
770,25926,27923,27923,30723,13,0
771,25927,27923,27923,30723,13,0
772,25928,27958,27958,30758,14,1
773,25930,27958,27958,30758,14,1
774,25934,27958,27958,30758,14,1
775,25937,27923,27923,30723,13,0
776,25940,27958,27958,30758,14,1
777,25943,27958,27958,30758,14,1
778,25952,27923,27923,30723,13,0
779,25965,27923,27923,30723,13,0
780,25969,27923,27923,30723,13,0
781,25969,27958,27958,30758,14,1
782,25971,28154,28154,30954,0,0
783,25972,27958,27958,30758,14,1
784,25974,28154,28154,30954,0,0
785,25981,27958,27958,30758,14,1
786,25983,28154,28154,30954,0,0
787,25985,28154,28154,30954,0,0
788,25993,27958,27958,30758,14,1
789,26012,28154,28154,30954,0,0
790,26035,27958,27958,30758,14,1
791,26040,28154,28154,30954,0,0
792,26041,28154,28154,30954,0,0
793,26042,28154,28154,30954,0,0
794,26053,28154,28154,30954,0,0
795,26054,28154,28154,30954,0,0
796,26054,28177,28177,30977,1,1
797,26068,28154,28154,30954,0,0
798,26073,28177,28177,30977,1,1
799,26093,28154,28154,30954,0,0
800,26096,28177,28177,30977,1,1
801,26112,28177,28177,30977,1,1
802,26127,28177,28177,30977,1,1
803,26131,28177,28177,30977,1,1
804,26134,28154,28154,30954,0,0
805,26146,28154,28154,30954,0,0
806,26149,28154,28154,30954,0,0
807,26155,28154,28154,30954,0,0
808,26172,28154,28154,30954,0,0
809,26173,28154,28154,30954,0,0
810,26175,28177,28177,30977,1,1
811,26177,28154,28154,30954,0,0
812,26199,28177,28177,30977,1,1
813,26210,28154,28154,30954,0,0
814,26212,28475,28475,31275,2,0
815,26227,28177,28177,30977,1,1
816,26235,28177,28177,30977,1,1
817,26237,28177,28177,30977,1,1
818,26238,28475,28475,31275,2,0
819,26247,28475,28475,31275,2,0
820,26250,28475,28475,31275,2,0
821,26251,28475,28475,31275,2,0
822,26257,28177,28177,30977,1,1
823,26261,28475,28475,31275,2,0
824,26264,28475,28475,31275,2,0
825,26275,28475,28475,31275,2,0
826,26276,28177,28177,30977,1,1
827,26288,28177,28177,30977,1,1
828,26297,28177,28177,30977,1,1
829,26298,28475,28475,31275,2,0
830,26298,28177,28177,30977,1,1
831,26303,28475,28475,31275,2,0
832,26319,28475,28475,31275,2,0
833,26331,28177,28177,30977,1,1
834,26335,28475,28475,31275,2,0
835,26341,28177,28177,30977,1,1
836,26343,28475,28475,31275,2,0
837,26347,28177,28177,30977,1,1
838,26353,28475,28475,31275,2,0
839,26357,28177,28177,30977,1,1
840,26358,28457,28457,31257,3,1
841,26361,28457,28457,31257,3,1
842,26363,28475,28475,31275,2,0
843,26366,28457,28457,31257,3,1
844,26370,28475,28475,31275,2,0
845,26372,28457,28457,31257,3,1
846,26375,28475,28475,31275,2,0
847,26376,28475,28475,31275,2,0
848,26378,28457,28457,31257,3,1
849,26379,28457,28457,31257,3,1
850,26385,28457,28457,31257,3,1
851,26391,28457,28457,31257,3,1
852,26400,28475,28475,31275,2,0
853,26401,28457,28457,31257,3,1
854,26409,28475,28475,31275,2,0
855,26412,28457,28457,31257,3,1
856,26414,28758,28758,31558,4,0
857,26415,28758,28758,31558,4,0
858,26420,28457,28457,31257,3,1
859,26426,28758,28758,31558,4,0
860,26430,28758,28758,31558,4,0
861,26431,28457,28457,31257,3,1
862,26433,28758,28758,31558,4,0
863,26437,28758,28758,31558,4,0
864,26441,28758,28758,31558,4,0
865,26463,28457,28457,31257,3,1
866,26464,28457,28457,31257,3,1
867,26465,28758,28758,31558,4,0
868,26465,28457,28457,31257,3,1
869,26473,28758,28758,31558,4,0
870,26473,28457,28457,31257,3,1
871,26474,28457,28457,31257,3,1
872,26483,28758,28758,31558,4,0
873,26484,28758,28758,31558,4,0
874,26488,28457,28457,31257,3,1
875,26489,28758,28758,31558,4,0
876,26493,28457,28457,31257,3,1
877,26496,28758,28758,31558,4,0
878,26500,28758,28758,31558,4,0
879,26501,28758,28758,31558,4,0
880,26504,28758,28758,31558,4,0
881,26504,28457,28457,31257,3,1
882,26506,28702,28702,31502,5,1
883,26511,28702,28702,31502,5,1
884,26522,28758,28758,31558,4,0
885,26525,28758,28758,31558,4,0
886,26532,28758,28758,31558,4,0
887,26552,28758,28758,31558,4,0
888,26554,28702,28702,31502,5,1
889,26568,28702,28702,31502,5,1
890,26569,28983,28983,31783,6,0
891,26586,28983,28983,31783,6,0
892,26594,28983,28983,31783,6,0
893,26598,28702,28702,31502,5,1
894,26603,28983,28983,31783,6,0
895,26603,28702,28702,31502,5,1
896,26606,28983,28983,31783,6,0
897,26620,28983,28983,31783,6,0
898,26638,28702,28702,31502,5,1
899,26644,28983,28983,31783,6,0
900,26651,28983,28983,31783,6,0
901,26663,28983,28983,31783,6,0
902,26670,28702,28702,31502,5,1
903,26673,28702,28702,31502,5,1
904,26680,28983,28983,31783,6,0
905,26680,28702,28702,31502,5,1
906,26689,28983,28983,31783,6,0
907,26698,28702,28702,31502,5,1
908,26723,28983,28983,31783,6,0
909,26729,28983,28983,31783,6,0
910,26730,28702,28702,31502,5,1
911,26735,28702,28702,31502,5,1
912,26736,28702,28702,31502,5,1
913,26740,28983,28983,31783,6,0
914,26750,28702,28702,31502,5,1
915,26763,28702,28702,31502,5,1
916,26764,28983,28983,31783,6,0
917,26773,28702,28702,31502,5,1
918,26779,28702,28702,31502,5,1
919,26783,28983,28983,31783,6,0
920,26787,28983,28983,31783,6,0
921,26791,28983,28983,31783,6,0
922,26792,28983,28983,31783,6,0
923,26793,28702,28702,31502,5,1
924,26799,28983,28983,31783,6,0
925,26813,28702,28702,31502,5,1
926,26823,29999,29999,32639,8,0
927,26826,29999,29999,32639,7,1
928,26830,29999,29999,32639,7,1
929,26832,29999,29999,32639,7,1
930,26842,29999,29999,32639,7,1
931,26844,29999,29999,32639,8,0
932,26857,29999,29999,32639,7,1
933,26866,29999,29999,32639,8,0
934,26868,29999,29999,32639,8,0
935,26868,29999,29999,32639,7,1
936,26870,29999,29999,32639,8,0
937,26876,29999,29999,32639,8,0
938,26881,29999,29999,32639,8,0
939,26887,29999,29999,32639,8,0
940,26888,29999,29999,32639,8,0
941,26907,29999,29999,32639,7,1
942,26910,29999,29999,32639,7,1
943,26914,29999,29999,32639,8,0
944,26916,29999,29999,32639,8,0
945,26920,29999,29999,32639,7,1
946,26923,29999,29999,32639,7,1
947,26930,29999,29999,32639,7,1
948,26944,29999,29999,32639,7,1
949,26945,29999,29999,32639,8,0
950,26946,29999,29999,32639,8,0
951,26948,29999,29999,32639,8,0
952,26951,29999,29999,32639,8,0
953,26956,29999,29999,32639,8,0
954,26962,29999,29999,32639,7,1
955,26966,29999,29999,32639,8,0
956,26971,29999,29999,32639,7,1
957,26972,29999,29999,32639,7,1
958,26976,29999,29999,32639,8,0
959,26986,29999,29999,32639,7,1
960,26994,29999,29999,32639,8,0
961,26999,29999,29999,32639,8,0
962,27006,30360,30360,32856,10,0
963,27008,30360,30360,32856,10,0
964,27012,29999,29999,32639,7,1
965,27017,30360,30360,32856,10,0
966,27022,29999,29999,32639,7,1
967,27032,29999,29999,32639,7,1
968,27038,30360,30360,32856,10,0
969,27050,29999,29999,32639,7,1
970,27055,30232,30232,32779,9,1
971,27056,30360,30360,32856,10,0
972,27058,30360,30360,32856,10,0
973,27059,30232,30232,32779,9,1
974,27068,30360,30360,32856,10,0
975,27075,30360,30360,32856,10,0
976,27078,30360,30360,32856,10,0
977,27078,30232,30232,32779,9,1
978,27082,30360,30360,32856,10,0
979,27084,30232,30232,32779,9,1
980,27089,30232,30232,32779,9,1
981,27093,30360,30360,32856,10,0
982,27093,30232,30232,32779,9,1
983,27097,30360,30360,32856,10,0
984,27099,30360,30360,32856,10,0
985,27113,30232,30232,32779,9,1
986,27115,30360,30360,32856,10,0
987,27119,30360,30360,32856,10,0
988,27121,30360,30360,32856,10,0
989,27128,30360,30360,32856,10,0
990,27130,30360,30360,32856,10,0
991,27131,30360,30360,32856,10,0
992,27138,30360,30360,32856,10,0
993,27156,30617,30617,33010,12,0
994,27165,30617,30617,33010,12,0
995,27170,30617,30617,33010,12,0
996,27170,30232,30232,32779,9,1
997,27184,30617,30617,33010,12,0
998,27189,30232,30232,32779,9,1
999,27197,30617,30617,33010,12,0
1000,27204,30232,30232,32779,9,1
1001,27207,30232,30232,32779,9,1
1002,27211,30617,30617,33010,12,0
1003,27214,30617,30617,33010,12,0
1004,27220,30617,30617,33010,12,0
1005,27226,30617,30617,33010,12,0
1006,27229,30617,30617,33010,12,0
1007,27234,30617,30617,33010,12,0
1008,27237,30617,30617,33010,12,0
1009,27240,30232,30232,32779,9,1
1010,27241,30617,30617,33010,12,0
1011,27245,30617,30617,33010,12,0
1012,27255,30232,30232,32779,9,1
1013,27257,30617,30617,33010,12,0
1014,27259,30232,30232,32779,9,1
1015,27263,30617,30617,33010,12,0
1016,27267,30232,30232,32779,9,1
1017,27272,30232,30232,32779,9,1
1018,27275,30617,30617,33010,12,0
1019,27283,30617,30617,33010,12,0
1020,27286,30617,30617,33010,12,0
1021,27301,30617,30617,33010,12,0
1022,27320,30759,30759,33095,14,0
1023,27330,30759,30759,33095,14,0
1024,27337,30232,30232,32779,9,1
1025,27349,30232,30232,32779,9,1
1026,27354,30232,30232,32779,9,1
1027,27360,30759,30759,33095,14,0
1028,27365,30232,30232,32779,9,1
1029,27367,30517,30517,32950,11,1
1030,27385,30759,30759,33095,14,0
1031,27394,30517,30517,32950,11,1
1032,27399,30517,30517,32950,11,1
1033,27404,30517,30517,32950,11,1
1034,27419,30759,30759,33095,14,0
1035,27428,30759,30759,33095,14,0
1036,27429,30517,30517,32950,11,1
1037,27433,30759,30759,33095,14,0
1038,27438,30517,30517,32950,11,1
1039,27441,30759,30759,33095,14,0
1040,27450,30759,30759,33095,14,0
1041,27451,30759,30759,33095,14,0
1042,27451,30517,30517,32950,11,1
1043,27457,30759,30759,33095,14,0
1044,27468,30759,30759,33095,14,0
1045,27470,30759,30759,33095,14,0
1046,27478,30759,30759,33095,14,0
1047,27485,30759,30759,33095,14,0
1048,27487,30517,30517,32950,11,1
1049,27493,30517,30517,32950,11,1
1050,27500,30517,30517,32950,11,1
1051,27507,30759,30759,33095,14,0
1052,27513,30517,30517,32950,11,1
1053,27524,30517,30517,32950,11,1
1054,27529,30759,30759,33095,14,0
1055,27533,30517,30517,32950,11,1
1056,27537,30517,30517,32950,11,1
1057,27541,30517,30517,32950,11,1
1058,27544,30759,30759,33095,14,0
1059,27555,30759,30759,33095,14,0
1060,27560,30759,30759,33095,14,0
1061,27568,30517,30517,32950,11,1
1062,27574,30978,30978,33226,1,0
1063,27576,30978,30978,33226,1,0
1064,27583,30978,30978,33226,1,0
1065,27596,30517,30517,32950,11,1
1066,27599,30517,30517,32950,11,1
1067,27609,30978,30978,33226,1,0
1068,27615,30978,30978,33226,1,0
1069,27623,30517,30517,32950,11,1
1070,27627,30978,30978,33226,1,0
1071,27629,30517,30517,32950,11,1
1072,27640,30978,30978,33226,1,0
1073,27653,30978,30978,33226,1,0
1074,27656,30978,30978,33226,1,0
1075,27666,30724,30724,33074,13,1
1076,27669,30724,30724,33074,13,1
1077,27670,30724,30724,33074,13,1
1078,27678,30978,30978,33226,1,0
1079,27680,30978,30978,33226,1,0
1080,27692,30978,30978,33226,1,0
1081,27695,30724,30724,33074,13,1
1082,27696,30978,30978,33226,1,0
1083,27696,30724,30724,33074,13,1
1084,27700,30978,30978,33226,1,0
1085,27703,30978,30978,33226,1,0
1086,27706,30724,30724,33074,13,1
1087,27721,30978,30978,33226,1,0
1088,27731,30978,30978,33226,1,0
1089,27732,30978,30978,33226,1,0
1090,27732,30724,30724,33074,13,1
1091,27733,30724,30724,33074,13,1
1092,27734,30724,30724,33074,13,1
1093,27735,30978,30978,33226,1,0
1094,27751,30724,30724,33074,13,1
1095,27753,30978,30978,33226,1,0
1096,27757,31258,31258,33394,3,0
1097,27757,30724,30724,33074,13,1
1098,27786,30724,30724,33074,13,1
1099,27787,31258,31258,33394,3,0
1100,27793,30724,30724,33074,13,1
1101,27812,30724,30724,33074,13,1
1102,27813,30724,30724,33074,13,1
1103,27817,30724,30724,33074,13,1
1104,27819,30724,30724,33074,13,1
1105,27829,30724,30724,33074,13,1
1106,27841,31258,31258,33394,3,0
1107,27844,31258,31258,33394,3,0
1108,27857,30724,30724,33074,13,1
1109,27859,31258,31258,33394,3,0
1110,27860,30724,30724,33074,13,1
1111,27872,31258,31258,33394,3,0
1112,27874,31258,31258,33394,3,0
1113,27875,30955,30955,33213,0,1
1114,27876,31258,31258,33394,3,0
1115,27879,30955,30955,33213,0,1
1116,27882,31258,31258,33394,3,0
1117,27897,30955,30955,33213,0,1
1118,27898,31258,31258,33394,3,0
1119,27915,31258,31258,33394,3,0
1120,27938,30955,30955,33213,0,1
1121,27943,30955,30955,33213,0,1
1122,27968,31258,31258,33394,3,0
1123,27972,30955,30955,33213,0,1
1124,27988,31258,31258,33394,3,0
1125,27994,31258,31258,33394,3,0
1126,28000,30955,30955,33213,0,1
1127,28004,30955,30955,33213,0,1
1128,28015,30955,30955,33213,0,1
1129,28019,31258,31258,33394,3,0
1130,28031,31258,31258,33394,3,0
1131,28036,31258,31258,33394,3,0
1132,28052,31258,31258,33394,3,0
1133,28053,30955,30955,33213,0,1
1134,28058,30955,30955,33213,0,1
1135,28064,31258,31258,33394,3,0
1136,28070,30955,30955,33213,0,1
1137,28074,30955,30955,33213,0,1
1138,28086,30955,30955,33213,0,1
1139,28098,31258,31258,33394,3,0
1140,28102,30955,30955,33213,0,1
1141,28107,31503,31503,33541,5,0
1142,28113,31503,31503,33541,5,0
1143,28125,30955,30955,33213,0,1
1144,28128,31503,31503,33541,5,0
1145,28142,30955,30955,33213,0,1
1146,28143,30955,30955,33213,0,1
1147,28146,30955,30955,33213,0,1
1148,28149,30955,30955,33213,0,1
1149,28154,31503,31503,33541,5,0
1150,28155,31503,31503,33541,5,0
1151,28159,31276,31276,33405,2,1
1152,28162,31276,31276,33405,2,1
1153,28181,31503,31503,33541,5,0
1154,28183,31276,31276,33405,2,1
1155,28190,31276,31276,33405,2,1
1156,28191,31503,31503,33541,5,0
1157,28191,31276,31276,33405,2,1
1158,28198,31503,31503,33541,5,0
1159,28205,31276,31276,33405,2,1
1160,28220,31503,31503,33541,5,0
1161,28220,31276,31276,33405,2,1
1162,28226,31276,31276,33405,2,1
1163,28228,31276,31276,33405,2,1
1164,28230,31276,31276,33405,2,1
1165,28236,31503,31503,33541,5,0
1166,28243,31276,31276,33405,2,1
1167,28246,31503,31503,33541,5,0
1168,28251,31503,31503,33541,5,0
1169,28255,31503,31503,33541,5,0
1170,28279,31276,31276,33405,2,1
1171,28296,31276,31276,33405,2,1
1172,28310,31503,31503,33541,5,0
1173,28320,31503,31503,33541,5,0
1174,28334,31503,31503,33541,5,0
1175,28335,31503,31503,33541,5,0
1176,28336,31276,31276,33405,2,1
1177,28339,31276,31276,33405,2,1
1178,28352,31503,31503,33541,5,0
1179,28368,31276,31276,33405,2,1
1180,28374,31503,31503,33541,5,0
1181,28375,31276,31276,33405,2,1
1182,28381,31503,31503,33541,5,0
1183,28392,32640,32640,34320,7,0
1184,28394,32640,32640,34320,7,0
1185,28401,32640,32640,34320,7,0
1186,28410,32640,32640,34320,7,0
1187,28410,31276,31276,33405,2,1
1188,28411,32640,32640,34320,7,0
1189,28411,31276,31276,33405,2,1
1190,28412,31276,31276,33405,2,1
1191,28428,31559,31559,33575,4,1
1192,28433,31559,31559,33575,4,1
1193,28439,31559,31559,33575,4,1
1194,28445,31559,31559,33575,4,1
1195,28446,31559,31559,33575,4,1
1196,28459,32640,32640,34320,7,0
1197,28462,32640,32640,34320,7,0
1198,28463,31559,31559,33575,4,1
1199,28488,32640,32640,34320,7,0
1200,28488,31559,31559,33575,4,1
1201,28495,31559,31559,33575,4,1
1202,28500,32640,32640,34320,7,0
1203,28509,31559,31559,33575,4,1
1204,28517,31559,31559,33575,4,1
1205,28524,32640,32640,34320,7,0
1206,28529,32640,32640,34320,7,0
1207,28547,31559,31559,33575,4,1
1208,28553,32640,32640,34320,7,0
1209,28556,32640,32640,34320,7,0
1210,28573,31559,31559,33575,4,1
1211,28575,32640,32640,34320,7,0
1212,28585,32640,32640,34320,7,0
1213,28593,32640,32640,34320,7,0
1214,28599,32640,32640,34320,7,0
1215,28602,31559,31559,33575,4,1
1216,28610,32640,32640,34320,7,0
1217,28614,31559,31559,33575,4,1
1218,28623,32640,32640,34320,7,0
1219,28626,32640,32640,34320,7,0
1220,28626,31559,31559,33575,4,1
1221,28633,31559,31559,33575,4,1
1222,28637,32780,32780,34460,9,0
1223,28655,32780,32780,34460,9,0
1224,28661,31559,31559,33575,4,1
1225,28674,32780,32780,34460,9,0
1226,28680,31559,31559,33575,4,1
1227,28685,32780,32780,34460,9,0
1228,28686,31559,31559,33575,4,1
1229,28693,32780,32780,34460,9,0
1230,28697,31559,31559,33575,4,1
1231,28699,31784,31784,33710,6,1
1232,28705,32780,32780,34460,9,0
1233,28711,31784,31784,33710,6,1
1234,28719,32780,32780,34460,9,0
1235,28724,31784,31784,33710,6,1
1236,28725,31784,31784,33710,6,1
1237,28726,32780,32780,34460,9,0
1238,28729,31784,31784,33710,6,1
1239,28740,31784,31784,33710,6,1
1240,28746,32780,32780,34460,9,0
1241,28747,32780,32780,34460,9,0
1242,28753,31784,31784,33710,6,1
1243,28759,31784,31784,33710,6,1
1244,28763,32780,32780,34460,9,0
1245,28778,32780,32780,34460,9,0
1246,28779,31784,31784,33710,6,1
1247,28780,31784,31784,33710,6,1
1248,28792,32780,32780,34460,9,0
1249,28794,31784,31784,33710,6,1
1250,28804,31784,31784,33710,6,1
1251,28812,31784,31784,33710,6,1
1252,28815,31784,31784,33710,6,1
1253,28830,32780,32780,34460,9,0
1254,28847,31784,31784,33710,6,1
1255,28859,32780,32780,34460,9,0
1256,28865,32780,32780,34460,9,0
1257,28872,32780,32780,34460,9,0
1258,28873,32780,32780,34460,9,0
1259,28878,32780,32780,34460,9,0
1260,28879,32780,32780,34460,9,0
1261,28883,31784,31784,33710,6,1
1262,28895,32951,32951,34631,11,0
1263,28900,31784,31784,33710,6,1
1264,28907,32951,32951,34631,11,0
1265,28909,32951,32951,34631,11,0
1266,28926,32951,32951,34631,11,0
1267,28932,32951,32951,34631,11,0
1268,28938,32951,32951,34631,11,0
1269,28938,31784,31784,33710,6,1
1270,28948,32951,32951,34631,11,0
1271,28950,32951,32951,34631,11,0
1272,28950,31784,31784,33710,6,1
1273,28953,32951,32951,34631,11,0
1274,28958,31784,31784,33710,6,1
1275,28987,32951,32951,34631,11,0
1276,28988,32640,32640,34320,8,1
1277,28989,32951,32951,34631,11,0
1278,28995,32640,32640,34320,8,1
1279,29004,32951,32951,34631,11,0
1280,29007,32640,32640,34320,8,1
1281,29019,32951,32951,34631,11,0
1282,29024,32640,32640,34320,8,1
1283,29025,32640,32640,34320,8,1
1284,29036,32640,32640,34320,8,1
1285,29038,32640,32640,34320,8,1
1286,29041,32951,32951,34631,11,0
1287,29052,32640,32640,34320,8,1
1288,29053,32951,32951,34631,11,0
1289,29060,32640,32640,34320,8,1
1290,29064,32640,32640,34320,8,1
1291,29065,32951,32951,34631,11,0
1292,29069,32951,32951,34631,11,0
1293,29070,32951,32951,34631,11,0
1294,29074,32951,32951,34631,11,0
1295,29091,32951,32951,34631,11,0
1296,29092,32640,32640,34320,8,1
1297,29101,32640,32640,34320,8,1
1298,29106,32640,32640,34320,8,1
1299,29113,32640,32640,34320,8,1
1300,29120,33075,33075,34755,13,0
1301,29121,32640,32640,34320,8,1
1302,29123,33075,33075,34755,13,0
1303,29125,32640,32640,34320,8,1
1304,29135,33075,33075,34755,13,0
1305,29136,32640,32640,34320,8,1
1306,29147,32640,32640,34320,8,1
1307,29148,32640,32640,34320,8,1
1308,29160,32640,32640,34320,8,1
1309,29174,33075,33075,34755,13,0
1310,29195,33075,33075,34755,13,0
1311,29197,33075,33075,34755,13,0
1312,29198,32857,32857,34537,10,1
1313,29200,33075,33075,34755,13,0
1314,29202,33075,33075,34755,13,0
1315,29208,33075,33075,34755,13,0
1316,29209,32857,32857,34537,10,1
1317,29215,32857,32857,34537,10,1
1318,29218,33075,33075,34755,13,0
1319,29223,33075,33075,34755,13,0
1320,29228,33075,33075,34755,13,0
1321,29234,32857,32857,34537,10,1
1322,29235,32857,32857,34537,10,1
1323,29255,33075,33075,34755,13,0
1324,29268,33075,33075,34755,13,0
1325,29272,33075,33075,34755,13,0
1326,29273,33075,33075,34755,13,0
1327,29274,33075,33075,34755,13,0
1328,29276,33075,33075,34755,13,0
1329,29277,33075,33075,34755,13,0
1330,29281,32857,32857,34537,10,1
1331,29282,33075,33075,34755,13,0
1332,29288,33214,33214,34894,0,0
1333,29306,33214,33214,34894,0,0
1334,29308,33214,33214,34894,0,0
1335,29320,33214,33214,34894,0,0
1336,29320,32857,32857,34537,10,1
1337,29322,33214,33214,34894,0,0
1338,29334,33214,33214,34894,0,0
1339,29341,33214,33214,34894,0,0
1340,29343,33214,33214,34894,0,0
1341,29345,32857,32857,34537,10,1
1342,29356,33214,33214,34894,0,0
1343,29358,33214,33214,34894,0,0
1344,29361,32857,32857,34537,10,1
1345,29362,33214,33214,34894,0,0
1346,29366,33214,33214,34894,0,0
1347,29372,32857,32857,34537,10,1
1348,29380,32857,32857,34537,10,1
1349,29381,33214,33214,34894,0,0
1350,29382,32857,32857,34537,10,1
1351,29386,32857,32857,34537,10,1
1352,29428,32857,32857,34537,10,1
1353,29442,32857,32857,34537,10,1
1354,29447,33214,33214,34894,0,0
1355,29454,32857,32857,34537,10,1
1356,29455,33214,33214,34894,0,0
1357,29464,33214,33214,34894,0,0
1358,29464,32857,32857,34537,10,1
1359,29466,33214,33214,34894,0,0
1360,29468,33214,33214,34894,0,0
1361,29471,32857,32857,34537,10,1
1362,29496,33214,33214,34894,0,0
1363,29504,32857,32857,34537,10,1
1364,29506,32857,32857,34537,10,1
1365,29508,33011,33011,34691,12,1
1366,29513,33011,33011,34691,12,1
1367,29514,33214,33214,34894,0,0
1368,29522,33011,33011,34691,12,1
1369,29523,33406,33406,35086,2,0
1370,29527,33011,33011,34691,12,1
1371,29532,33011,33011,34691,12,1
1372,29534,33406,33406,35086,2,0
1373,29537,33406,33406,35086,2,0
1374,29541,33011,33011,34691,12,1
1375,29542,33406,33406,35086,2,0
1376,29543,33406,33406,35086,2,0
1377,29544,33011,33011,34691,12,1
1378,29545,33406,33406,35086,2,0
1379,29572,33406,33406,35086,2,0
1380,29574,33011,33011,34691,12,1
1381,29581,33011,33011,34691,12,1
1382,29586,33011,33011,34691,12,1
1383,29587,33011,33011,34691,12,1
1384,29588,33406,33406,35086,2,0
1385,29603,33011,33011,34691,12,1
1386,29605,33011,33011,34691,12,1
1387,29618,33406,33406,35086,2,0
1388,29619,33011,33011,34691,12,1
1389,29626,33406,33406,35086,2,0
1390,29629,33011,33011,34691,12,1
1391,29632,33011,33011,34691,12,1
1392,29637,33011,33011,34691,12,1
1393,29638,33406,33406,35086,2,0
1394,29644,33011,33011,34691,12,1
1395,29647,33406,33406,35086,2,0
1396,29654,33406,33406,35086,2,0
1397,29654,33011,33011,34691,12,1
1398,29655,33011,33011,34691,12,1
1399,29657,33096,33096,34776,14,1
1400,29658,33096,33096,34776,14,1
1401,29662,33096,33096,34776,14,1
1402,29664,33406,33406,35086,2,0
1403,29676,33096,33096,34776,14,1
1404,29678,33406,33406,35086,2,0
1405,29679,33406,33406,35086,2,0
1406,29680,33096,33096,34776,14,1
1407,29681,33096,33096,34776,14,1
1408,29688,33096,33096,34776,14,1
1409,29692,33406,33406,35086,2,0
1410,29693,33096,33096,34776,14,1
1411,29699,33406,33406,35086,2,0
1412,29700,33406,33406,35086,2,0
1413,29704,33096,33096,34776,14,1
1414,29705,33406,33406,35086,2,0
1415,29713,33576,33576,35256,4,0
1416,29714,33576,33576,35256,4,0
1417,29729,33096,33096,34776,14,1
1418,29730,33096,33096,34776,14,1
1419,29733,33096,33096,34776,14,1
1420,29739,33576,33576,35256,4,0
1421,29741,33096,33096,34776,14,1
1422,29744,33576,33576,35256,4,0
1423,29753,33096,33096,34776,14,1
1424,29756,33576,33576,35256,4,0
1425,29757,33576,33576,35256,4,0
1426,29767,33576,33576,35256,4,0
1427,29767,33096,33096,34776,14,1
1428,29769,33576,33576,35256,4,0
1429,29781,33096,33096,34776,14,1
1430,29782,33096,33096,34776,14,1
1431,29795,33576,33576,35256,4,0
1432,29801,33096,33096,34776,14,1
1433,29811,33096,33096,34776,14,1
1434,29814,33576,33576,35256,4,0
1435,29815,33576,33576,35256,4,0
1436,29830,33576,33576,35256,4,0
1437,29833,33576,33576,35256,4,0
1438,29843,33096,33096,34776,14,1
1439,29844,33576,33576,35256,4,0
1440,29846,33576,33576,35256,4,0
1441,29852,33576,33576,35256,4,0
1442,29853,33576,33576,35256,4,0
1443,29867,33227,33227,34907,1,1
1444,29884,33576,33576,35256,4,0
1445,29889,33576,33576,35256,4,0
1446,29890,33227,33227,34907,1,1
1447,29893,33576,33576,35256,4,0
1448,29894,33227,33227,34907,1,1
1449,29896,33711,33711,35391,6,0
1450,29901,33711,33711,35391,6,0
1451,29907,33711,33711,35391,6,0
1452,29915,33711,33711,35391,6,0
1453,29925,33227,33227,34907,1,1
1454,29938,33711,33711,35391,6,0
1455,29947,33711,33711,35391,6,0
1456,29949,33711,33711,35391,6,0
1457,29958,33711,33711,35391,6,0
1458,29960,33227,33227,34907,1,1
1459,29975,33227,33227,34907,1,1
1460,29976,33711,33711,35391,6,0
1461,29993,33711,33711,35391,6,0
1462,29994,33227,33227,34907,1,1
1463,30007,33227,33227,34907,1,1
1464,30013,33711,33711,35391,6,0
1465,30018,33227,33227,34907,1,1
1466,30026,33711,33711,35391,6,0
1467,30032,33227,33227,34907,1,1
1468,30042,33711,33711,35391,6,0
1469,30047,33227,33227,34907,1,1
1470,30048,33711,33711,35391,6,0
1471,30048,33227,33227,34907,1,1
1472,30049,33711,33711,35391,6,0
1473,30058,33711,33711,35391,6,0
1474,30081,33227,33227,34907,1,1
1475,30090,33227,33227,34907,1,1
1476,30114,33227,33227,34907,1,1
1477,30117,33227,33227,34907,1,1
1478,30133,33227,33227,34907,1,1
1479,30135,33227,33227,34907,1,1
1480,30146,33711,33711,35391,6,0
1481,30148,33711,33711,35391,6,0
1482,30157,33711,33711,35391,6,0
1483,30168,33227,33227,34907,1,1
1484,30178,33227,33227,34907,1,1
1485,30193,33395,33395,35075,3,1
1486,30200,33395,33395,35075,3,1
1487,30227,33395,33395,35075,3,1
1488,30230,33395,33395,35075,3,1
1489,30241,33711,33711,35391,6,0
1490,30245,34321,34321,36001,8,0
1491,30247,34321,34321,36001,8,0
1492,30249,33395,33395,35075,3,1
1493,30253,34321,34321,36001,8,0
1494,30267,33395,33395,35075,3,1
1495,30269,34321,34321,36001,8,0
1496,30270,34321,34321,36001,8,0
1497,30270,33395,33395,35075,3,1
1498,30275,34321,34321,36001,8,0
1499,30283,34321,34321,36001,8,0
1500,30285,34321,34321,36001,8,0
1501,30289,34321,34321,36001,8,0
1502,30292,33395,33395,35075,3,1
1503,30293,34321,34321,36001,8,0
1504,30301,33395,33395,35075,3,1
1505,30310,33395,33395,35075,3,1
1506,30314,34321,34321,36001,8,0
1507,30316,34321,34321,36001,8,0
1508,30322,33395,33395,35075,3,1
1509,30327,33395,33395,35075,3,1
1510,30329,33395,33395,35075,3,1
1511,30340,33395,33395,35075,3,1
1512,30341,33395,33395,35075,3,1
1513,30343,34321,34321,36001,8,0
1514,30354,33395,33395,35075,3,1
1515,30368,34321,34321,36001,8,0
1516,30371,34321,34321,36001,8,0
1517,30373,34321,34321,36001,8,0
1518,30380,33395,33395,35075,3,1
1519,30394,34321,34321,36001,8,0
1520,30396,33395,33395,35075,3,1
1521,30400,34321,34321,36001,8,0
1522,30425,33395,33395,35075,3,1
1523,30435,33395,33395,35075,3,1
1524,30456,33542,33542,35222,5,1
1525,30457,34321,34321,36001,8,0
1526,30461,33542,33542,35222,5,1
1527,30465,33542,33542,35222,5,1
1528,30467,33542,33542,35222,5,1
1529,30471,33542,33542,35222,5,1
1530,30473,33542,33542,35222,5,1
1531,30475,33542,33542,35222,5,1
1532,30476,34321,34321,36001,8,0
1533,30493,33542,33542,35222,5,1
1534,30495,34538,34538,36218,10,0
1535,30502,34538,34538,36218,10,0
1536,30509,34538,34538,36218,10,0
1537,30509,33542,33542,35222,5,1
1538,30512,34538,34538,36218,10,0
1539,30521,33542,33542,35222,5,1
1540,30526,34538,34538,36218,10,0
1541,30540,34538,34538,36218,10,0
1542,30542,34538,34538,36218,10,0
1543,30543,33542,33542,35222,5,1
1544,30553,34538,34538,36218,10,0
1545,30554,34538,34538,36218,10,0
1546,30569,33542,33542,35222,5,1
1547,30572,34538,34538,36218,10,0
1548,30584,34538,34538,36218,10,0
1549,30593,34538,34538,36218,10,0
1550,30607,34538,34538,36218,10,0
1551,30611,34538,34538,36218,10,0
1552,30616,33542,33542,35222,5,1
1553,30617,34538,34538,36218,10,0
1554,30619,34538,34538,36218,10,0
1555,30624,33542,33542,35222,5,1
1556,30625,34538,34538,36218,10,0
1557,30632,33542,33542,35222,5,1
1558,30634,33542,33542,35222,5,1
1559,30643,33542,33542,35222,5,1
1560,30654,33542,33542,35222,5,1
1561,30655,34538,34538,36218,10,0
1562,30663,33542,33542,35222,5,1
1563,30665,33542,33542,35222,5,1
1564,30666,34538,34538,36218,10,0
1565,30682,34321,34321,36001,7,1
1566,30683,34538,34538,36218,10,0
1567,30685,34321,34321,36001,7,1
1568,30687,34692,34692,36372,12,0
1569,30688,34692,34692,36372,12,0
1570,30697,34692,34692,36372,12,0
1571,30700,34321,34321,36001,7,1
1572,30702,34692,34692,36372,12,0
1573,30703,34321,34321,36001,7,1
1574,30708,34321,34321,36001,7,1
1575,30712,34321,34321,36001,7,1
1576,30717,34321,34321,36001,7,1
1577,30727,34692,34692,36372,12,0
1578,30727,34321,34321,36001,7,1
1579,30737,34692,34692,36372,12,0
1580,30742,34692,34692,36372,12,0
1581,30746,34321,34321,36001,7,1
1582,30749,34321,34321,36001,7,1
1583,30759,34692,34692,36372,12,0
1584,30761,34321,34321,36001,7,1
1585,30762,34692,34692,36372,12,0
1586,30763,34321,34321,36001,7,1
1587,30764,34321,34321,36001,7,1
1588,30769,34321,34321,36001,7,1
1589,30771,34692,34692,36372,12,0
1590,30778,34321,34321,36001,7,1
1591,30792,34321,34321,36001,7,1
1592,30793,34321,34321,36001,7,1
1593,30796,34321,34321,36001,7,1
1594,30798,34692,34692,36372,12,0
1595,30800,34692,34692,36372,12,0
1596,30802,34321,34321,36001,7,1
1597,30813,34692,34692,36372,12,0
1598,30826,34321,34321,36001,7,1
1599,30827,34692,34692,36372,12,0
1600,30836,34692,34692,36372,12,0
1601,30837,34692,34692,36372,12,0
1602,30840,34692,34692,36372,12,0
1603,30841,34461,34461,36141,9,1
1604,30846,34692,34692,36372,12,0
1605,30851,34692,34692,36372,12,0
1606,30859,34461,34461,36141,9,1
1607,30863,34692,34692,36372,12,0
1608,30868,34461,34461,36141,9,1
1609,30873,34461,34461,36141,9,1
1610,30883,34777,34777,36457,14,0
1611,30884,34777,34777,36457,14,0
1612,30890,34461,34461,36141,9,1
1613,30891,34777,34777,36457,14,0
1614,30903,34461,34461,36141,9,1
1615,30906,34461,34461,36141,9,1
1616,30909,34461,34461,36141,9,1
1617,30913,34461,34461,36141,9,1
1618,30923,34777,34777,36457,14,0
1619,30928,34777,34777,36457,14,0
1620,30939,34777,34777,36457,14,0
1621,30940,34461,34461,36141,9,1
1622,30944,34777,34777,36457,14,0
1623,30947,34461,34461,36141,9,1
1624,30961,34777,34777,36457,14,0
1625,30963,34777,34777,36457,14,0
1626,30964,34777,34777,36457,14,0
1627,30984,34777,34777,36457,14,0
1628,30985,34461,34461,36141,9,1
1629,30988,34777,34777,36457,14,0
1630,30996,34461,34461,36141,9,1
1631,30997,34777,34777,36457,14,0
1632,31008,34777,34777,36457,14,0
1633,31014,34777,34777,36457,14,0
1634,31029,34461,34461,36141,9,1
1635,31033,34777,34777,36457,14,0
1636,31034,34777,34777,36457,14,0
1637,31035,34777,34777,36457,14,0
1638,31038,34461,34461,36141,9,1
1639,31058,34461,34461,36141,9,1
1640,31063,34777,34777,36457,14,0
1641,31070,34777,34777,36457,14,0
1642,31072,34908,34908,36588,1,0
1643,31073,34461,34461,36141,9,1
1644,31087,34461,34461,36141,9,1
1645,31094,34461,34461,36141,9,1
1646,31096,34461,34461,36141,9,1
1647,31097,34908,34908,36588,1,0
1648,31098,34908,34908,36588,1,0
1649,31098,34632,34632,36312,11,1
1650,31103,34908,34908,36588,1,0
1651,31107,34908,34908,36588,1,0
1652,31110,34908,34908,36588,1,0
1653,31112,34632,34632,36312,11,1
1654,31119,34632,34632,36312,11,1
1655,31125,34632,34632,36312,11,1
1656,31133,34632,34632,36312,11,1
1657,31140,34632,34632,36312,11,1
1658,31170,34632,34632,36312,11,1
1659,31177,34908,34908,36588,1,0
1660,31185,34632,34632,36312,11,1
1661,31188,34908,34908,36588,1,0
1662,31189,34632,34632,36312,11,1
1663,31194,34908,34908,36588,1,0
1664,31206,34908,34908,36588,1,0
1665,31209,34908,34908,36588,1,0
1666,31211,34632,34632,36312,11,1
1667,31219,34908,34908,36588,1,0
1668,31239,34632,34632,36312,11,1
1669,31245,34908,34908,36588,1,0
1670,31247,34908,34908,36588,1,0
1671,31254,34908,34908,36588,1,0
1672,31263,34632,34632,36312,11,1
1673,31285,34632,34632,36312,11,1
1674,31287,34908,34908,36588,1,0
1675,31288,34908,34908,36588,1,0
1676,31293,34908,34908,36588,1,0
1677,31295,34632,34632,36312,11,1
1678,31308,34632,34632,36312,11,1
1679,31321,34908,34908,36588,1,0
1680,31326,34908,34908,36588,1,0
1681,31342,35076,35076,36756,3,0
1682,31352,34632,34632,36312,11,1
1683,31354,35076,35076,36756,3,0
1684,31375,34632,34632,36312,11,1
1685,31385,35076,35076,36756,3,0
1686,31394,34632,34632,36312,11,1
1687,31411,35076,35076,36756,3,0
1688,31418,34632,34632,36312,11,1
1689,31427,35076,35076,36756,3,0
1690,31432,35076,35076,36756,3,0
1691,31440,34632,34632,36312,11,1
1692,31469,35076,35076,36756,3,0
1693,31471,34756,34756,36436,13,1
1694,31477,34756,34756,36436,13,1
1695,31482,35076,35076,36756,3,0
1696,31488,35076,35076,36756,3,0
1697,31491,35076,35076,36756,3,0
1698,31492,35076,35076,36756,3,0
1699,31510,34756,34756,36436,13,1
1700,31512,34756,34756,36436,13,1
1701,31513,35076,35076,36756,3,0
1702,31513,34756,34756,36436,13,1
1703,31514,34756,34756,36436,13,1
1704,31521,35076,35076,36756,3,0
1705,31526,34756,34756,36436,13,1
1706,31533,35076,35076,36756,3,0
1707,31549,34756,34756,36436,13,1
1708,31564,35076,35076,36756,3,0
1709,31569,35076,35076,36756,3,0
1710,31569,34756,34756,36436,13,1
1711,31578,34756,34756,36436,13,1
1712,31580,35076,35076,36756,3,0
1713,31580,34756,34756,36436,13,1
1714,31583,35076,35076,36756,3,0
1715,31592,34756,34756,36436,13,1
1716,31596,35076,35076,36756,3,0
1717,31601,35076,35076,36756,3,0
1718,31611,34756,34756,36436,13,1
1719,31617,34756,34756,36436,13,1
1720,31624,34756,34756,36436,13,1
1721,31627,35223,35223,36903,5,0
1722,31630,35223,35223,36903,5,0
1723,31636,35223,35223,36903,5,0
1724,31637,35223,35223,36903,5,0
1725,31639,35223,35223,36903,5,0
1726,31652,34756,34756,36436,13,1
1727,31655,35223,35223,36903,5,0
1728,31662,34756,34756,36436,13,1
1729,31667,35223,35223,36903,5,0
1730,31674,34756,34756,36436,13,1
1731,31675,35223,35223,36903,5,0
1732,31676,35223,35223,36903,5,0
1733,31686,35223,35223,36903,5,0
1734,31687,35223,35223,36903,5,0
1735,31688,34756,34756,36436,13,1
1736,31695,35223,35223,36903,5,0
1737,31695,34756,34756,36436,13,1
1738,31698,34895,34895,36575,0,1
1739,31708,35223,35223,36903,5,0
1740,31728,35223,35223,36903,5,0
1741,31728,34895,34895,36575,0,1
1742,31734,34895,34895,36575,0,1
1743,31735,34895,34895,36575,0,1
1744,31738,34895,34895,36575,0,1
1745,31746,34895,34895,36575,0,1
1746,31753,34895,34895,36575,0,1
1747,31754,34895,34895,36575,0,1
1748,31755,34895,34895,36575,0,1
1749,31760,34895,34895,36575,0,1
1750,31761,35223,35223,36903,5,0
1751,31770,35223,35223,36903,5,0
1752,31774,34895,34895,36575,0,1
1753,31779,34895,34895,36575,0,1
1754,31783,34895,34895,36575,0,1
1755,31792,34895,34895,36575,0,1
1756,31797,35223,35223,36903,5,0
1757,31802,34895,34895,36575,0,1
1758,31812,34895,34895,36575,0,1
1759,31817,34895,34895,36575,0,1
1760,31818,34895,34895,36575,0,1
1761,31829,34895,34895,36575,0,1
1762,31832,35223,35223,36903,5,0
1763,31834,34895,34895,36575,0,1
1764,31836,35087,35087,36767,2,1
1765,31843,35223,35223,36903,5,0
1766,31857,35087,35087,36767,2,1
1767,31862,35223,35223,36903,5,0
1768,31866,36002,36002,37682,7,0
1769,31867,35087,35087,36767,2,1
1770,31871,36002,36002,37682,7,0
1771,31882,35087,35087,36767,2,1
1772,31884,36002,36002,37682,7,0
1773,31893,35087,35087,36767,2,1
1774,31898,36002,36002,37682,7,0
1775,31902,35087,35087,36767,2,1
1776,31906,35087,35087,36767,2,1
1777,31913,35087,35087,36767,2,1
1778,31915,36002,36002,37682,7,0
1779,31917,36002,36002,37682,7,0
1780,31937,36002,36002,37682,7,0
1781,31938,35087,35087,36767,2,1
1782,31939,35087,35087,36767,2,1
1783,31941,36002,36002,37682,7,0
1784,31943,36002,36002,37682,7,0
1785,31952,35087,35087,36767,2,1
1786,31965,35087,35087,36767,2,1
1787,31971,36002,36002,37682,7,0
1788,31973,35087,35087,36767,2,1
1789,31975,35087,35087,36767,2,1
1790,31979,35087,35087,36767,2,1
1791,31987,36002,36002,37682,7,0
1792,31987,35087,35087,36767,2,1
1793,31994,35087,35087,36767,2,1
1794,32005,36002,36002,37682,7,0
1795,32011,36002,36002,37682,7,0
1796,32022,35087,35087,36767,2,1
1797,32036,36002,36002,37682,7,0
1798,32038,36002,36002,37682,7,0
1799,32052,35087,35087,36767,2,1
1800,32055,35087,35087,36767,2,1
1801,32077,35257,35257,36937,4,1
1802,32080,35257,35257,36937,4,1
1803,32081,36002,36002,37682,7,0
1804,32082,36002,36002,37682,7,0
1805,32082,35257,35257,36937,4,1
1806,32089,36002,36002,37682,7,0
1807,32097,35257,35257,36937,4,1
1808,32103,36002,36002,37682,7,0
1809,32104,35257,35257,36937,4,1
1810,32106,36002,36002,37682,7,0
1811,32109,36142,36142,37822,9,0
1812,32123,35257,35257,36937,4,1
1813,32137,36142,36142,37822,9,0
1814,32149,35257,35257,36937,4,1
1815,32160,36142,36142,37822,9,0
1816,32168,36142,36142,37822,9,0
1817,32175,35257,35257,36937,4,1
1818,32177,36142,36142,37822,9,0
1819,32179,36142,36142,37822,9,0
1820,32179,35257,35257,36937,4,1
1821,32195,36142,36142,37822,9,0
1822,32197,36142,36142,37822,9,0
1823,32203,36142,36142,37822,9,0
1824,32238,36142,36142,37822,9,0
1825,32243,36142,36142,37822,9,0
1826,32254,36142,36142,37822,9,0
1827,32263,36142,36142,37822,9,0
1828,32269,35257,35257,36937,4,1
1829,32277,36142,36142,37822,9,0
1830,32287,35257,35257,36937,4,1
1831,32290,36142,36142,37822,9,0
1832,32295,35257,35257,36937,4,1
1833,32296,35257,35257,36937,4,1
1834,32302,36142,36142,37822,9,0
1835,32304,36142,36142,37822,9,0
1836,32316,35257,35257,36937,4,1
1837,32317,36142,36142,37822,9,0
1838,32319,36142,36142,37822,9,0
1839,32323,35257,35257,36937,4,1
1840,32332,35257,35257,36937,4,1
1841,32339,36142,36142,37822,9,0
1842,32346,36313,36313,37993,11,0
1843,32356,36313,36313,37993,11,0
1844,32357,35257,35257,36937,4,1
1845,32372,36313,36313,37993,11,0
1846,32374,35257,35257,36937,4,1
1847,32388,36313,36313,37993,11,0
1848,32392,36313,36313,37993,11,0
1849,32397,36313,36313,37993,11,0
1850,32529,36313,36313,37993,11,0
1851,32586,36313,36313,37993,11,0
1852,32601,35257,35257,36937,4,1
1853,32702,35257,35257,36937,4,1
1854,32720,35392,35392,37072,6,1
1855,32722,35392,35392,37072,6,1
1856,32783,36313,36313,37993,11,0
1857,32987,36313,36313,37993,11,0
1858,33020,35392,35392,37072,6,1
1859,33036,35392,35392,37072,6,1
1860,33050,35392,35392,37072,6,1
1861,33056,35392,35392,37072,6,1
1862,33069,35392,35392,37072,6,1
1863,33156,36313,36313,37993,11,0
1864,33173,36313,36313,37993,11,0
1865,33182,35392,35392,37072,6,1
1866,33194,36313,36313,37993,11,0
1867,33227,36313,36313,37993,11,0
1868,33241,35392,35392,37072,6,1
1869,33242,36313,36313,37993,11,0
1870,33269,36313,36313,37993,11,0
1871,33273,35392,35392,37072,6,1
1872,33426,35392,35392,37072,6,1
1873,33444,35392,35392,37072,6,1
1874,33448,36313,36313,37993,11,0
1875,33450,35392,35392,37072,6,1
1876,33502,35392,35392,37072,6,1
1877,33538,35392,35392,37072,6,1
1878,33539,36313,36313,37993,11,0
1879,33552,36313,36313,37993,11,0
1880,33607,36313,36313,37993,11,0
1881,33629,35392,35392,37072,6,1
1882,33630,35392,35392,37072,6,1
1883,33681,35392,35392,37072,6,1
1884,33704,35392,35392,37072,6,1
1885,33714,36437,36437,38117,13,0
1886,33752,35392,35392,37072,6,1
1887,33772,36437,36437,38117,13,0
1888,33792,36002,36002,37682,8,1
1889,33821,36002,36002,37682,8,1
1890,33827,36002,36002,37682,8,1
1891,33834,36002,36002,37682,8,1
1892,33855,36002,36002,37682,8,1
1893,33860,36002,36002,37682,8,1
1894,33862,36002,36002,37682,8,1
1895,33914,36002,36002,37682,8,1
1896,33998,36437,36437,38117,13,0
1897,34098,36437,36437,38117,13,0
1898,34098,36002,36002,37682,8,1
1899,34107,36002,36002,37682,8,1
1900,34120,36437,36437,38117,13,0
1901,34130,36002,36002,37682,8,1
1902,34157,36437,36437,38117,13,0
1903,34164,36002,36002,37682,8,1
1904,34193,36437,36437,38117,13,0
1905,34215,36002,36002,37682,8,1
1906,34221,36002,36002,37682,8,1
1907,34274,36437,36437,38117,13,0
1908,34320,36002,36002,37682,8,1
1909,34347,36002,36002,37682,8,1
1910,34375,36437,36437,38117,13,0
1911,34396,36002,36002,37682,8,1
1912,34445,36437,36437,38117,13,0
1913,34448,36002,36002,37682,8,1
1914,34507,36437,36437,38117,13,0
1915,34515,36002,36002,37682,8,1
1916,34523,36437,36437,38117,13,0
1917,34587,36002,36002,37682,8,1
1918,34626,36437,36437,38117,13,0
1919,34628,36437,36437,38117,13,0
1920,34676,36437,36437,38117,13,0
1921,34681,36219,36219,37899,10,1
1922,34688,36437,36437,38117,13,0
1923,34698,36219,36219,37899,10,1
1924,34795,36219,36219,37899,10,1
1925,34806,36437,36437,38117,13,0
1926,34807,36219,36219,37899,10,1
1927,34845,36219,36219,37899,10,1
1928,34846,36437,36437,38117,13,0
1929,34908,36219,36219,37899,10,1
1930,34920,36219,36219,37899,10,1
1931,34921,36437,36437,38117,13,0
1932,34952,36437,36437,38117,13,0
1933,34957,36219,36219,37899,10,1
1934,35030,36576,36576,38256,0,0
1935,35200,36576,36576,38256,0,0
1936,35297,36219,36219,37899,10,1
1937,35302,36576,36576,38256,0,0
1938,35322,36219,36219,37899,10,1
1939,35341,36219,36219,37899,10,1
1940,35353,36219,36219,37899,10,1
1941,35409,36576,36576,38256,0,0
1942,35412,36219,36219,37899,10,1
1943,35434,36576,36576,38256,0,0
1944,35473,36576,36576,38256,0,0
1945,35499,36576,36576,38256,0,0
1946,35552,36219,36219,37899,10,1
1947,35587,36219,36219,37899,10,1
1948,35602,36219,36219,37899,10,1
1949,35603,36219,36219,37899,10,1
1950,35604,36219,36219,37899,10,1
1951,35705,36576,36576,38256,0,0
1952,35714,36576,36576,38256,0,0
1953,35723,36576,36576,38256,0,0
1954,35742,36576,36576,38256,0,0
1955,35756,36219,36219,37899,10,1
1956,35768,36219,36219,37899,10,1
1957,35787,36373,36835,38515,12,1
1958,35792,36576,36576,38256,0,0
1959,35805,36373,36835,38515,12,1
1960,35806,36576,36576,38256,0,0
1961,35819,36576,36576,38256,0,0
1962,35838,36373,36835,38515,12,1
1963,35880,36576,36576,38256,0,0
1964,35902,36373,36835,38515,12,1
1965,35904,36373,36835,38515,12,1
1966,35940,36373,36835,38515,12,1
1967,35964,36576,36576,38256,0,0
1968,35976,36373,36835,38515,12,1
1969,35977,36576,36576,38256,0,0
1970,36015,36576,36576,38256,0,0
1971,36018,36373,36835,38515,12,1
1972,36046,36576,36576,38256,0,0
1973,36140,36576,36576,38256,0,0
1974,36147,36768,37118,38798,2,0
1975,36151,36373,36835,38515,12,1
1976,36224,36768,37118,38798,2,0
1977,36239,36373,36835,38515,12,1
1978,36286,36768,37118,38798,2,0
1979,36349,36768,37118,38798,2,0
1980,36352,36373,36835,38515,12,1
1981,36359,36373,36835,38515,12,1
1982,36410,36410,36835,38515,12,1
1983,36424,36424,36835,38515,12,1
1984,36452,36768,37118,38798,2,0
1985,36541,36768,37118,38798,2,0
1986,36564,36768,37118,38798,2,0
1987,36610,36610,36835,38515,12,1
1988,36635,36768,37118,38798,2,0
1989,36644,36768,37118,38798,2,0
1990,36644,36644,36835,38515,12,1
1991,36681,36768,37118,38798,2,0
1992,36692,36768,37118,38798,2,0
1993,36707,36768,37118,38798,2,0
1994,36721,36768,37118,38798,2,0
1995,36772,36772,36835,38515,12,1
1996,36782,36782,36835,38515,12,1
1997,36809,36809,36835,38515,12,1
1998,36827,36827,37118,38798,2,0
1999,36835,36835,36835,38515,12,1
2000,36838,36838,38059,39739,14,1
2001,36885,36885,38059,39739,14,1
2002,36889,36889,37118,38798,2,0
2003,36908,36908,38059,39739,14,1
2004,36928,36928,37118,38798,2,0
2005,36929,36929,37118,38798,2,0
2006,36969,36969,38059,39739,14,1
2007,36985,36985,38059,39739,14,1
2008,37041,37041,37118,38798,2,0
2009,37097,37097,37118,38798,2,0
2010,37118,37118,37118,38798,2,0
2011,37132,37132,38059,39739,14,1
2012,37165,37165,38059,39739,14,1
2013,37188,37188,38059,39739,14,1
2014,37226,37226,38098,39778,4,0
2015,37250,37250,38059,39739,14,1
2016,37312,37312,38059,39739,14,1
2017,37392,37392,38059,39739,14,1
2018,37427,37427,38098,39778,4,0
2019,37443,37443,38059,39739,14,1
2020,37454,37454,38098,39778,4,0
2021,37493,37493,38098,39778,4,0
2022,37494,37494,38059,39739,14,1
2023,37509,37509,38098,39778,4,0
2024,37542,37542,38098,39778,4,0
2025,37592,37592,38098,39778,4,0
2026,37623,37623,38098,39778,4,0
2027,37640,37640,38059,39739,14,1
2028,37648,37648,38098,39778,4,0
2029,37651,37651,38059,39739,14,1
2030,37667,37667,38059,39739,14,1
2031,37676,37676,38098,39778,4,0
2032,37677,37677,38059,39739,14,1
2033,37738,37738,38098,39778,4,0
2034,37779,37779,38098,39778,4,0
2035,37803,37803,38098,39778,4,0
2036,37808,37808,38098,39778,4,0
2037,37810,37810,38059,39739,14,1
2038,37900,37900,38059,39739,14,1
2039,37928,37928,38098,39778,4,0
2040,37936,37936,38098,39778,4,0
2041,37976,37976,38098,39778,4,0
2042,38002,38002,38098,39778,4,0
2043,38059,38059,38059,39739,14,1
2044,38076,38076,38098,39778,4,0
2045,38098,38098,38098,39778,4,0
2046,38098,38098,39072,40752,1,1
2047,38128,38128,39094,40774,6,0
2048,38174,38174,39072,40752,1,1
2049,38205,38205,39094,40774,6,0
2050,38225,38225,39072,40752,1,1
2051,38266,38266,39072,40752,1,1
2052,38271,38271,39094,40774,6,0
2053,38272,38272,39094,40774,6,0
2054,38290,38290,39072,40752,1,1
2055,38316,38316,39094,40774,6,0
2056,38348,38348,39072,40752,1,1
2057,38349,38349,39094,40774,6,0
2058,38447,38447,39072,40752,1,1
2059,38477,38477,39072,40752,1,1
2060,38488,38488,39072,40752,1,1
2061,38514,38514,39094,40774,6,0
2062,38554,38554,39094,40774,6,0
2063,38564,38564,39072,40752,1,1
2064,38581,38581,39072,40752,1,1
2065,38594,38594,39072,40752,1,1
2066,38646,38646,39094,40774,6,0
2067,38656,38656,39094,40774,6,0
2068,38663,38663,39072,40752,1,1
2069,38701,38701,39072,40752,1,1
2070,38730,38730,39094,40774,6,0
2071,38755,38755,39072,40752,1,1
2072,38794,38794,39072,40752,1,1
2073,38798,38798,39094,40774,6,0
2074,38858,38858,39094,40774,6,0
2075,38869,38869,39094,40774,6,0
2076,38960,38960,39072,40752,1,1
2077,39024,39024,39072,40752,1,1
2078,39038,39038,39094,40774,6,0
2079,39046,39046,39072,40752,1,1
2080,39053,39053,39094,40774,6,0
2081,39072,39072,39072,40752,1,1
2082,39075,39075,39094,40774,6,0
2083,39082,39082,39886,41566,3,1
2084,39085,39085,39094,40774,6,0
2085,39093,39093,39094,40774,6,0
2086,39094,39094,39094,40774,6,0
2087,39095,39095,40326,42006,8,0
2088,39099,39099,40326,42006,8,0
2089,39132,39132,39886,41566,3,1
2090,39157,39157,39886,41566,3,1
2091,39207,39207,40326,42006,8,0
2092,39219,39219,39886,41566,3,1
2093,39272,39272,40326,42006,8,0
2094,39275,39275,40326,42006,8,0
2095,39279,39279,39886,41566,3,1
2096,39346,39346,39886,41566,3,1
2097,39359,39359,39886,41566,3,1
2098,39379,39379,40326,42006,8,0
2099,39379,39379,39886,41566,3,1
2100,39415,39415,39886,41566,3,1
2101,39488,39488,39886,41566,3,1
2102,39505,39505,40326,42006,8,0
2103,39572,39572,39886,41566,3,1
2104,39623,39623,39886,41566,3,1
2105,39659,39659,40326,42006,8,0
2106,39660,39660,40326,42006,8,0
2107,39661,39661,39886,41566,3,1
2108,39681,39681,39886,41566,3,1
2109,39708,39708,39886,41566,3,1
2110,39733,39733,39886,41566,3,1
2111,39743,39743,39886,41566,3,1
2112,39745,39745,39886,41566,3,1
2113,39835,39835,40326,42006,8,0
2114,39866,39866,39886,41566,3,1
2115,39886,39886,39886,41566,3,1
2116,39948,39948,41022,42702,5,1
2117,39996,39996,41022,42702,5,1
2118,39998,39998,40326,42006,8,0
2119,40002,40002,40326,42006,8,0
2120,40007,40007,40326,42006,8,0
2121,40017,40017,40326,42006,8,0
2122,40075,40075,40326,42006,8,0
2123,40081,40081,41022,42702,5,1
2124,40097,40097,40326,42006,8,0
2125,40102,40102,41022,42702,5,1
2126,40105,40105,41022,42702,5,1
2127,40134,40134,41022,42702,5,1
2128,40162,40162,40326,42006,8,0
2129,40261,40261,40326,42006,8,0
2130,40273,40273,40326,42006,8,0
2131,40283,40283,41022,42702,5,1
2132,40326,40326,40326,42006,8,0
2133,40332,40332,41022,42702,5,1
2134,40407,40407,41022,42702,5,1
2135,40465,40465,41271,42951,10,0
2136,40504,40504,41022,42702,5,1
2137,40518,40518,41022,42702,5,1
2138,40524,40524,41271,42951,10,0
2139,40534,40534,41271,42951,10,0
2140,40581,40581,41022,42702,5,1
2141,40610,40610,41271,42951,10,0
2142,40615,40615,41022,42702,5,1
2143,40648,40648,41022,42702,5,1
2144,40690,40690,41271,42951,10,0
2145,40743,40743,41022,42702,5,1
2146,40815,40815,41271,42951,10,0
2147,40818,40818,41022,42702,5,1
2148,40828,40828,41271,42951,10,0
2149,40870,40870,41271,42951,10,0
2150,40876,40876,41271,42951,10,0
2151,40898,40898,41271,42951,10,0
2152,40899,40899,41022,42702,5,1
2153,40931,40931,41271,42951,10,0
2154,40945,40945,41022,42702,5,1
2155,40951,40951,41271,42951,10,0
2156,40965,40965,41271,42951,10,0
2157,40987,40987,41271,42951,10,0
2158,41018,41018,41022,42702,5,1
2159,41022,41022,41022,42702,5,1
2160,41061,41061,41271,42951,10,0
2161,41100,41100,41271,42951,10,0
2162,41134,41134,41271,42951,10,0
2163,41140,41140,42666,43916,7,1
2164,41150,41150,41271,42951,10,0
2165,41150,41150,42666,43916,7,1
2166,41173,41173,41271,42951,10,0
2167,41271,41271,41271,42951,10,0
2168,41289,41289,42666,43916,7,1
2169,41304,41304,42586,43866,12,0
2170,41312,41312,42586,43866,12,0
2171,41334,41334,42586,43866,12,0
2172,41419,41419,42586,43866,12,0
2173,41522,41522,42666,43916,7,1
2174,41548,41548,42666,43916,7,1
2175,41584,41584,42666,43916,7,1
2176,41605,41605,42586,43866,12,0
2177,41646,41646,42666,43916,7,1
2178,41665,41665,42666,43916,7,1
2179,41737,41737,42666,43916,7,1
2180,41771,41771,42586,43866,12,0
2181,41790,41790,42666,43916,7,1
2182,41793,41793,42586,43866,12,0
2183,41828,41828,42586,43866,12,0
2184,41836,41836,42586,43866,12,0
2185,41856,41856,42586,43866,12,0
2186,41947,41947,42666,43916,7,1
2187,41948,41948,42586,43866,12,0
2188,42024,42024,42586,43866,12,0
2189,42025,42025,42586,43866,12,0
2190,42043,42043,42586,43866,12,0
2191,42043,42043,42666,43916,7,1
2192,42076,42076,42586,43866,12,0
2193,42097,42097,42586,43866,12,0
2194,42154,42154,42666,43916,7,1
2195,42348,42348,42586,43866,12,0
2196,42383,42383,42666,43916,7,1
2197,42398,42398,42586,43866,12,0
2198,42462,42462,42666,43916,7,1
2199,42470,42470,42586,43866,12,0
2200,42510,42510,42666,43916,7,1
2201,42530,42530,42666,43916,7,1
2202,42580,42580,42666,43916,7,1
2203,42584,42584,42666,43916,7,1
2204,42586,42586,42586,43866,12,0
2205,42652,42652,44192,45242,14,0
2206,42654,42654,44192,45242,14,0
2207,42666,42666,42666,43916,7,1
2208,42692,42692,44192,45242,14,0
2209,42718,42718,44192,45242,14,0
2210,42739,42739,44192,45242,14,0
2211,42767,42767,44368,45418,9,1
2212,42806,42806,44192,45242,14,0
2213,42839,42839,44368,45418,9,1
2214,42863,42863,44368,45418,9,1
2215,42871,42871,44192,45242,14,0
2216,42905,42905,44368,45418,9,1
2217,43001,43001,44368,45418,9,1
2218,43034,43034,44368,45418,9,1
2219,43041,43041,44192,45242,14,0
2220,43088,43088,44368,45418,9,1
2221,43124,43124,44368,45418,9,1
2222,43169,43169,44192,45242,14,0
2223,43170,43170,44192,45242,14,0
2224,43194,43194,44368,45418,9,1
2225,43197,43197,44192,45242,14,0
2226,43262,43262,44192,45242,14,0
2227,43383,43383,44368,45418,9,1
2228,43503,43503,44192,45242,14,0
2229,43517,43517,44192,45242,14,0
2230,43529,43529,44192,45242,14,0
2231,43604,43604,44192,45242,14,0
2232,43624,43624,44368,45418,9,1
2233,43646,43646,44368,45418,9,1
2234,43671,43671,44192,45242,14,0
2235,43689,43689,44192,45242,14,0
2236,43774,43774,44368,45418,9,1
2237,43819,43819,44192,45242,14,0
2238,43847,43847,44368,45418,9,1
2239,43887,43887,44368,45418,9,1
2240,44146,44146,44368,45418,9,1
2241,44148,44148,44368,45418,9,1
2242,44176,44176,44368,45418,9,1
2243,44192,44192,44192,45242,14,0
2244,44217,44217,44368,45418,9,1
2245,44223,44223,45992,47042,1,0
2246,44229,44229,45992,47042,1,0
2247,44368,44368,44368,45418,9,1
2248,44475,44475,45992,47042,1,0
2249,44533,44533,45992,47042,1,0
2250,44666,44666,46168,47218,11,1
2251,44675,44675,46168,47218,11,1
2252,44718,44718,46168,47218,11,1
2253,44754,44754,45992,47042,1,0
2254,44839,44839,46168,47218,11,1
2255,44919,44919,45992,47042,1,0
2256,45052,45052,45992,47042,1,0
2257,45058,45058,46168,47218,11,1
2258,45143,45143,46168,47218,11,1
2259,45168,45168,46168,47218,11,1
2260,45332,45332,46168,47218,11,1
2261,45353,45353,46168,47218,11,1
2262,45464,45464,46168,47218,11,1
2263,45514,45514,46168,47218,11,1
2264,45541,45541,45992,47042,1,0
2265,45552,45552,46168,47218,11,1
2266,45557,45557,46168,47218,11,1
2267,45576,45576,46168,47218,11,1
2268,45712,45712,45992,47042,1,0
2269,45734,45734,45992,47042,1,0
2270,45844,45844,45992,47042,1,0
2271,45910,45910,45992,47042,1,0
2272,45933,45933,46168,47218,11,1
2273,46041,46041,47792,48842,3,0
2274,46045,46045,46168,47218,11,1
2275,46048,46048,46168,47218,11,1
2276,46169,46169,47792,48842,3,0
2277,46219,46219,47792,48842,3,0
2278,46467,46467,47792,48842,3,0
2279,46474,46474,47792,48842,3,0
2280,46552,46552,47968,49018,13,1
2281,46621,46621,47792,48842,3,0
2282,46707,46707,47792,48842,3,0
2283,46740,46740,47968,49018,13,1
2284,46789,46789,47792,48842,3,0
2285,46838,46838,47968,49018,13,1
2286,46901,46901,47968,49018,13,1
2287,46950,46950,47792,48842,3,0
2288,46961,46961,47792,48842,3,0
2289,46970,46970,47792,48842,3,0
2290,46995,46995,47792,48842,3,0
2291,47009,47009,47968,49018,13,1
2292,47105,47105,47792,48842,3,0
2293,47289,47289,47968,49018,13,1
2294,47511,47511,47792,48842,3,0
2295,47554,47554,47792,48842,3,0
2296,47583,47583,47792,48842,3,0
2297,47667,47667,47792,48842,3,0
2298,47766,47766,47968,49018,13,1
2299,47790,47790,47968,49018,13,1
2300,47819,47819,49592,50642,5,0
2301,47854,47854,47968,49018,13,1
2302,47861,47861,47968,49018,13,1
2303,47986,47986,49374,50424,0,1
2304,48029,48029,49374,50424,0,1
2305,48087,48087,49592,50642,5,0
2306,48126,48126,49374,50424,0,1
2307,48195,48195,49374,50424,0,1
2308,48198,48198,49592,50642,5,0
2309,48220,48220,49592,50642,5,0
2310,48326,48326,49592,50642,5,0
2311,48423,48423,49592,50642,5,0
2312,48467,48467,49374,50424,0,1
2313,48511,48511,49374,50424,0,1
2314,48576,48576,49592,50642,5,0
2315,48678,48678,49374,50424,0,1
2316,48680,48680,49592,50642,5,0
2317,48685,48685,49592,50642,5,0
2318,48702,48702,49592,50642,5,0
2319,48720,48720,49374,50424,0,1
2320,48747,48747,49374,50424,0,1
2321,48748,48748,49374,50424,0,1
2322,48791,48791,49374,50424,0,1
2323,48796,48796,49374,50424,0,1
2324,48834,48834,49592,50642,5,0
2325,48935,48935,49374,50424,0,1
2326,48954,48954,49592,50642,5,0
2327,49005,49005,49592,50642,5,0
2328,49158,49158,49374,50424,0,1
2329,49174,49174,49374,50424,0,1
2330,49266,49266,49592,50642,5,0
2331,49278,49278,49592,50642,5,0
2332,49288,49288,49374,50424,0,1
2333,49289,49289,49374,50424,0,1
2334,49323,49323,49374,50424,0,1
2335,49349,49349,49374,50424,0,1
2336,49374,49374,49374,50424,0,1
2337,49459,49459,49592,50642,5,0
2338,49492,49492,51174,52224,2,1
2339,49579,49579,49592,50642,5,0
2340,49618,49618,51174,52224,2,1
2341,49652,49652,51392,52442,7,0
2342,49672,49672,51174,52224,2,1
2343,49761,49761,51174,52224,2,1
2344,49856,49856,51392,52442,7,0
2345,49995,49995,51392,52442,7,0
2346,50112,50112,51392,52442,7,0
2347,50137,50137,51392,52442,7,0
2348,50270,50270,51174,52224,2,1
2349,50287,50287,51174,52224,2,1
2350,50441,50441,51174,52224,2,1
2351,50500,50500,51174,52224,2,1
2352,50581,50581,51174,52224,2,1
2353,50621,50621,51392,52442,7,0
2354,50657,50657,51174,52224,2,1
2355,50661,50661,51392,52442,7,0
2356,50694,50694,51174,52224,2,1
2357,50750,50750,51392,52442,7,0
2358,50815,50815,51392,52442,7,0
2359,50835,50835,51174,52224,2,1
2360,50849,50849,51174,52224,2,1
2361,51242,51242,52974,54024,4,1
2362,51244,51244,52974,54024,4,1
2363,51411,51411,53192,54242,9,0
2364,51455,51455,53192,54242,9,0
2365,51633,51633,53192,54242,9,0
2366,51671,51671,52974,54024,4,1
2367,51698,51698,52974,54024,4,1
2368,51841,51841,52974,54024,4,1
2369,52120,52120,52974,54024,4,1
2370,52301,52301,53192,54242,9,0
2371,52744,52744,52974,54024,4,1
2372,52809,52809,52974,54024,4,1
2373,52836,52836,53192,54242,9,0
2374,52885,52885,53192,54242,9,0
2375,52890,52890,53192,54242,9,0
2376,52953,52953,52974,54024,4,1
2377,52998,52998,53192,54242,9,0
2378,53164,53164,54774,55824,6,1
2379,53166,53166,54774,55824,6,1
2380,53285,53285,54886,55936,11,0
2381,53325,53325,54886,55936,11,0
2382,53359,53359,54886,55936,11,0
2383,53425,53425,54886,55936,11,0
2384,53445,53445,54886,55936,11,0
2385,53470,53470,54886,55936,11,0
2386,53499,53499,54886,55936,11,0
2387,53518,53518,54774,55824,6,1
2388,53581,53581,54774,55824,6,1
2389,53660,53660,54774,55824,6,1
2390,53697,53697,54774,55824,6,1
2391,53744,53744,54886,55936,11,0
2392,53858,53858,54886,55936,11,0
2393,53860,53860,54886,55936,11,0
2394,53877,53877,54774,55824,6,1
2395,53911,53911,54774,55824,6,1
2396,53920,53920,54774,55824,6,1
2397,53958,53958,54886,55936,11,0
2398,54161,54161,54774,55824,6,1
2399,54267,54267,54886,55936,11,0
2400,54299,54299,54886,55936,11,0
2401,54423,54423,54774,55824,6,1
2402,54433,54433,54886,55936,11,0
2403,54525,54525,54886,55936,11,0
2404,54525,54525,54774,55824,6,1
2405,54528,54528,54886,55936,11,0
2406,54540,54540,54774,55824,6,1
2407,54548,54548,54774,55824,6,1
2408,54577,54577,54886,55936,11,0
2409,54655,54655,54774,55824,6,1
2410,54708,54708,54774,55824,6,1
2411,54805,54805,54886,55936,11,0
2412,54813,54813,56574,57664,8,1
2413,54858,54858,54886,55936,11,0
2414,54886,54886,54886,55936,11,0
2415,54900,54900,56686,57962,13,0
2416,55008,55008,56686,57962,13,0
2417,55054,55054,56686,57962,13,0
2418,55068,55068,56574,57664,8,1
2419,55168,55168,56686,57962,13,0
2420,55328,55328,56686,57962,13,0
2421,55492,55492,56686,57962,13,0
2422,55520,55520,56574,57664,8,1
2423,55541,55541,56686,57962,13,0
2424,55610,55610,56686,57962,13,0
2425,55637,55637,56574,57664,8,1
2426,55659,55659,56574,57664,8,1
2427,55690,55690,56574,57664,8,1
2428,55868,55868,56686,57962,13,0
2429,55999,55999,56574,57664,8,1
2430,56057,56057,56574,57664,8,1
2431,56058,56058,56574,57664,8,1
2432,56073,56073,56574,57664,8,1
2433,56203,56203,56686,57962,13,0
2434,56465,56465,56686,57962,13,0
2435,56465,56465,56574,57664,8,1
2436,56533,56533,56686,57962,13,0
2437,56546,56546,56686,57962,13,0
2438,56668,56668,58374,61174,10,1
2439,56694,56694,58486,61286,0,0
2440,56790,56790,58374,61174,10,1
2441,56909,56909,58486,61286,0,0
2442,56968,56968,58486,61286,0,0
2443,57052,57052,58486,61286,0,0
2444,57214,57214,58374,61174,10,1
2445,57228,57228,58374,61174,10,1
2446,57296,57296,58374,61174,10,1
2447,57319,57319,58486,61286,0,0
2448,57387,57387,58374,61174,10,1
2449,57453,57453,58486,61286,0,0
2450,57553,57553,58486,61286,0,0
2451,57611,57611,58374,61174,10,1
2452,57678,57678,58374,61174,10,1
2453,57736,57736,58486,61286,0,0
2454,57764,57764,58486,61286,0,0
2455,57935,57935,58486,61286,0,0
2456,57953,57953,58374,61174,10,1
2457,57975,57975,58374,61174,10,1
2458,58007,58007,58486,61286,0,0
2459,58008,58008,58486,61286,0,0
2460,58262,58262,58374,61174,10,1
2461,58275,58275,58374,61174,10,1
2462,58377,58377,60174,62974,12,1
2463,58398,58398,58486,61286,0,0
2464,58477,58477,58486,61286,0,0
2465,58576,58576,60286,63086,2,0
2466,58653,58653,60286,63086,2,0
2467,58841,58841,60174,62974,12,1
2468,58998,58998,60174,62974,12,1
2469,59016,59016,60286,63086,2,0
2470,59082,59082,60174,62974,12,1
2471,59101,59101,60174,62974,12,1
2472,59166,59166,60286,63086,2,0
2473,59175,59175,60174,62974,12,1
2474,59178,59178,60286,63086,2,0
2475,59229,59229,60286,63086,2,0
2476,59299,59299,60174,62974,12,1
2477,59387,59387,60174,62974,12,1
2478,59395,59395,60286,63086,2,0
2479,59435,59435,60174,62974,12,1
2480,59511,59511,60174,62974,12,1
2481,59538,59538,60174,62974,12,1
2482,59595,59595,60174,62974,12,1
2483,59641,59641,60286,63086,2,0
2484,59730,59730,60174,62974,12,1
2485,59784,59784,60174,62974,12,1
2486,59837,59837,60286,63086,2,0
2487,59867,59867,60174,62974,12,1
2488,59889,59889,60286,63086,2,0
2489,59890,59890,60286,63086,2,0
2490,59991,59991,60286,63086,2,0
2491,60078,60078,60286,63086,2,0
2492,60129,60129,60174,62974,12,1
2493,60272,60272,61360,64160,14,1
2494,60287,60287,61360,64160,14,1
2495,60326,60326,61360,64160,14,1
2496,60342,60342,61390,64190,4,0
2497,60374,60374,61360,64160,14,1
2498,60427,60427,61390,64190,4,0
2499,60456,60456,61360,64160,14,1
2500,60478,60478,61360,64160,14,1
2501,60486,60486,61390,64190,4,0
2502,60496,60496,61390,64190,4,0
2503,60802,60802,61390,64190,4,0
2504,60984,60984,61390,64190,4,0
2505,61027,61027,61360,64160,14,1
2506,61055,61055,61390,64190,4,0
2507,61205,61205,61390,64190,4,0
2508,61220,61220,61390,64190,4,0
2509,61239,61239,61360,64160,14,1
2510,61255,61255,61390,64190,4,0
2511,61259,61259,61390,64190,4,0
2512,61280,61280,61360,64160,14,1
2513,61285,61285,61360,64160,14,1
2514,61287,61287,61390,64190,4,0
2515,61289,61289,61360,64160,14,1
2516,61291,61291,61360,64160,14,1
2517,61293,61293,61360,64160,14,1
2518,61316,61316,61360,64160,14,1
2519,61320,61320,61360,64160,14,1
2520,61323,61323,61360,64160,14,1
2521,61325,61325,61390,64190,4,0
2522,61326,61326,61360,64160,14,1
2523,61327,61327,61390,64190,4,0
2524,61336,61336,61390,64190,4,0
2525,61338,61338,61390,64190,4,0
2526,61346,61346,61360,64160,14,1
2527,61354,61354,61390,64190,4,0
2528,61358,61358,61360,64160,14,1
2529,61360,61360,61360,64160,14,1
2530,61362,61362,61569,64369,1,1
2531,61365,61365,61390,64190,4,0
2532,61376,61376,61390,64190,4,0
2533,61382,61382,61569,64369,1,1
2534,61384,61384,61569,64369,1,1
2535,61390,61390,61390,64190,4,0
2536,61409,61409,61613,64413,6,0
2537,61418,61418,61613,64413,6,0
2538,61424,61424,61569,64369,1,1
2539,61426,61426,61569,64369,1,1
2540,61437,61437,61613,64413,6,0
2541,61444,61444,61613,64413,6,0
2542,61444,61444,61569,64369,1,1
2543,61459,61459,61569,64369,1,1
2544,61465,61465,61569,64369,1,1
2545,61469,61469,61613,64413,6,0
2546,61470,61470,61569,64369,1,1
2547,61472,61472,61613,64413,6,0
2548,61485,61485,61569,64369,1,1
2549,61495,61495,61613,64413,6,0
2550,61496,61496,61613,64413,6,0
2551,61500,61500,61569,64369,1,1
2552,61505,61505,61569,64369,1,1
2553,61507,61507,61613,64413,6,0
2554,61512,61512,61569,64369,1,1
2555,61527,61527,61569,64369,1,1
2556,61540,61540,61613,64413,6,0
2557,61550,61550,61613,64413,6,0
2558,61551,61551,61613,64413,6,0
2559,61552,61552,61569,64369,1,1
2560,61554,61554,61569,64369,1,1
2561,61555,61555,61613,64413,6,0
2562,61561,61561,61569,64369,1,1
2563,61562,61562,61569,64369,1,1
2564,61565,61565,61613,64413,6,0
2565,61567,61567,61569,64369,1,1
2566,61569,61569,61569,64369,1,1
2567,61575,61575,61613,64413,6,0
2568,61577,61577,61812,64612,3,1
2569,61578,61578,61613,64413,6,0
2570,61581,61581,61613,64413,6,0
2571,61581,61581,61812,64612,3,1
2572,61601,61601,61613,64413,6,0
2573,61608,61608,61613,64413,6,0
2574,61613,61613,61613,64413,6,0
2575,61613,61613,61812,64612,3,1
2576,61616,61616,61812,64612,3,1
2577,61620,61620,61812,64612,3,1
2578,61628,61628,61812,64612,3,1
2579,61629,61629,61869,64669,8,0
2580,61641,61641,61869,64669,8,0
2581,61642,61642,61869,64669,8,0
2582,61664,61664,61869,64669,8,0
2583,61667,61667,61812,64612,3,1
2584,61675,61675,61812,64612,3,1
2585,61677,61677,61869,64669,8,0
2586,61691,61691,61869,64669,8,0
2587,61693,61693,61869,64669,8,0
2588,61703,61703,61869,64669,8,0
2589,61723,61723,61812,64612,3,1
2590,61735,61735,61812,64612,3,1
2591,61744,61744,61869,64669,8,0
2592,61745,61745,61869,64669,8,0
2593,61746,61746,61869,64669,8,0
2594,61746,61746,61812,64612,3,1
2595,61747,61747,61812,64612,3,1
2596,61751,61751,61869,64669,8,0
2597,61771,61771,61869,64669,8,0
2598,61780,61780,61812,64612,3,1
2599,61781,61781,61869,64669,8,0
2600,61784,61784,61812,64612,3,1
2601,61788,61788,61812,64612,3,1
2602,61790,61790,61812,64612,3,1
2603,61797,61797,61812,64612,3,1
2604,61803,61803,61812,64612,3,1
2605,61805,61805,61812,64612,3,1
2606,61812,61812,61812,64612,3,1
2607,61814,61814,61869,64669,8,0
2608,61816,61816,61869,64669,8,0
2609,61817,61817,61869,64669,8,0
2610,61817,61817,62041,64841,5,1
2611,61821,61821,62041,64841,5,1
2612,61825,61825,62041,64841,5,1
2613,61834,61834,62041,64841,5,1
2614,61835,61835,62041,64841,5,1
2615,61844,61844,62041,64841,5,1
2616,61847,61847,62041,64841,5,1
2617,61855,61855,61869,64669,8,0
2618,61860,61860,62041,64841,5,1
2619,61861,61861,61869,64669,8,0
2620,61862,61862,62041,64841,5,1
2621,61869,61869,61869,64669,8,0
2622,61872,61872,62041,64841,5,1
2623,61881,61881,62138,64938,10,0
2624,61888,61888,62138,64938,10,0
2625,61900,61900,62041,64841,5,1
2626,61914,61914,62041,64841,5,1
2627,61915,61915,62138,64938,10,0
2628,61924,61924,62041,64841,5,1
2629,61932,61932,62138,64938,10,0
2630,61944,61944,62041,64841,5,1
2631,61954,61954,62138,64938,10,0
2632,61956,61956,62138,64938,10,0
2633,61958,61958,62138,64938,10,0
2634,61960,61960,62138,64938,10,0
2635,61964,61964,62138,64938,10,0
2636,61966,61966,62041,64841,5,1
2637,61970,61970,62041,64841,5,1
2638,61980,61980,62138,64938,10,0
2639,62003,62003,62041,64841,5,1
2640,62009,62009,62138,64938,10,0
2641,62011,62011,62138,64938,10,0
2642,62019,62019,62138,64938,10,0
2643,62022,62022,62041,64841,5,1
2644,62023,62023,62041,64841,5,1
2645,62041,62041,62041,64841,5,1
2646,62042,62042,62256,65056,7,1
2647,62043,62043,62256,65056,7,1
2648,62046,62046,62138,64938,10,0
2649,62046,62046,62256,65056,7,1
2650,62050,62050,62138,64938,10,0
2651,62051,62051,62138,64938,10,0
2652,62052,62052,62256,65056,7,1
2653,62053,62053,62138,64938,10,0
2654,62054,62054,62256,65056,7,1
2655,62075,62075,62138,64938,10,0
2656,62076,62076,62256,65056,7,1
2657,62114,62114,62256,65056,7,1
2658,62117,62117,62138,64938,10,0
2659,62118,62118,62256,65056,7,1
2660,62119,62119,62256,65056,7,1
2661,62126,62126,62256,65056,7,1
2662,62138,62138,62138,64938,10,0
2663,62144,62144,62256,65056,7,1
2664,62147,62975,62975,65775,12,0
2665,62150,62975,62975,65775,12,0
2666,62160,62975,62975,65775,12,0
2667,62176,62975,62975,65775,12,0
2668,62179,62975,62975,65775,12,0
2669,62181,62975,62975,65775,12,0
2670,62184,62184,62256,65056,7,1
2671,62192,62975,62975,65775,12,0
2672,62195,62975,62975,65775,12,0
2673,62195,62195,62256,65056,7,1
2674,62197,62975,62975,65775,12,0
2675,62210,62975,62975,65775,12,0
2676,62215,62975,62975,65775,12,0
2677,62218,62218,62256,65056,7,1
2678,62219,62219,62256,65056,7,1
2679,62220,62220,62256,65056,7,1
2680,62221,62975,62975,65775,12,0
2681,62223,62223,62256,65056,7,1
2682,62231,62975,62975,65775,12,0
2683,62233,62233,62256,65056,7,1
2684,62241,62241,62256,65056,7,1
2685,62247,62975,62975,65775,12,0
2686,62256,62256,62256,65056,7,1
2687,62260,62260,62491,65291,9,1
2688,62265,62265,62491,65291,9,1
2689,62268,62268,62491,65291,9,1
2690,62273,62975,62975,65775,12,0
2691,62275,62975,62975,65775,12,0
2692,62276,62276,62491,65291,9,1
2693,62277,62277,62491,65291,9,1
2694,62279,62279,62491,65291,9,1
2695,62284,62975,62975,65775,12,0
2696,62294,62975,62975,65775,12,0
2697,62313,62975,62975,65775,12,0
2698,62326,62975,62975,65775,12,0
2699,62328,62328,62491,65291,9,1
2700,62330,64161,64161,66961,14,0
2701,62332,64161,64161,66961,14,0
2702,62336,64161,64161,66961,14,0
2703,62342,64161,64161,66961,14,0
2704,62353,64161,64161,66961,14,0
2705,62359,62359,62491,65291,9,1
2706,62389,62389,62491,65291,9,1
2707,62391,62391,62491,65291,9,1
2708,62399,64161,64161,66961,14,0
2709,62400,62400,62491,65291,9,1
2710,62402,62402,62491,65291,9,1
2711,62410,64161,64161,66961,14,0
2712,62412,62412,62491,65291,9,1
2713,62413,62413,62491,65291,9,1
2714,62414,64161,64161,66961,14,0
2715,62415,62415,62491,65291,9,1
2716,62420,64161,64161,66961,14,0
2717,62422,64161,64161,66961,14,0
2718,62427,62427,62491,65291,9,1
2719,62434,64161,64161,66961,14,0
2720,62442,64161,64161,66961,14,0
2721,62445,62445,62491,65291,9,1
2722,62447,62447,62491,65291,9,1
2723,62463,62463,62491,65291,9,1
2724,62466,64161,64161,66961,14,0
2725,62491,62491,62491,65291,9,1
2726,62505,62505,62695,65495,11,1
2727,62506,64161,64161,66961,14,0
2728,62507,62507,62695,65495,11,1
2729,62510,64161,64161,66961,14,0
2730,62511,64161,64161,66961,14,0
2731,62513,64161,64161,66961,14,0
2732,62515,62515,62695,65495,11,1
2733,62517,64161,64161,66961,14,0
2734,62524,64161,64161,66961,14,0
2735,62535,62535,62695,65495,11,1
2736,62544,64161,64161,66961,14,0
2737,62554,64370,64370,67170,1,0
2738,62560,64370,64370,67170,1,0
2739,62561,64370,64370,67170,1,0
2740,62586,62586,62695,65495,11,1
2741,62589,62589,62695,65495,11,1
2742,62590,64370,64370,67170,1,0
2743,62594,62594,62695,65495,11,1
2744,62606,62606,62695,65495,11,1
2745,62612,62612,62695,65495,11,1
2746,62613,64370,64370,67170,1,0
2747,62621,64370,64370,67170,1,0
2748,62630,62630,62695,65495,11,1
2749,62633,62633,62695,65495,11,1
2750,62638,62638,62695,65495,11,1
2751,62640,64370,64370,67170,1,0
2752,62640,62640,62695,65495,11,1
2753,62642,62642,62695,65495,11,1
2754,62647,62647,62695,65495,11,1
2755,62656,64370,64370,67170,1,0
2756,62660,62660,62695,65495,11,1
2757,62671,62671,62695,65495,11,1
2758,62676,62676,62695,65495,11,1
2759,62681,62681,62695,65495,11,1
2760,62692,64370,64370,67170,1,0
2761,62695,62695,62695,65495,11,1
2762,62701,64370,64370,67170,1,0
2763,62705,64370,64370,67170,1,0
2764,62708,62708,62860,65660,13,1
2765,62721,64370,64370,67170,1,0
2766,62728,64370,64370,67170,1,0
2767,62730,64370,64370,67170,1,0
2768,62732,62732,62860,65660,13,1
2769,62742,64370,64370,67170,1,0
2770,62743,64370,64370,67170,1,0
2771,62751,62751,62860,65660,13,1
2772,62752,62752,62860,65660,13,1
2773,62754,62754,62860,65660,13,1
2774,62755,62755,62860,65660,13,1
2775,62763,64370,64370,67170,1,0
2776,62765,62765,62860,65660,13,1
2777,62772,64370,64370,67170,1,0
2778,62773,62773,62860,65660,13,1
2779,62802,62802,62860,65660,13,1
2780,62803,62803,62860,65660,13,1
2781,62805,62805,62860,65660,13,1
2782,62807,64370,64370,67170,1,0
2783,62808,64370,64370,67170,1,0
2784,62811,64613,64613,67413,3,0
2785,62814,64613,64613,67413,3,0
2786,62821,62821,62860,65660,13,1
2787,62826,62826,62860,65660,13,1
2788,62827,62827,62860,65660,13,1
2789,62830,64613,64613,67413,3,0
2790,62833,62833,62860,65660,13,1
2791,62836,62836,62860,65660,13,1
2792,62845,64613,64613,67413,3,0
2793,62846,62846,62860,65660,13,1
2794,62855,62855,62860,65660,13,1
2795,62859,64613,64613,67413,3,0
2796,62859,62859,62860,65660,13,1
2797,62860,62860,62860,65660,13,1
2798,62861,64613,64613,67413,3,0
2799,62865,62865,63137,65937,0,1
2800,62878,64613,64613,67413,3,0
2801,62881,64613,64613,67413,3,0
2802,62882,64613,64613,67413,3,0
2803,62882,62882,63137,65937,0,1
2804,62903,64613,64613,67413,3,0
2805,62931,64613,64613,67413,3,0
2806,62932,62932,63137,65937,0,1
2807,62936,64613,64613,67413,3,0
2808,62936,62936,63137,65937,0,1
2809,62938,62938,63137,65937,0,1
2810,62941,64613,64613,67413,3,0
2811,62954,64613,64613,67413,3,0
2812,62979,64613,64613,67413,3,0
2813,62980,62980,63137,65937,0,1
2814,62984,62984,63137,65937,0,1
2815,62987,62987,63137,65937,0,1
2816,62994,64613,64613,67413,3,0
2817,62996,64613,64613,67413,3,0
2818,63002,64613,64613,67413,3,0
2819,63002,63002,63137,65937,0,1
2820,63007,63007,63137,65937,0,1
2821,63009,64613,64613,67413,3,0
2822,63022,63022,63137,65937,0,1
2823,63030,64613,64613,67413,3,0
2824,63032,63032,63137,65937,0,1
2825,63039,63039,63137,65937,0,1
2826,63044,64842,64842,67642,5,0
2827,63046,63046,63137,65937,0,1
2828,63052,63052,63137,65937,0,1
2829,63064,64842,64842,67642,5,0
2830,63065,64842,64842,67642,5,0
2831,63083,64842,64842,67642,5,0
2832,63088,63088,63137,65937,0,1
2833,63097,64842,64842,67642,5,0
2834,63101,64842,64842,67642,5,0
2835,63109,64842,64842,67642,5,0
2836,63111,63111,63137,65937,0,1
2837,63113,63113,63137,65937,0,1
2838,63127,63127,63137,65937,0,1
2839,63137,63137,63137,65937,0,1
2840,63159,63159,63420,66220,2,1
2841,63164,63164,63420,66220,2,1
2842,63178,63178,63420,66220,2,1
2843,63180,63180,63420,66220,2,1
2844,63182,64842,64842,67642,5,0
2845,63184,63184,63420,66220,2,1
2846,63195,64842,64842,67642,5,0
2847,63206,63206,63420,66220,2,1
2848,63208,63208,63420,66220,2,1
2849,63212,64842,64842,67642,5,0
2850,63219,64842,64842,67642,5,0
2851,63224,64842,64842,67642,5,0
2852,63236,64842,64842,67642,5,0
2853,63270,64842,64842,67642,5,0
2854,63284,63284,63420,66220,2,1
2855,63288,64842,64842,67642,5,0
2856,63293,64842,64842,67642,5,0
2857,63294,64842,64842,67642,5,0
2858,63298,64842,64842,67642,5,0
2859,63302,63302,63420,66220,2,1
2860,63308,64842,64842,67642,5,0
2861,63308,63308,63420,66220,2,1
2862,63310,63310,63420,66220,2,1
2863,63313,64842,64842,67642,5,0
2864,63327,65057,65057,67857,7,0
2865,63336,63336,63420,66220,2,1
2866,63354,63354,63420,66220,2,1
2867,63355,63355,63420,66220,2,1
2868,63359,65057,65057,67857,7,0
2869,63370,63370,63420,66220,2,1
2870,63376,65057,65057,67857,7,0
2871,63386,63386,63420,66220,2,1
2872,63398,63398,63420,66220,2,1
2873,63401,63401,63420,66220,2,1
2874,63403,63403,63420,66220,2,1
2875,63417,65057,65057,67857,7,0
2876,63420,63420,63420,66220,2,1
2877,63425,64191,64191,66991,4,1
2878,63428,64191,64191,66991,4,1
2879,63433,65057,65057,67857,7,0
2880,63435,65057,65057,67857,7,0
2881,63435,64191,64191,66991,4,1
2882,63437,64191,64191,66991,4,1
2883,63441,64191,64191,66991,4,1
2884,63442,64191,64191,66991,4,1
2885,63465,64191,64191,66991,4,1
2886,63466,64191,64191,66991,4,1
2887,63471,64191,64191,66991,4,1
2888,63484,65057,65057,67857,7,0
2889,63491,64191,64191,66991,4,1
2890,63498,65057,65057,67857,7,0
2891,63501,65057,65057,67857,7,0
2892,63503,64191,64191,66991,4,1
2893,63504,64191,64191,66991,4,1
2894,63505,65057,65057,67857,7,0
2895,63515,65057,65057,67857,7,0
2896,63522,64191,64191,66991,4,1
2897,63524,65057,65057,67857,7,0
2898,63527,64191,64191,66991,4,1
2899,63529,65057,65057,67857,7,0
2900,63530,64191,64191,66991,4,1
2901,63535,64191,64191,66991,4,1
2902,63540,65057,65057,67857,7,0
2903,63546,65057,65057,67857,7,0
2904,63548,64191,64191,66991,4,1
2905,63554,65057,65057,67857,7,0
2906,63555,65057,65057,67857,7,0
2907,63556,65057,65057,67857,7,0
2908,63563,65057,65057,67857,7,0
2909,63565,64191,64191,66991,4,1
2910,63571,64191,64191,66991,4,1
2911,63574,64191,64191,66991,4,1
2912,63578,65057,65057,67857,7,0
2913,63582,64414,64414,67214,6,1
2914,63587,65292,65292,68092,9,0
2915,63587,64414,64414,67214,6,1
2916,63594,64414,64414,67214,6,1
2917,63598,64414,64414,67214,6,1
2918,63605,65292,65292,68092,9,0
2919,63605,64414,64414,67214,6,1
2920,63623,64414,64414,67214,6,1
2921,63626,64414,64414,67214,6,1
2922,63637,65292,65292,68092,9,0
2923,63644,64414,64414,67214,6,1
2924,63646,65292,65292,68092,9,0
2925,63648,64414,64414,67214,6,1
2926,63661,64414,64414,67214,6,1
2927,63671,65292,65292,68092,9,0
2928,63679,65292,65292,68092,9,0
2929,63679,64414,64414,67214,6,1
2930,63680,65292,65292,68092,9,0
2931,63686,65292,65292,68092,9,0
2932,63695,64414,64414,67214,6,1
2933,63697,64414,64414,67214,6,1
2934,63698,64414,64414,67214,6,1
2935,63702,64414,64414,67214,6,1
2936,63710,65292,65292,68092,9,0
2937,63717,64414,64414,67214,6,1
2938,63730,64414,64414,67214,6,1
2939,63740,65292,65292,68092,9,0
2940,63749,65292,65292,68092,9,0
2941,63755,65292,65292,68092,9,0
2942,63758,64414,64414,67214,6,1
2943,63772,65292,65292,68092,9,0
2944,63778,64414,64414,67214,6,1
2945,63780,64414,64414,67214,6,1
2946,63789,64670,64670,67470,8,1
2947,63822,64670,64670,67470,8,1
2948,63830,64670,64670,67470,8,1
2949,63843,64670,64670,67470,8,1
2950,63848,65292,65292,68092,9,0
2951,63852,65292,65292,68092,9,0
2952,63853,64670,64670,67470,8,1
2953,63854,65292,65292,68092,9,0
2954,63863,65292,65292,68092,9,0
2955,63875,65292,65292,68092,9,0
2956,63894,65292,65292,68092,9,0
2957,63918,64670,64670,67470,8,1
2958,63921,64670,64670,67470,8,1
2959,63922,64670,64670,67470,8,1
2960,63924,65292,65292,68092,9,0
2961,63924,64670,64670,67470,8,1
2962,63925,65496,65496,68296,11,0
2963,63936,64670,64670,67470,8,1
2964,63940,64670,64670,67470,8,1
2965,63943,64670,64670,67470,8,1
2966,63945,65496,65496,68296,11,0
2967,63950,65496,65496,68296,11,0
2968,63956,64670,64670,67470,8,1
2969,63961,65496,65496,68296,11,0
2970,63967,64670,64670,67470,8,1
2971,63974,65496,65496,68296,11,0
2972,63979,64670,64670,67470,8,1
2973,63983,65496,65496,68296,11,0
2974,63987,64670,64670,67470,8,1
2975,63990,64670,64670,67470,8,1
2976,64000,65496,65496,68296,11,0
2977,64002,64670,64670,67470,8,1
2978,64010,65496,65496,68296,11,0
2979,64025,65496,65496,68296,11,0
2980,64031,64670,64670,67470,8,1
2981,64050,64670,64670,67470,8,1
2982,64055,65496,65496,68296,11,0
2983,64064,65496,65496,68296,11,0
2984,64072,65496,65496,68296,11,0
2985,64074,64939,64939,67739,10,1
2986,64080,64939,64939,67739,10,1
2987,64089,65496,65496,68296,11,0
2988,64093,65496,65496,68296,11,0
2989,64097,64939,64939,67739,10,1
2990,64128,65496,65496,68296,11,0
2991,64130,65496,65496,68296,11,0
2992,64138,64939,64939,67739,10,1
2993,64139,64939,64939,67739,10,1
2994,64148,64939,64939,67739,10,1
2995,64156,65496,65496,68296,11,0
2996,64162,65496,65496,68296,11,0
2997,64167,65496,65496,68296,11,0
2998,64169,65496,65496,68296,11,0
2999,64172,64939,64939,67739,10,1
3000,64176,65661,65661,68461,13,0
3001,64182,64939,64939,67739,10,1
3002,64184,65661,65661,68461,13,0
3003,64201,65661,65661,68461,13,0
3004,64202,65661,65661,68461,13,0
3005,64208,65661,65661,68461,13,0
3006,64213,65661,65661,68461,13,0
3007,64213,64939,64939,67739,10,1
3008,64218,64939,64939,67739,10,1
3009,64229,65661,65661,68461,13,0
3010,64231,64939,64939,67739,10,1
3011,64240,64939,64939,67739,10,1
3012,64241,65661,65661,68461,13,0
3013,64254,64939,64939,67739,10,1
3014,64261,64939,64939,67739,10,1
3015,64263,65661,65661,68461,13,0
3016,64269,65661,65661,68461,13,0
3017,64271,64939,64939,67739,10,1
3018,64283,65661,65661,68461,13,0
3019,64284,65661,65661,68461,13,0
3020,64285,64939,64939,67739,10,1
3021,64296,64939,64939,67739,10,1
3022,64306,64939,64939,67739,10,1
3023,64307,64939,64939,67739,10,1
3024,64324,64939,64939,67739,10,1
3025,64331,65776,65776,68576,12,1
3026,64337,65661,65661,68461,13,0
3027,64345,65661,65661,68461,13,0
3028,64345,65776,65776,68576,12,1
3029,64353,65661,65661,68461,13,0
3030,64359,65776,65776,68576,12,1
3031,64360,65776,65776,68576,12,1
3032,64367,65776,65776,68576,12,1
3033,64390,65776,65776,68576,12,1
3034,64391,65661,65661,68461,13,0
3035,64399,65661,65661,68461,13,0
3036,64415,65776,65776,68576,12,1
3037,64421,65776,65776,68576,12,1
3038,64427,65661,65661,68461,13,0
3039,64435,65776,65776,68576,12,1
3040,64437,65661,65661,68461,13,0
3041,64443,65661,65661,68461,13,0
3042,64444,65776,65776,68576,12,1
3043,64462,65938,65938,68738,0,0
3044,64464,65776,65776,68576,12,1
3045,64467,65938,65938,68738,0,0
3046,64470,65776,65776,68576,12,1
3047,64477,65776,65776,68576,12,1
3048,64480,65776,65776,68576,12,1
3049,64487,65938,65938,68738,0,0
3050,64496,65776,65776,68576,12,1
3051,64501,65938,65938,68738,0,0
3052,64512,65776,65776,68576,12,1
3053,64525,65938,65938,68738,0,0
3054,64534,65776,65776,68576,12,1
3055,64535,65938,65938,68738,0,0
3056,64536,65776,65776,68576,12,1
3057,64555,65938,65938,68738,0,0
3058,64559,65776,65776,68576,12,1
3059,64562,65938,65938,68738,0,0
3060,64567,65776,65776,68576,12,1
3061,64579,66962,66962,69762,14,1
3062,64581,65938,65938,68738,0,0
3063,64587,65938,65938,68738,0,0
3064,64596,65938,65938,68738,0,0
3065,64600,65938,65938,68738,0,0
3066,64612,65938,65938,68738,0,0
3067,64616,65938,65938,68738,0,0
3068,64622,65938,65938,68738,0,0
3069,64625,66962,66962,69762,14,1
3070,64626,65938,65938,68738,0,0
3071,64629,66962,66962,69762,14,1
3072,64631,65938,65938,68738,0,0
3073,64639,65938,65938,68738,0,0
3074,64643,66962,66962,69762,14,1
3075,64647,66962,66962,69762,14,1
3076,64648,66962,66962,69762,14,1
3077,64657,65938,65938,68738,0,0
3078,64661,66962,66962,69762,14,1
3079,64662,65938,65938,68738,0,0
3080,64663,66962,66962,69762,14,1
3081,64669,66221,66221,69021,2,0
3082,64671,66221,66221,69021,2,0
3083,64672,66962,66962,69762,14,1
3084,64673,66962,66962,69762,14,1
3085,64675,66962,66962,69762,14,1
3086,64680,66221,66221,69021,2,0
3087,64685,66221,66221,69021,2,0
3088,64691,66221,66221,69021,2,0
3089,64698,66962,66962,69762,14,1
3090,64699,66221,66221,69021,2,0
3091,64703,66221,66221,69021,2,0
3092,64707,66962,66962,69762,14,1
3093,64716,66221,66221,69021,2,0
3094,64723,66221,66221,69021,2,0
3095,64724,66221,66221,69021,2,0
3096,64728,66962,66962,69762,14,1
3097,64733,66221,66221,69021,2,0
3098,64739,66962,66962,69762,14,1
3099,64747,66221,66221,69021,2,0
3100,64752,66962,66962,69762,14,1
3101,64755,66221,66221,69021,2,0
3102,64761,66962,66962,69762,14,1
3103,64777,66962,66962,69762,14,1
3104,64785,66962,66962,69762,14,1
3105,64796,66962,66962,69762,14,1
3106,64797,66221,66221,69021,2,0
3107,64798,67171,67171,69971,1,1
3108,64799,67171,67171,69971,1,1
3109,64810,66221,66221,69021,2,0
3110,64813,67171,67171,69971,1,1
3111,64817,66221,66221,69021,2,0
3112,64821,66221,66221,69021,2,0
3113,64823,67171,67171,69971,1,1
3114,64828,67171,67171,69971,1,1
3115,64831,67171,67171,69971,1,1
3116,64836,67171,67171,69971,1,1
3117,64840,67171,67171,69971,1,1
3118,64843,66221,66221,69021,2,0
3119,64857,66221,66221,69021,2,0
3120,64860,67171,67171,69971,1,1
3121,64870,67171,67171,69971,1,1
3122,64872,66221,66221,69021,2,0
3123,64874,66992,66992,69792,4,0
3124,64874,67171,67171,69971,1,1
3125,64876,66992,66992,69792,4,0
3126,64878,66992,66992,69792,4,0
3127,64882,66992,66992,69792,4,0
3128,64887,66992,66992,69792,4,0
3129,64891,67171,67171,69971,1,1
3130,64893,67171,67171,69971,1,1
3131,64899,67171,67171,69971,1,1
3132,64903,67171,67171,69971,1,1
3133,64906,66992,66992,69792,4,0
3134,64908,66992,66992,69792,4,0
3135,64928,66992,66992,69792,4,0
3136,64940,66992,66992,69792,4,0
3137,64953,67171,67171,69971,1,1
3138,64956,66992,66992,69792,4,0
3139,64957,67171,67171,69971,1,1
3140,64960,66992,66992,69792,4,0
3141,64967,67171,67171,69971,1,1
3142,64970,66992,66992,69792,4,0
3143,64970,67171,67171,69971,1,1
3144,64973,66992,66992,69792,4,0
3145,64997,67171,67171,69971,1,1
3146,65003,66992,66992,69792,4,0
3147,65007,66992,66992,69792,4,0
3148,65015,66992,66992,69792,4,0
3149,65017,67414,67414,70214,3,1
3150,65021,66992,66992,69792,4,0
3151,65028,67414,67414,70214,3,1
3152,65033,66992,66992,69792,4,0
3153,65036,66992,66992,69792,4,0
3154,65041,66992,66992,69792,4,0
3155,65042,67215,67215,70015,6,0
3156,65051,67215,67215,70015,6,0
3157,65059,67414,67414,70214,3,1
3158,65062,67414,67414,70214,3,1
3159,65064,67414,67414,70214,3,1
3160,65072,67414,67414,70214,3,1
3161,65074,67414,67414,70214,3,1
3162,65082,67215,67215,70015,6,0
3163,65090,67414,67414,70214,3,1
3164,65099,67215,67215,70015,6,0
3165,65103,67215,67215,70015,6,0
3166,65103,67414,67414,70214,3,1
3167,65109,67215,67215,70015,6,0
3168,65110,67414,67414,70214,3,1
3169,65121,67414,67414,70214,3,1
3170,65130,67414,67414,70214,3,1
3171,65131,67414,67414,70214,3,1
3172,65134,67215,67215,70015,6,0
3173,65136,67215,67215,70015,6,0
3174,65141,67215,67215,70015,6,0
3175,65156,67414,67414,70214,3,1
3176,65160,67215,67215,70015,6,0
3177,65162,67414,67414,70214,3,1
3178,65163,67414,67414,70214,3,1
3179,65171,67414,67414,70214,3,1
3180,65172,67215,67215,70015,6,0
3181,65178,67414,67414,70214,3,1
3182,65186,67215,67215,70015,6,0
3183,65189,67215,67215,70015,6,0
3184,65198,67414,67414,70214,3,1
3185,65199,67414,67414,70214,3,1
3186,65212,67215,67215,70015,6,0
3187,65216,67215,67215,70015,6,0
3188,65218,67215,67215,70015,6,0
3189,65218,67643,67643,70443,5,1
3190,65221,67643,67643,70443,5,1
3191,65227,67215,67215,70015,6,0
3192,65239,67215,67215,70015,6,0
3193,65240,67215,67215,70015,6,0
3194,65245,67643,67643,70443,5,1
3195,65246,67215,67215,70015,6,0
3196,65248,67643,67643,70443,5,1
3197,65257,67471,67471,70271,8,0
3198,65257,67643,67643,70443,5,1
3199,65272,67643,67643,70443,5,1
3200,65279,67471,67471,70271,8,0
3201,65280,67471,67471,70271,8,0
3202,65285,67643,67643,70443,5,1
3203,65292,67643,67643,70443,5,1
3204,65306,67643,67643,70443,5,1
3205,65308,67471,67471,70271,8,0
3206,65311,67471,67471,70271,8,0
3207,65319,67471,67471,70271,8,0
3208,65319,67643,67643,70443,5,1
3209,65332,67643,67643,70443,5,1
3210,65344,67643,67643,70443,5,1
3211,65346,67643,67643,70443,5,1
3212,65353,67643,67643,70443,5,1
3213,65357,67471,67471,70271,8,0
3214,65358,67471,67471,70271,8,0
3215,65378,67643,67643,70443,5,1
3216,65381,67471,67471,70271,8,0
3217,65403,67471,67471,70271,8,0
3218,65404,67471,67471,70271,8,0
3219,65406,67471,67471,70271,8,0
3220,65410,67471,67471,70271,8,0
3221,65412,67471,67471,70271,8,0
3222,65412,67643,67643,70443,5,1
3223,65418,67643,67643,70443,5,1
3224,65423,67471,67471,70271,8,0
3225,65428,67471,67471,70271,8,0
3226,65454,67471,67471,70271,8,0
3227,65458,67471,67471,70271,8,0
3228,65463,67643,67643,70443,5,1
3229,65470,67643,67643,70443,5,1
3230,65498,67471,67471,70271,8,0
3231,65498,67643,67643,70443,5,1
3232,65502,67471,67471,70271,8,0
3233,65506,67858,67858,70658,7,1
3234,65515,67858,67858,70658,7,1
3235,65519,67858,67858,70658,7,1
3236,65525,67740,67740,70540,10,0
3237,65526,67740,67740,70540,10,0
3238,65531,67858,67858,70658,7,1
3239,65535,67858,67858,70658,7,1
3240,65544,67740,67740,70540,10,0
3241,65546,67858,67858,70658,7,1
3242,65548,67740,67740,70540,10,0
3243,65569,67858,67858,70658,7,1
3244,65578,67858,67858,70658,7,1
3245,65584,67740,67740,70540,10,0
3246,65585,67740,67740,70540,10,0
3247,65585,67858,67858,70658,7,1
3248,65597,67740,67740,70540,10,0
3249,65598,67740,67740,70540,10,0
3250,65604,67858,67858,70658,7,1
3251,65609,67858,67858,70658,7,1
3252,65611,67858,67858,70658,7,1
3253,65616,67740,67740,70540,10,0
3254,65637,67740,67740,70540,10,0
3255,65637,67858,67858,70658,7,1
3256,65642,67740,67740,70540,10,0
3257,65646,67858,67858,70658,7,1
3258,65651,67740,67740,70540,10,0
3259,65662,67858,67858,70658,7,1
3260,65663,67740,67740,70540,10,0
3261,65683,67740,67740,70540,10,0
3262,65684,67858,67858,70658,7,1
3263,65685,67740,67740,70540,10,0
3264,65709,67858,67858,70658,7,1
3265,65715,67740,67740,70540,10,0
3266,65715,67858,67858,70658,7,1
3267,65736,67740,67740,70540,10,0
3268,65742,67858,67858,70658,7,1
3269,65743,67740,67740,70540,10,0
3270,65753,67740,67740,70540,10,0
3271,65755,67740,67740,70540,10,0
3272,65756,67858,67858,70658,7,1
3273,65758,68093,68093,70893,9,1
3274,65760,68577,68577,71377,12,0
3275,65763,68577,68577,71377,12,0
3276,65770,68093,68093,70893,9,1
3277,65778,68093,68093,70893,9,1
3278,65779,68093,68093,70893,9,1
3279,65805,68093,68093,70893,9,1
3280,65810,68093,68093,70893,9,1
3281,65812,68577,68577,71377,12,0
3282,65812,68093,68093,70893,9,1
3283,65818,68577,68577,71377,12,0
3284,65820,68093,68093,70893,9,1
3285,65846,68577,68577,71377,12,0
3286,65848,68577,68577,71377,12,0
3287,65850,68093,68093,70893,9,1
3288,65852,68577,68577,71377,12,0
3289,65865,68093,68093,70893,9,1
3290,65883,68093,68093,70893,9,1
3291,65886,68093,68093,70893,9,1
3292,65887,68093,68093,70893,9,1
3293,65894,68577,68577,71377,12,0
3294,65895,68577,68577,71377,12,0
3295,65899,68577,68577,71377,12,0
3296,65909,68093,68093,70893,9,1
3297,65915,68577,68577,71377,12,0
3298,65916,68577,68577,71377,12,0
3299,65919,68093,68093,70893,9,1
3300,65922,68093,68093,70893,9,1
3301,65933,68093,68093,70893,9,1
3302,65944,68577,68577,71377,12,0
3303,65951,68093,68093,70893,9,1
3304,65957,68577,68577,71377,12,0
3305,65957,68093,68093,70893,9,1
3306,65958,68577,68577,71377,12,0
3307,65971,68093,68093,70893,9,1
3308,65972,68297,68297,71097,11,1
3309,65980,68577,68577,71377,12,0
3310,65982,68577,68577,71377,12,0
3311,65982,68297,68297,71097,11,1
3312,65984,68297,68297,71097,11,1
3313,65987,68297,68297,71097,11,1
3314,65988,68577,68577,71377,12,0
3315,65994,68297,68297,71097,11,1
3316,65995,68577,68577,71377,12,0
3317,65995,68297,68297,71097,11,1
3318,66003,68577,68577,71377,12,0
3319,66003,68297,68297,71097,11,1
3320,66016,69763,69763,72187,14,0
3321,66028,68297,68297,71097,11,1
3322,66035,69763,69763,72187,14,0
3323,66035,68297,68297,71097,11,1
3324,66038,69763,69763,72187,14,0
3325,66039,69763,69763,72187,14,0
3326,66041,68297,68297,71097,11,1
3327,66050,68297,68297,71097,11,1
3328,66053,68297,68297,71097,11,1
3329,66054,69763,69763,72187,14,0
3330,66056,69763,69763,72187,14,0
3331,66057,69763,69763,72187,14,0
3332,66067,69763,69763,72187,14,0
3333,66068,68297,68297,71097,11,1
3334,66071,68297,68297,71097,11,1
3335,66087,68297,68297,71097,11,1
3336,66089,69763,69763,72187,14,0
3337,66096,68297,68297,71097,11,1
3338,66099,69763,69763,72187,14,0
3339,66101,69763,69763,72187,14,0
3340,66115,68297,68297,71097,11,1
3341,66125,68297,68297,71097,11,1
3342,66143,69763,69763,72187,14,0
3343,66148,68297,68297,71097,11,1
3344,66168,68297,68297,71097,11,1
3345,66172,69763,69763,72187,14,0
3346,66179,69763,69763,72187,14,0
3347,66180,69763,69763,72187,14,0
3348,66201,69763,69763,72187,14,0
3349,66205,69763,69763,72187,14,0
3350,66210,68462,68462,71262,13,1
3351,66211,69763,69763,72187,14,0
3352,66221,69763,69763,72187,14,0
3353,66223,69763,69763,72187,14,0
3354,66223,68462,68462,71262,13,1
3355,66225,68462,68462,71262,13,1
3356,66226,69972,69972,72257,1,0
3357,66228,68462,68462,71262,13,1
3358,66230,68462,68462,71262,13,1
3359,66234,68462,68462,71262,13,1
3360,66247,68462,68462,71262,13,1
3361,66249,69972,69972,72257,1,0
3362,66250,68462,68462,71262,13,1
3363,66255,69972,69972,72257,1,0
3364,66259,69972,69972,72257,1,0
3365,66274,68462,68462,71262,13,1
3366,66278,69972,69972,72257,1,0
3367,66278,68462,68462,71262,13,1
3368,66281,69972,69972,72257,1,0
3369,66296,69972,69972,72257,1,0
3370,66301,69972,69972,72257,1,0
3371,66307,69972,69972,72257,1,0
3372,66308,69972,69972,72257,1,0
3373,66309,68462,68462,71262,13,1
3374,66317,68462,68462,71262,13,1
3375,66319,68462,68462,71262,13,1
3376,66325,69972,69972,72257,1,0
3377,66329,68462,68462,71262,13,1
3378,66332,68462,68462,71262,13,1
3379,66345,68462,68462,71262,13,1
3380,66353,69972,69972,72257,1,0
3381,66355,69972,69972,72257,1,0
3382,66359,68462,68462,71262,13,1
3383,66361,69972,69972,72257,1,0
3384,66367,69972,69972,72257,1,0
3385,66383,68462,68462,71262,13,1
3386,66394,69972,69972,72257,1,0
3387,66400,68462,68462,71262,13,1
3388,66403,68462,68462,71262,13,1
3389,66418,68739,68739,71539,0,1
3390,66422,69972,69972,72257,1,0
3391,66424,69972,69972,72257,1,0
3392,66436,68739,68739,71539,0,1
3393,66437,69972,69972,72257,1,0
3394,66446,69972,69972,72257,1,0
3395,66451,70215,70215,72338,3,0
3396,66476,70215,70215,72338,3,0
3397,66479,68739,68739,71539,0,1
3398,66483,70215,70215,72338,3,0
3399,66490,70215,70215,72338,3,0
3400,66493,68739,68739,71539,0,1
3401,66500,68739,68739,71539,0,1
3402,66517,68739,68739,71539,0,1
3403,66523,70215,70215,72338,3,0
3404,66531,70215,70215,72338,3,0
3405,66534,68739,68739,71539,0,1
3406,66536,68739,68739,71539,0,1
3407,66541,68739,68739,71539,0,1
3408,66547,68739,68739,71539,0,1
3409,66558,70215,70215,72338,3,0
3410,66560,68739,68739,71539,0,1
3411,66569,70215,70215,72338,3,0
3412,66576,68739,68739,71539,0,1
3413,66611,68739,68739,71539,0,1
3414,66616,70215,70215,72338,3,0
3415,66619,70215,70215,72338,3,0
3416,66635,70215,70215,72338,3,0
3417,66639,70215,70215,72338,3,0
3418,66677,70215,70215,72338,3,0
3419,66680,68739,68739,71539,0,1
3420,66686,68739,68739,71539,0,1
3421,66689,68739,68739,71539,0,1
3422,66691,70215,70215,72338,3,0
3423,66691,68739,68739,71539,0,1
3424,66693,68739,68739,71539,0,1
3425,66696,70215,70215,72338,3,0
3426,66697,70215,70215,72338,3,0
3427,66703,70215,70215,72338,3,0
3428,66707,68739,68739,71539,0,1
3429,66709,70215,70215,72338,3,0
3430,66727,70215,70215,72338,3,0
3431,66731,70215,70215,72338,3,0
3432,66731,68739,68739,71539,0,1
3433,66738,70444,70444,72414,5,0
3434,66746,70444,70444,72414,5,0
3435,66753,69022,69022,71822,2,1
3436,66757,69022,69022,71822,2,1
3437,66758,70444,70444,72414,5,0
3438,66770,70444,70444,72414,5,0
3439,66777,70444,70444,72414,5,0
3440,66783,70444,70444,72414,5,0
3441,66788,70444,70444,72414,5,0
3442,66805,69022,69022,71822,2,1
3443,66814,70444,70444,72414,5,0
3444,66820,69022,69022,71822,2,1
3445,66831,70444,70444,72414,5,0
3446,66835,70444,70444,72414,5,0
3447,66847,69022,69022,71822,2,1
3448,66850,70444,70444,72414,5,0
3449,66853,69022,69022,71822,2,1
3450,66855,69022,69022,71822,2,1
3451,66859,70444,70444,72414,5,0
3452,66860,70444,70444,72414,5,0
3453,66864,70444,70444,72414,5,0
3454,66872,69022,69022,71822,2,1
3455,66884,70444,70444,72414,5,0
3456,66887,70444,70444,72414,5,0
3457,66891,70444,70444,72414,5,0
3458,66900,70444,70444,72414,5,0
3459,66912,70444,70444,72414,5,0
3460,66914,69022,69022,71822,2,1
3461,66916,70444,70444,72414,5,0
3462,66922,70659,70659,72486,7,0
3463,66923,70659,70659,72486,7,0
3464,66927,70659,70659,72486,7,0
3465,66932,70659,70659,72486,7,0
3466,66943,70659,70659,72486,7,0
3467,66948,70659,70659,72486,7,0
3468,66963,69022,69022,71822,2,1
3469,66964,70659,70659,72486,7,0
3470,66977,69022,69022,71822,2,1
3471,66987,69022,69022,71822,2,1
3472,66988,69022,69022,71822,2,1
3473,66990,70659,70659,72486,7,0
3474,66992,70659,70659,72486,7,0
3475,66995,70659,70659,72486,7,0
3476,66996,69022,69022,71822,2,1
3477,66998,69022,69022,71822,2,1
3478,67000,69022,69022,71822,2,1
3479,67003,70659,70659,72486,7,0
3480,67025,70659,70659,72486,7,0
3481,67032,70659,70659,72486,7,0
3482,67033,70659,70659,72486,7,0
3483,67035,69022,69022,71822,2,1
3484,67037,69022,69022,71822,2,1
3485,67039,70659,70659,72486,7,0
3486,67045,69022,69022,71822,2,1
3487,67046,70659,70659,72486,7,0
3488,67050,70659,70659,72486,7,0
3489,67051,69022,69022,71822,2,1
3490,67052,69793,69793,72197,4,1
3491,67081,70659,70659,72486,7,0
3492,67090,69793,69793,72197,4,1
3493,67095,69793,69793,72197,4,1
3494,67096,69793,69793,72197,4,1
3495,67097,70659,70659,72486,7,0
3496,67098,70659,70659,72486,7,0
3497,67103,69793,69793,72197,4,1
3498,67107,70894,70894,72564,9,0
3499,67123,70894,70894,72564,9,0
3500,67127,70894,70894,72564,9,0
3501,67132,70894,70894,72564,9,0
3502,67140,69793,69793,72197,4,1
3503,67142,70894,70894,72564,9,0
3504,67146,70894,70894,72564,9,0
3505,67147,70894,70894,72564,9,0
3506,67178,70894,70894,72564,9,0
3507,67182,70894,70894,72564,9,0
3508,67183,69793,69793,72197,4,1
3509,67188,69793,69793,72197,4,1
3510,67189,69793,69793,72197,4,1
3511,67191,70894,70894,72564,9,0
3512,67223,70894,70894,72564,9,0
3513,67225,70894,70894,72564,9,0
3514,67232,69793,69793,72197,4,1
3515,67233,70894,70894,72564,9,0
3516,67238,70894,70894,72564,9,0
3517,67242,69793,69793,72197,4,1
3518,67246,70894,70894,72564,9,0
3519,67254,70894,70894,72564,9,0
3520,67260,69793,69793,72197,4,1
3521,67261,70894,70894,72564,9,0
3522,67266,70894,70894,72564,9,0
3523,67271,69793,69793,72197,4,1
3524,67279,70894,70894,72564,9,0
3525,67282,70894,70894,72564,9,0
3526,67288,71098,71098,72632,11,0
3527,67289,69793,69793,72197,4,1
3528,67295,71098,71098,72632,11,0
3529,67295,69793,69793,72197,4,1
3530,67299,71098,71098,72632,11,0
3531,67304,69793,69793,72197,4,1
3532,67305,71098,71098,72632,11,0
3533,67308,69793,69793,72197,4,1
3534,67314,71098,71098,72632,11,0
3535,67315,69793,69793,72197,4,1
3536,67317,71098,71098,72632,11,0
3537,67324,69793,69793,72197,4,1
3538,67330,71098,71098,72632,11,0
3539,67336,71098,71098,72632,11,0
3540,67339,71098,71098,72632,11,0
3541,67343,71098,71098,72632,11,0
3542,67346,69793,69793,72197,4,1
3543,67348,71098,71098,72632,11,0
3544,67359,71098,71098,72632,11,0
3545,67365,71098,71098,72632,11,0
3546,67381,70016,70016,72272,6,1
3547,67382,70016,70016,72272,6,1
3548,67396,70016,70016,72272,6,1
3549,67401,70016,70016,72272,6,1
3550,67408,70016,70016,72272,6,1
3551,67411,70016,70016,72272,6,1
3552,67417,71098,71098,72632,11,0
3553,67427,70016,70016,72272,6,1
3554,67430,70016,70016,72272,6,1
3555,67433,71098,71098,72632,11,0
3556,67445,71098,71098,72632,11,0
3557,67445,70016,70016,72272,6,1
3558,67446,70016,70016,72272,6,1
3559,67450,71098,71098,72632,11,0
3560,67450,70016,70016,72272,6,1
3561,67473,70016,70016,72272,6,1
3562,67475,71098,71098,72632,11,0
3563,67483,70016,70016,72272,6,1
3564,67488,70016,70016,72272,6,1
3565,67491,71098,71098,72632,11,0
3566,67497,71098,71098,72632,11,0
3567,67497,70016,70016,72272,6,1
3568,67500,70016,70016,72272,6,1
3569,67502,70016,70016,72272,6,1
3570,67515,70016,70016,72272,6,1
3571,67527,71263,71263,72687,13,0
3572,67531,70016,70016,72272,6,1
3573,67534,71263,71263,72687,13,0
3574,67540,71263,71263,72687,13,0
3575,67541,70016,70016,72272,6,1
3576,67548,70272,70272,72357,8,1
3577,67552,71263,71263,72687,13,0
3578,67563,71263,71263,72687,13,0
3579,67566,70272,70272,72357,8,1
3580,67568,70272,70272,72357,8,1
3581,67577,71263,71263,72687,13,0
3582,67578,70272,70272,72357,8,1
3583,67579,71263,71263,72687,13,0
3584,67598,71263,71263,72687,13,0
3585,67610,70272,70272,72357,8,1
3586,67614,70272,70272,72357,8,1
3587,67617,71263,71263,72687,13,0
3588,67617,70272,70272,72357,8,1
3589,67638,71263,71263,72687,13,0
3590,67641,71263,71263,72687,13,0
3591,67641,70272,70272,72357,8,1
3592,67643,71263,71263,72687,13,0
3593,67646,71263,71263,72687,13,0
3594,67652,70272,70272,72357,8,1
3595,67654,71263,71263,72687,13,0
3596,67660,70272,70272,72357,8,1
3597,67661,70272,70272,72357,8,1
3598,67666,70272,70272,72357,8,1
3599,67672,71263,71263,72687,13,0
3600,67675,71263,71263,72687,13,0
3601,67675,70272,70272,72357,8,1
3602,67679,71263,71263,72687,13,0
3603,67683,70272,70272,72357,8,1
3604,67686,70272,70272,72357,8,1
3605,67692,70272,70272,72357,8,1
3606,67693,70272,70272,72357,8,1
3607,67709,71263,71263,72687,13,0
3608,67721,70272,70272,72357,8,1
3609,67734,71263,71263,72687,13,0
3610,67738,71263,71263,72687,13,0
3611,67749,70272,70272,72357,8,1
3612,67757,71540,71540,72779,0,0
3613,67761,71540,71540,72779,0,0
3614,67764,71540,71540,72779,0,0
3615,67773,71540,71540,72779,0,0
3616,67792,71540,71540,72779,0,0
3617,67799,70272,70272,72357,8,1
3618,67801,70541,70541,72447,10,1
3619,67804,71540,71540,72779,0,0
3620,67816,71540,71540,72779,0,0
3621,67818,71540,71540,72779,0,0
3622,67827,70541,70541,72447,10,1
3623,67830,71540,71540,72779,0,0
3624,67831,71540,71540,72779,0,0
3625,67842,70541,70541,72447,10,1
3626,67847,71540,71540,72779,0,0
3627,67856,70541,70541,72447,10,1
3628,67864,70541,70541,72447,10,1
3629,67873,71540,71540,72779,0,0
3630,67875,70541,70541,72447,10,1
3631,67878,71540,71540,72779,0,0
3632,67880,71540,71540,72779,0,0
3633,67894,71540,71540,72779,0,0
3634,67927,71540,71540,72779,0,0
3635,67929,70541,70541,72447,10,1
3636,67946,71540,71540,72779,0,0
3637,67965,70541,70541,72447,10,1
3638,67978,70541,70541,72447,10,1
3639,67980,71540,71540,72779,0,0
3640,67982,70541,70541,72447,10,1
3641,67986,70541,70541,72447,10,1
3642,67987,71540,71540,72779,0,0
3643,67996,70541,70541,72447,10,1
3644,67999,70541,70541,72447,10,1
3645,68000,70541,70541,72447,10,1
3646,68003,71540,71540,72779,0,0
3647,68014,71823,71823,72874,2,0
3648,68014,70541,70541,72447,10,1
3649,68017,70541,70541,72447,10,1
3650,68019,70541,70541,72447,10,1
3651,68025,71823,71823,72874,2,0
3652,68068,71823,71823,72874,2,0
3653,68069,70541,70541,72447,10,1
3654,68078,71823,71823,72874,2,0
3655,68082,70541,70541,72447,10,1
3656,68087,70541,70541,72447,10,1
3657,68092,71378,71378,72726,12,1
3658,68098,71378,71378,72726,12,1
3659,68106,71823,71823,72874,2,0
3660,68108,71823,71823,72874,2,0
3661,68121,71378,71378,72726,12,1
3662,68144,71823,71823,72874,2,0
3663,68147,71823,71823,72874,2,0
3664,68147,71378,71378,72726,12,1
3665,68150,71823,71823,72874,2,0
3666,68153,71823,71823,72874,2,0
3667,68157,71823,71823,72874,2,0
3668,68161,71378,71378,72726,12,1
3669,68162,71823,71823,72874,2,0
3670,68165,71823,71823,72874,2,0
3671,68169,71823,71823,72874,2,0
3672,68170,71378,71378,72726,12,1
3673,68178,71378,71378,72726,12,1
3674,68181,71823,71823,72874,2,0
3675,68183,71823,71823,72874,2,0
3676,68191,71823,71823,72874,2,0
3677,68221,71823,71823,72874,2,0
3678,68226,71378,71378,72726,12,1
3679,68227,71823,71823,72874,2,0
3680,68239,71378,71378,72726,12,1
3681,68240,71378,71378,72726,12,1
3682,68256,71823,71823,72874,2,0
3683,68256,71378,71378,72726,12,1
3684,68261,72198,72198,73131,4,0
3685,68270,72198,72198,73131,4,0
3686,68277,71378,71378,72726,12,1
3687,68280,72198,72198,73131,4,0
3688,68281,71378,71378,72726,12,1
3689,68283,72198,72198,73131,4,0
3690,68293,71378,71378,72726,12,1
3691,68298,71378,71378,72726,12,1
3692,68339,71378,71378,72726,12,1
3693,68340,72198,72198,73131,4,0
3694,68342,71378,71378,72726,12,1
3695,68346,71378,71378,72726,12,1
3696,68351,72198,72198,73131,4,0
3697,68358,72198,72198,73131,4,0
3698,68365,72198,72198,73131,4,0
3699,68368,72198,72198,73131,4,0
3700,68371,71378,71378,72726,12,1
3701,68382,72198,72198,73131,4,0
3702,68383,71378,71378,72726,12,1
3703,68397,72198,72198,73131,4,0
3704,68420,72188,72188,73121,14,1
3705,68427,72188,72188,73121,14,1
3706,68438,72188,72188,73121,14,1
3707,68440,72198,72198,73131,4,0
3708,68446,72188,72188,73121,14,1
3709,68466,72188,72188,73121,14,1
3710,68467,72188,72188,73121,14,1
3711,68479,72188,72188,73121,14,1
3712,68487,72188,72188,73121,14,1
3713,68494,72188,72188,73121,14,1
3714,68496,72198,72198,73131,4,0
3715,68499,72198,72198,73131,4,0
3716,68503,72188,72188,73121,14,1
3717,68505,72188,72188,73121,14,1
3718,68523,72188,72188,73121,14,1
3719,68531,72198,72198,73131,4,0
3720,68531,72188,72188,73121,14,1
3721,68533,72188,72188,73121,14,1
3722,68540,72198,72198,73131,4,0
3723,68547,72198,72198,73131,4,0
3724,68547,72188,72188,73121,14,1
3725,68551,72188,72188,73121,14,1
3726,68554,72188,72188,73121,14,1
3727,68573,72188,72188,73121,14,1
3728,68574,72188,72188,73121,14,1
3729,68575,72198,72198,73131,4,0
3730,68576,72198,72198,73131,4,0
3731,68582,72188,72188,73121,14,1
3732,68583,72258,72258,73191,1,1
3733,68588,72198,72198,73131,4,0
3734,68591,72258,72258,73191,1,1
3735,68602,72258,72258,73191,1,1
3736,68611,72273,72273,73206,6,0
3737,68618,72258,72258,73191,1,1
3738,68622,72258,72258,73191,1,1
3739,68626,72258,72258,73191,1,1
3740,68636,72258,72258,73191,1,1
3741,68640,72258,72258,73191,1,1
3742,68648,72258,72258,73191,1,1
3743,68649,72273,72273,73206,6,0
3744,68649,72258,72258,73191,1,1
3745,68657,72273,72273,73206,6,0
3746,68667,72273,72273,73206,6,0
3747,68668,72258,72258,73191,1,1
3748,68670,72273,72273,73206,6,0
3749,68681,72273,72273,73206,6,0
3750,68685,72273,72273,73206,6,0
3751,68688,72273,72273,73206,6,0
3752,68690,72273,72273,73206,6,0
3753,68694,72273,72273,73206,6,0
3754,68702,72258,72258,73191,1,1
3755,68709,72273,72273,73206,6,0
3756,68709,72258,72258,73191,1,1
3757,68719,72273,72273,73206,6,0
3758,68719,72258,72258,73191,1,1
3759,68735,72258,72258,73191,1,1
3760,68741,72273,72273,73206,6,0
3761,68742,72258,72258,73191,1,1
3762,68743,72273,72273,73206,6,0
3763,68756,72273,72273,73206,6,0
3764,68757,72273,72273,73206,6,0
3765,68762,72273,72273,73206,6,0
3766,68767,72273,72273,73206,6,0
3767,68774,72273,72273,73206,6,0
3768,68777,72273,72273,73206,6,0
3769,68789,72258,72258,73191,1,1
3770,68791,72258,72258,73191,1,1
3771,68794,72358,72358,73291,8,0
3772,68804,72358,72358,73291,8,0
3773,68810,72258,72258,73191,1,1
3774,68815,72258,72258,73191,1,1
3775,68822,72358,72358,73291,8,0
3776,68823,72358,72358,73291,8,0
3777,68830,72358,72358,73291,8,0
3778,68850,72339,72339,73272,3,1
3779,68851,72339,72339,73272,3,1
3780,68860,72339,72339,73272,3,1
3781,68863,72339,72339,73272,3,1
3782,68864,72358,72358,73291,8,0
3783,68869,72358,72358,73291,8,0
3784,68871,72339,72339,73272,3,1
3785,68874,72339,72339,73272,3,1
3786,68877,72358,72358,73291,8,0
3787,68886,72358,72358,73291,8,0
3788,68889,72358,72358,73291,8,0
3789,68901,72339,72339,73272,3,1
3790,68904,72339,72339,73272,3,1
3791,68917,72339,72339,73272,3,1
3792,68926,72358,72358,73291,8,0
3793,68931,72339,72339,73272,3,1
3794,68936,72339,72339,73272,3,1
3795,68944,72358,72358,73291,8,0
3796,68945,72358,72358,73291,8,0
3797,68954,72358,72358,73291,8,0
3798,68954,72339,72339,73272,3,1
3799,68966,72339,72339,73272,3,1
3800,68970,72339,72339,73272,3,1
3801,68971,72339,72339,73272,3,1
3802,68983,72339,72339,73272,3,1
3803,68999,72358,72358,73291,8,0
3804,69000,72339,72339,73272,3,1
3805,69002,72339,72339,73272,3,1
3806,69004,72358,72358,73291,8,0
3807,69029,72358,72358,73291,8,0
3808,69034,72358,72358,73291,8,0
3809,69040,72358,72358,73291,8,0
3810,69044,72358,72358,73291,8,0
3811,69048,72339,72339,73272,3,1
3812,69052,72339,72339,73272,3,1
3813,69059,72448,72448,73381,10,0
3814,69061,72415,72415,73348,5,1
3815,69063,72415,72415,73348,5,1
3816,69065,72415,72415,73348,5,1
3817,69070,72448,72448,73381,10,0
3818,69074,72448,72448,73381,10,0
3819,69077,72415,72415,73348,5,1
3820,69085,72448,72448,73381,10,0
3821,69087,72448,72448,73381,10,0
3822,69089,72448,72448,73381,10,0
3823,69090,72415,72415,73348,5,1
3824,69091,72448,72448,73381,10,0
3825,69092,72415,72415,73348,5,1
3826,69093,72448,72448,73381,10,0
3827,69097,72415,72415,73348,5,1
3828,69098,72415,72415,73348,5,1
3829,69099,72448,72448,73381,10,0
3830,69101,72448,72448,73381,10,0
3831,69107,72415,72415,73348,5,1
3832,69111,72415,72415,73348,5,1
3833,69120,72448,72448,73381,10,0
3834,69121,72448,72448,73381,10,0
3835,69121,72415,72415,73348,5,1
3836,69129,72448,72448,73381,10,0
3837,69133,72448,72448,73381,10,0
3838,69134,72415,72415,73348,5,1
3839,69137,72448,72448,73381,10,0
3840,69140,72415,72415,73348,5,1
3841,69144,72415,72415,73348,5,1
3842,69151,72415,72415,73348,5,1
3843,69153,72448,72448,73381,10,0
3844,69154,72448,72448,73381,10,0
3845,69157,72448,72448,73381,10,0
3846,69159,72448,72448,73381,10,0
3847,69169,72415,72415,73348,5,1
3848,69181,72415,72415,73348,5,1
3849,69192,72448,72448,73381,10,0
3850,69201,72727,72727,73660,12,0
3851,69205,72727,72727,73660,12,0
3852,69214,72415,72415,73348,5,1
3853,69215,72415,72415,73348,5,1
3854,69222,72415,72415,73348,5,1
3855,69223,72727,72727,73660,12,0
3856,69238,72487,72487,73420,7,1
3857,69242,72487,72487,73420,7,1
3858,69246,72727,72727,73660,12,0
3859,69251,72487,72487,73420,7,1
3860,69270,72727,72727,73660,12,0
3861,69271,72487,72487,73420,7,1
3862,69276,72487,72487,73420,7,1
3863,69285,72727,72727,73660,12,0
3864,69288,72487,72487,73420,7,1
3865,69304,72487,72487,73420,7,1
3866,69305,72487,72487,73420,7,1
3867,69312,72487,72487,73420,7,1
3868,69318,72727,72727,73660,12,0
3869,69319,72487,72487,73420,7,1
3870,69321,72487,72487,73420,7,1
3871,69325,72487,72487,73420,7,1
3872,69329,72727,72727,73660,12,0
3873,69329,72487,72487,73420,7,1
3874,69331,72487,72487,73420,7,1
3875,69332,72727,72727,73660,12,0
3876,69339,72727,72727,73660,12,0
3877,69342,72727,72727,73660,12,0
3878,69354,72727,72727,73660,12,0
3879,69356,72487,72487,73420,7,1
3880,69359,72487,72487,73420,7,1
3881,69362,72727,72727,73660,12,0
3882,69362,72487,72487,73420,7,1
3883,69366,72487,72487,73420,7,1
3884,69368,72487,72487,73420,7,1
3885,69369,72487,72487,73420,7,1
3886,69375,72727,72727,73660,12,0
3887,69406,72565,72565,73498,9,1
3888,69412,72727,72727,73660,12,0
3889,69422,72727,72727,73660,12,0
3890,69430,72565,72565,73498,9,1
3891,69432,72727,72727,73660,12,0
3892,69455,72727,72727,73660,12,0
3893,69477,72565,72565,73498,9,1
3894,69482,72727,72727,73660,12,0
3895,69484,72727,72727,73660,12,0
3896,69485,73122,73122,74055,14,0
3897,69488,72565,72565,73498,9,1
3898,69492,72565,72565,73498,9,1
3899,69501,73122,73122,74055,14,0
3900,69506,72565,72565,73498,9,1
3901,69511,73122,73122,74055,14,0
3902,69516,72565,72565,73498,9,1
3903,69521,73122,73122,74055,14,0
3904,69533,72565,72565,73498,9,1
3905,69543,72565,72565,73498,9,1
3906,69544,73122,73122,74055,14,0
3907,69551,73122,73122,74055,14,0
3908,69566,72565,72565,73498,9,1
3909,69567,72565,72565,73498,9,1
3910,69575,73122,73122,74055,14,0
3911,69576,72565,72565,73498,9,1
3912,69588,73122,73122,74055,14,0
3913,69588,72565,72565,73498,9,1
3914,69605,72565,72565,73498,9,1
3915,69613,73122,73122,74055,14,0
3916,69619,72565,72565,73498,9,1
3917,69628,72565,72565,73498,9,1
3918,69630,72565,72565,73498,9,1
3919,69640,73122,73122,74055,14,0
3920,69641,73122,73122,74055,14,0
3921,69647,73122,73122,74055,14,0
3922,69648,72565,72565,73498,9,1
3923,69675,73122,73122,74055,14,0
3924,69687,72565,72565,73498,9,1
3925,69700,73122,73122,74055,14,0
3926,69700,72565,72565,73498,9,1
3927,69701,73122,73122,74055,14,0
3928,69703,73122,73122,74055,14,0
3929,69712,73122,73122,74055,14,0
3930,69718,73122,73122,74055,14,0
3931,69719,72633,72633,73566,11,1
3932,69722,72633,72633,73566,11,1
3933,69725,72633,72633,73566,11,1
3934,69733,73122,73122,74055,14,0
3935,69733,72633,72633,73566,11,1
3936,69734,72633,72633,73566,11,1
3937,69737,72633,72633,73566,11,1
3938,69757,73122,73122,74055,14,0
3939,69760,72633,72633,73566,11,1
3940,69764,73192,73192,74125,1,0
3941,69768,73192,73192,74125,1,0
3942,69768,72633,72633,73566,11,1
3943,69769,72633,72633,73566,11,1
3944,69774,72633,72633,73566,11,1
3945,69777,73192,73192,74125,1,0
3946,69778,73192,73192,74125,1,0
3947,69779,73192,73192,74125,1,0
3948,69784,73192,73192,74125,1,0
3949,69822,72633,72633,73566,11,1
3950,69827,72633,72633,73566,11,1
3951,69828,72633,72633,73566,11,1
3952,69832,73192,73192,74125,1,0
3953,69840,73192,73192,74125,1,0
3954,69841,73192,73192,74125,1,0
3955,69844,72633,72633,73566,11,1
3956,69849,72633,72633,73566,11,1
3957,69860,73192,73192,74125,1,0
3958,69861,73192,73192,74125,1,0
3959,69864,73192,73192,74125,1,0
3960,69865,73192,73192,74125,1,0
3961,69865,72633,72633,73566,11,1
3962,69867,73192,73192,74125,1,0
3963,69869,72633,72633,73566,11,1
3964,69871,73192,73192,74125,1,0
3965,69871,72633,72633,73566,11,1
3966,69887,72633,72633,73566,11,1
3967,69889,73192,73192,74125,1,0
3968,69889,72633,72633,73566,11,1
3969,69894,73192,73192,74125,1,0
3970,69904,72688,72688,73621,13,1
3971,69911,72688,72688,73621,13,1
3972,69914,72688,72688,73621,13,1
3973,69922,72688,72688,73621,13,1
3974,69929,73192,73192,74125,1,0
3975,69930,73192,73192,74125,1,0
3976,69933,72688,72688,73621,13,1
3977,69949,73192,73192,74125,1,0
3978,69950,73273,73273,74206,3,0
3979,69951,72688,72688,73621,13,1
3980,69952,73273,73273,74206,3,0
3981,69959,73273,73273,74206,3,0
3982,69965,73273,73273,74206,3,0
3983,69966,73273,73273,74206,3,0
3984,69975,72688,72688,73621,13,1
3985,69978,73273,73273,74206,3,0
3986,69980,73273,73273,74206,3,0
3987,69984,73273,73273,74206,3,0
3988,69985,73273,73273,74206,3,0
3989,69985,72688,72688,73621,13,1
3990,69991,72688,72688,73621,13,1
3991,69992,72688,72688,73621,13,1
3992,70006,73273,73273,74206,3,0
3993,70015,72688,72688,73621,13,1
3994,70023,73273,73273,74206,3,0
3995,70025,73273,73273,74206,3,0
3996,70034,72688,72688,73621,13,1
3997,70047,73273,73273,74206,3,0
3998,70049,72688,72688,73621,13,1
3999,70057,73273,73273,74206,3,0
4000,70070,72688,72688,73621,13,1
4001,70083,72688,72688,73621,13,1
4002,70088,72688,72688,73621,13,1
4003,70092,72688,72688,73621,13,1
4004,70095,73273,73273,74206,3,0
4005,70104,73273,73273,74206,3,0
4006,70114,72688,72688,73621,13,1
4007,70130,73273,73273,74206,3,0
4008,70141,73273,73273,74206,3,0
4009,70143,73273,73273,74206,3,0
4010,70146,73273,73273,74206,3,0
4011,70158,72688,72688,73621,13,1
4012,70191,73349,73349,74282,5,0
4013,70194,72688,72688,73621,13,1
4014,70198,73349,73349,74282,5,0
4015,70199,73349,73349,74282,5,0
4016,70205,72780,72780,73713,0,1
4017,70209,73349,73349,74282,5,0
4018,70212,72780,72780,73713,0,1
4019,70214,72780,72780,73713,0,1
4020,70216,73349,73349,74282,5,0
4021,70220,72780,72780,73713,0,1
4022,70222,73349,73349,74282,5,0
4023,70222,72780,72780,73713,0,1
4024,70230,72780,72780,73713,0,1
4025,70235,72780,72780,73713,0,1
4026,70237,73349,73349,74282,5,0
4027,70239,72780,72780,73713,0,1
4028,70243,72780,72780,73713,0,1
4029,70246,72780,72780,73713,0,1
4030,70261,73349,73349,74282,5,0
4031,70263,73349,73349,74282,5,0
4032,70270,72780,72780,73713,0,1
4033,70279,72780,72780,73713,0,1
4034,70292,72780,72780,73713,0,1
4035,70299,72780,72780,73713,0,1
4036,70300,73349,73349,74282,5,0
4037,70314,73349,73349,74282,5,0
4038,70317,72780,72780,73713,0,1
4039,70318,72780,72780,73713,0,1
4040,70325,73349,73349,74282,5,0
4041,70330,72780,72780,73713,0,1
4042,70331,73349,73349,74282,5,0
4043,70333,72780,72780,73713,0,1
4044,70343,72780,72780,73713,0,1
4045,70345,72780,72780,73713,0,1
4046,70353,73349,73349,74282,5,0
4047,70357,72875,72875,73808,2,1
4048,70363,72875,72875,73808,2,1
4049,70368,73349,73349,74282,5,0
4050,70368,72875,72875,73808,2,1
4051,70369,72875,72875,73808,2,1
4052,70374,73349,73349,74282,5,0
4053,70384,72875,72875,73808,2,1
4054,70385,73349,73349,74282,5,0
4055,70406,73349,73349,74282,5,0
4056,70406,72875,72875,73808,2,1
4057,70407,72875,72875,73808,2,1
4058,70412,72875,72875,73808,2,1
4059,70415,73349,73349,74282,5,0
4060,70422,73349,73349,74282,5,0
4061,70423,73421,73421,74354,7,0
4062,70424,73421,73421,74354,7,0
4063,70427,72875,72875,73808,2,1
4064,70436,72875,72875,73808,2,1
4065,70445,72875,72875,73808,2,1
4066,70455,73421,73421,74354,7,0
4067,70465,72875,72875,73808,2,1
4068,70487,73421,73421,74354,7,0
4069,70487,72875,72875,73808,2,1
4070,70489,72875,72875,73808,2,1
4071,70499,72875,72875,73808,2,1
4072,70501,73421,73421,74354,7,0
4073,70517,72875,72875,73808,2,1
4074,70518,73421,73421,74354,7,0
4075,70519,73421,73421,74354,7,0
4076,70524,72875,72875,73808,2,1
4077,70527,72875,72875,73808,2,1
4078,70531,72875,72875,73808,2,1
4079,70543,73421,73421,74354,7,0
4080,70549,73421,73421,74354,7,0
4081,70551,72875,72875,73808,2,1
4082,70554,73421,73421,74354,7,0
4083,70558,73132,73132,74065,4,1
4084,70565,73132,73132,74065,4,1
4085,70582,73421,73421,74354,7,0
4086,70593,73421,73421,74354,7,0
4087,70600,73132,73132,74065,4,1
4088,70607,73421,73421,74354,7,0
4089,70609,73421,73421,74354,7,0
4090,70615,73421,73421,74354,7,0
4091,70617,73132,73132,74065,4,1
4092,70631,73421,73421,74354,7,0
4093,70632,73421,73421,74354,7,0
4094,70633,73132,73132,74065,4,1
4095,70635,73132,73132,74065,4,1
4096,70636,73132,73132,74065,4,1
4097,70638,73421,73421,74354,7,0
4098,70641,73421,73421,74354,7,0
4099,70642,73132,73132,74065,4,1
4100,70659,73421,73421,74354,7,0
4101,70662,73499,73499,74432,9,0
4102,70667,73499,73499,74432,9,0
4103,70676,73499,73499,74432,9,0
4104,70681,73132,73132,74065,4,1
4105,70689,73132,73132,74065,4,1
4106,70695,73132,73132,74065,4,1
4107,70697,73499,73499,74432,9,0
4108,70698,73499,73499,74432,9,0
4109,70707,73132,73132,74065,4,1
4110,70712,73499,73499,74432,9,0
4111,70717,73499,73499,74432,9,0
4112,70718,73499,73499,74432,9,0
4113,70726,73132,73132,74065,4,1
4114,70727,73499,73499,74432,9,0
4115,70728,73132,73132,74065,4,1
4116,70736,73499,73499,74432,9,0
4117,70736,73132,73132,74065,4,1
4118,70737,73132,73132,74065,4,1
4119,70739,73132,73132,74065,4,1
4120,70763,73132,73132,74065,4,1
4121,70769,73132,73132,74065,4,1
4122,70773,73499,73499,74432,9,0
4123,70775,73499,73499,74432,9,0
4124,70782,73132,73132,74065,4,1
4125,70785,73499,73499,74432,9,0
4126,70785,73207,73207,74140,6,1
4127,70789,73499,73499,74432,9,0
4128,70794,73499,73499,74432,9,0
4129,70794,73207,73207,74140,6,1
4130,70799,73207,73207,74140,6,1
4131,70805,73499,73499,74432,9,0
4132,70813,73207,73207,74140,6,1
4133,70814,73499,73499,74432,9,0
4134,70814,73207,73207,74140,6,1
4135,70818,73499,73499,74432,9,0
4136,70825,73499,73499,74432,9,0
4137,70831,73499,73499,74432,9,0
4138,70849,73567,73567,74500,11,0
4139,70854,73207,73207,74140,6,1
4140,70862,73567,73567,74500,11,0
4141,70865,73207,73207,74140,6,1
4142,70866,73207,73207,74140,6,1
4143,70872,73207,73207,74140,6,1
4144,70875,73567,73567,74500,11,0
4145,70878,73207,73207,74140,6,1
4146,70884,73207,73207,74140,6,1
4147,70896,73207,73207,74140,6,1
4148,70912,73207,73207,74140,6,1
4149,70917,73567,73567,74500,11,0
4150,70924,73567,73567,74500,11,0
4151,70928,73207,73207,74140,6,1
4152,70939,73207,73207,74140,6,1
4153,70941,73567,73567,74500,11,0
4154,70950,73207,73207,74140,6,1
4155,70955,73207,73207,74140,6,1
4156,70960,73207,73207,74140,6,1
4157,70964,73567,73567,74500,11,0
4158,70972,73567,73567,74500,11,0
4159,70985,73567,73567,74500,11,0
4160,70989,73567,73567,74500,11,0
4161,70998,73567,73567,74500,11,0
4162,71005,73207,73207,74140,6,1
4163,71018,73207,73207,74140,6,1
4164,71022,73567,73567,74500,11,0
4165,71023,73292,73292,74225,8,1
4166,71027,73292,73292,74225,8,1
4167,71030,73567,73567,74500,11,0
4168,71035,73567,73567,74500,11,0
4169,71036,73292,73292,74225,8,1
4170,71037,73567,73567,74500,11,0
4171,71041,73567,73567,74500,11,0
4172,71044,73292,73292,74225,8,1
4173,71047,73567,73567,74500,11,0
4174,71051,73292,73292,74225,8,1
4175,71063,73292,73292,74225,8,1
4176,71075,73567,73567,74500,11,0
4177,71087,73567,73567,74500,11,0
4178,71088,73292,73292,74225,8,1
4179,71096,73567,73567,74500,11,0
4180,71100,73292,73292,74225,8,1
4181,71103,73292,73292,74225,8,1
4182,71104,73622,73622,74555,13,0
4183,71109,73622,73622,74555,13,0
4184,71136,73622,73622,74555,13,0
4185,71144,73622,73622,74555,13,0
4186,71153,73622,73622,74555,13,0
4187,71155,73292,73292,74225,8,1
4188,71158,73622,73622,74555,13,0
4189,71161,73622,73622,74555,13,0
4190,71162,73292,73292,74225,8,1
4191,71163,73292,73292,74225,8,1
4192,71184,73292,73292,74225,8,1
4193,71196,73622,73622,74555,13,0
4194,71197,73622,73622,74555,13,0
4195,71208,73292,73292,74225,8,1
4196,71217,73292,73292,74225,8,1
4197,71218,73622,73622,74555,13,0
4198,71220,73292,73292,74225,8,1
4199,71221,73292,73292,74225,8,1
4200,71223,73292,73292,74225,8,1
4201,71228,73622,73622,74555,13,0
4202,71229,73292,73292,74225,8,1
4203,71241,73292,73292,74225,8,1
4204,71251,73622,73622,74555,13,0
4205,71251,73382,73382,74315,10,1
4206,71258,73622,73622,74555,13,0
4207,71261,73622,73622,74555,13,0
4208,71267,73382,73382,74315,10,1
4209,71273,73382,73382,74315,10,1
4210,71282,73382,73382,74315,10,1
4211,71283,73382,73382,74315,10,1
4212,71284,73622,73622,74555,13,0
4213,71289,73382,73382,74315,10,1
4214,71293,73382,73382,74315,10,1
4215,71294,73382,73382,74315,10,1
4216,71295,73622,73622,74555,13,0
4217,71311,73622,73622,74555,13,0
4218,71317,73382,73382,74315,10,1
4219,71318,73382,73382,74315,10,1
4220,71323,73382,73382,74315,10,1
4221,71327,73622,73622,74555,13,0
4222,71328,73622,73622,74555,13,0
4223,71334,73382,73382,74315,10,1
4224,71337,73382,73382,74315,10,1
4225,71342,73622,73622,74555,13,0
4226,71345,73714,73714,74647,0,0
4227,71357,73714,73714,74647,0,0
4228,71362,73382,73382,74315,10,1
4229,71370,73382,73382,74315,10,1
4230,71373,73714,73714,74647,0,0
4231,71374,73382,73382,74315,10,1
4232,71384,73714,73714,74647,0,0
4233,71384,73382,73382,74315,10,1
4234,71388,73714,73714,74647,0,0
4235,71394,73714,73714,74647,0,0
4236,71400,73382,73382,74315,10,1
4237,71403,73382,73382,74315,10,1
4238,71413,73714,73714,74647,0,0
4239,71420,73382,73382,74315,10,1
4240,71424,73714,73714,74647,0,0
4241,71427,73714,73714,74647,0,0
4242,71428,73714,73714,74647,0,0
4243,71430,73661,73661,74594,12,1
4244,71432,73661,73661,74594,12,1
4245,71436,73714,73714,74647,0,0
4246,71437,73661,73661,74594,12,1
4247,71440,73661,73661,74594,12,1
4248,71445,73714,73714,74647,0,0
4249,71454,73714,73714,74647,0,0
4250,71465,73661,73661,74594,12,1
4251,71473,73661,73661,74594,12,1
4252,71474,73661,73661,74594,12,1
4253,71476,73714,73714,74647,0,0
4254,71483,73661,73661,74594,12,1
4255,71496,73661,73661,74594,12,1
4256,71500,73714,73714,74647,0,0
4257,71509,73661,73661,74594,12,1
4258,71510,73661,73661,74594,12,1
4259,71525,73714,73714,74647,0,0
4260,71532,73714,73714,74647,0,0
4261,71551,73661,73661,74594,12,1
4262,71555,73661,73661,74594,12,1
4263,71557,73714,73714,74647,0,0
4264,71566,73661,73661,74594,12,1
4265,71573,73661,73661,74594,12,1
4266,71575,73714,73714,74647,0,0
4267,71580,73661,73661,74594,12,1
4268,71582,73714,73714,74647,0,0
4269,71586,73809,73809,74742,2,0
4270,71602,73661,73661,74594,12,1
4271,71606,73809,73809,74742,2,0
4272,71609,73809,73809,74742,2,0
4273,71611,73661,73661,74594,12,1
4274,71612,73809,73809,74742,2,0
4275,71616,73661,73661,74594,12,1
4276,71619,73661,73661,74594,12,1
4277,71631,73809,73809,74742,2,0
4278,71636,74056,74056,74989,14,1
4279,71641,74056,74056,74989,14,1
4280,71642,73809,73809,74742,2,0
4281,71643,73809,73809,74742,2,0
4282,71644,74056,74056,74989,14,1
4283,71650,73809,73809,74742,2,0
4284,71651,73809,73809,74742,2,0
4285,71654,73809,73809,74742,2,0
4286,71656,73809,73809,74742,2,0
4287,71660,73809,73809,74742,2,0
4288,71669,74056,74056,74989,14,1
4289,71677,74056,74056,74989,14,1
4290,71690,74056,74056,74989,14,1
4291,71694,73809,73809,74742,2,0
4292,71700,74056,74056,74989,14,1
4293,71731,73809,73809,74742,2,0
4294,71737,73809,73809,74742,2,0
4295,71744,74056,74056,74989,14,1
4296,71745,74056,74056,74989,14,1
4297,71750,73809,73809,74742,2,0
4298,71750,74056,74056,74989,14,1
4299,71754,73809,73809,74742,2,0
4300,71761,73809,73809,74742,2,0
4301,71764,74056,74056,74989,14,1
4302,71772,73809,73809,74742,2,0
4303,71776,73809,73809,74742,2,0
4304,71793,74066,74908,75841,4,0
4305,71794,74066,74908,75841,4,0
4306,71811,74056,74056,74989,14,1
4307,71820,74056,74056,74989,14,1
4308,71822,74066,74908,75841,4,0
4309,71829,74056,74056,74989,14,1
4310,71832,74056,74056,74989,14,1
4311,71834,74066,74908,75841,4,0
4312,71840,74056,74056,74989,14,1
4313,71848,74066,74908,75841,4,0
4314,71848,74056,74056,74989,14,1
4315,71849,74066,74908,75841,4,0
4316,71861,74066,74908,75841,4,0
4317,71866,74056,74056,74989,14,1
4318,71867,74066,74908,75841,4,0
4319,71874,74056,74056,74989,14,1
4320,71900,74056,74056,74989,14,1
4321,71905,74126,75153,76086,1,1
4322,71910,74066,74908,75841,4,0
4323,71932,74126,75153,76086,1,1
4324,71933,74066,74908,75841,4,0
4325,71938,74066,74908,75841,4,0
4326,71946,74126,75153,76086,1,1
4327,71954,74066,74908,75841,4,0
4328,71958,74126,75153,76086,1,1
4329,71959,74066,74908,75841,4,0
4330,71969,74126,75153,76086,1,1
4331,71970,74066,74908,75841,4,0
4332,71986,74126,75153,76086,1,1
4333,71990,74126,75153,76086,1,1
4334,71991,74126,75153,76086,1,1
4335,72533,74066,74908,75841,4,0
4336,72600,74126,75153,76086,1,1
4337,72921,74066,74908,75841,4,0
4338,73012,74126,75153,76086,1,1
4339,73181,74126,75153,76086,1,1
4340,73249,74126,75153,76086,1,1
4341,73299,74126,75153,76086,1,1
4342,73307,74066,74908,75841,4,0
4343,73369,74126,75153,76086,1,1
4344,73499,74126,75153,76086,1,1
4345,73623,74126,75153,76086,1,1
4346,74083,74083,74908,75841,4,0
4347,74265,74265,75153,76086,1,1
4348,74414,74414,74908,75841,4,0
4349,74714,74714,75153,76086,1,1
4350,74869,74869,75153,76086,1,1
4351,74908,74908,74908,75841,4,0
4352,75093,75093,76708,77641,6,0
4353,75153,75153,75153,76086,1,1
4354,75217,75217,76708,77641,6,0
4355,75247,75247,76708,77641,6,0
4356,75317,75317,76953,77886,3,1
4357,75402,75402,76708,77641,6,0
4358,75419,75419,76708,77641,6,0
4359,75779,75779,76708,77641,6,0
4360,75950,75950,76708,77641,6,0
4361,76319,76319,76708,77641,6,0
4362,76360,76360,76708,77641,6,0
4363,76390,76390,76953,77886,3,1
4364,76410,76410,76953,77886,3,1
4365,76570,76570,76953,77886,3,1
4366,76844,76844,76953,77886,3,1
4367,76847,76847,78508,79441,8,0
4368,77129,77129,78508,79441,8,0
4369,77395,77395,78753,79686,5,1
4370,77709,77709,78508,79441,8,0
4371,77784,77784,78508,79441,8,0
4372,77913,77913,78753,79686,5,1
4373,77923,77923,78753,79686,5,1
4374,78211,78211,78508,79441,8,0
4375,78296,78296,78508,79441,8,0
4376,78398,78398,78508,79441,8,0
4377,78591,78591,80308,81241,10,0
4378,78592,78592,78753,79686,5,1
4379,78692,78692,78753,79686,5,1
4380,79222,79222,80553,81486,7,1
4381,79304,79304,80308,81241,10,0
4382,79317,79317,80553,81486,7,1
4383,79366,79366,80553,81486,7,1
4384,79389,79389,80553,81486,7,1
4385,79426,79426,80553,81486,7,1
4386,79725,79725,80308,81241,10,0
4387,79769,79769,80308,81241,10,0
4388,79831,79831,80308,81241,10,0
4389,79851,79851,80308,81241,10,0
4390,80070,80070,80553,81486,7,1
4391,80432,80432,80553,81486,7,1
4392,80572,80572,82353,83286,9,1
4393,80593,80593,82108,83041,12,0
4394,80890,80890,82108,83041,12,0
4395,81490,81490,82353,83286,9,1
4396,81551,81551,82353,83286,9,1
4397,81703,81703,82353,83286,9,1
4398,81824,81824,82353,83286,9,1
4399,81891,81891,82108,83041,12,0
4400,82057,82057,82353,83286,9,1
4401,82068,82068,82353,83286,9,1
4402,82154,82154,82353,83286,9,1
4403,82312,82312,82353,83286,9,1
4404,82385,82385,83908,84841,14,0
4405,82530,82530,83908,84841,14,0
4406,82566,82566,83908,84841,14,0
4407,82842,82842,83908,84841,14,0
4408,83053,83053,83908,84841,14,0
4409,83097,83097,84153,85086,11,1
4410,83174,83174,84153,85086,11,1
4411,83280,83280,84153,85086,11,1
4412,83343,83343,83908,84841,14,0
4413,83343,83343,84153,85086,11,1
4414,83368,83368,83908,84841,14,0
4415,83491,83491,84153,85086,11,1
4416,83493,83493,83908,84841,14,0
4417,83565,83565,83908,84841,14,0
4418,83836,83836,83908,84841,14,0
4419,83838,83838,83908,84841,14,0
4420,83888,83888,84153,85086,11,1
4421,83994,83994,85708,0,1,0
4422,84095,84095,85708,0,1,0
4423,84315,84315,85708,0,1,0
4424,84804,84804,85708,0,1,0
4425,84867,84867,85708,0,1,0
4426,85098,85098,85708,0,1,0
4427,85505,85505,85953,0,13,1
4428,85544,85544,85953,0,13,1
4429,85578,85578,85708,0,1,0
4430,85888,85888,0,0,3,0
4431,86159,86159,0,0,3,0
4432,86177,86177,0,0,0,1
4433,86350,86350,0,0,3,0
4434,86381,86381,0,0,0,1
