passenger_id,terminal_arrival_time,board_time,leave_time,destination_arrival_time,boarded_jeep,terminal
0,141,141,10957,11357,1,1
1,146,146,10034,10434,0,0
2,290,290,10957,11357,1,1
3,1384,1384,10034,10434,0,0
4,1442,1442,10034,10434,0,0
5,1700,1700,10957,11357,1,1
6,2404,2404,10957,11357,1,1
7,2680,2680,10034,10434,0,0
8,2744,2744,10034,10434,0,0
9,2977,2977,10034,10434,0,0
10,3133,3133,10957,11357,1,1
11,3408,3408,10957,11357,1,1
12,3472,3472,10957,11357,1,1
13,3882,3882,10957,11357,1,1
14,4390,4390,10957,11357,1,1
15,4458,4458,10957,11357,1,1
16,4460,4460,10034,10434,0,0
17,4519,4519,10034,10434,0,0
18,4679,4679,10957,11357,1,1
19,4942,4942,10034,10434,0,0
20,5071,5071,10957,11357,1,1
21,5130,5130,10957,11357,1,1
22,5594,5594,10957,11357,1,1
23,5751,5751,10034,10434,0,0
24,6080,6080,10034,10434,0,0
25,6983,6983,10034,10434,0,0
26,7005,7005,10034,10434,0,0
27,7071,7071,10957,11357,1,1
28,7148,7148,10957,11357,1,1
29,7765,7765,10957,11357,1,1
30,7970,7970,10034,10434,0,0
31,8245,8245,10957,11357,1,1
32,8518,8518,10034,10434,0,0
33,8831,8831,10957,11357,1,1
34,8855,8855,10034,10434,0,0
35,8980,8980,10034,10434,0,0
36,9246,9246,10034,10434,0,0
37,9388,9388,10034,10434,0,0
38,10034,10034,10034,10434,0,0
39,10109,10109,19841,20241,2,0
40,10708,10708,19841,20241,2,0
41,10717,10717,19841,20241,2,0
42,10957,10957,10957,11357,1,1
43,11190,11190,19841,20241,2,0
44,11432,11432,20339,20739,3,1
45,11899,11899,19841,20241,2,0
46,11916,11916,20339,20739,3,1
47,11926,11926,19841,20241,2,0
48,12634,12634,19841,20241,2,0
49,12981,12981,19841,20241,2,0
50,13209,13209,19841,20241,2,0
51,13351,13351,20339,20739,3,1
52,13499,13499,19841,20241,2,0
53,13726,13726,20339,20739,3,1
54,13825,13825,20339,20739,3,1
55,14009,14009,19841,20241,2,0
56,14753,14753,20339,20739,3,1
57,14914,14914,20339,20739,3,1
58,14969,14969,19841,20241,2,0
59,15374,15374,20339,20739,3,1
60,15404,15404,20339,20739,3,1
61,15911,15911,19841,20241,2,0
62,16172,16172,20339,20739,3,1
63,16287,16287,19841,20241,2,0
64,17054,17054,20339,20739,3,1
65,17220,17220,19841,20241,2,0
66,17594,17594,20339,20739,3,1
67,17956,17956,20339,20739,3,1
68,18517,18517,20339,20739,3,1
69,18683,18683,20339,20739,3,1
70,18844,18844,19841,20241,2,0
71,18858,18858,20339,20739,3,1
72,19150,19150,20339,20739,3,1
73,19408,19408,19841,20241,2,0
74,19458,19458,19841,20241,2,0
75,19476,19476,19841,20241,2,0
76,19841,19841,19841,20241,2,0
77,20188,20188,20339,20739,3,1
78,20236,20236,20339,20739,3,1
79,20339,20339,20339,20739,3,1
80,20362,20362,21842,23175,5,1
81,20526,20526,21748,23081,4,0
82,21141,21141,21748,23081,4,0
83,21410,21410,21748,23081,4,0
84,21470,21470,21748,23081,4,0
85,21604,21604,21748,23081,4,0
86,21614,21614,21748,23081,4,0
87,21614,21614,21842,23175,5,1
88,21619,21619,21842,23175,5,1
89,21621,21621,21748,23081,4,0
90,21622,21622,21748,23081,4,0
91,21628,21628,21842,23175,5,1
92,21630,21630,21748,23081,4,0
93,21632,21632,21748,23081,4,0
94,21647,21647,21842,23175,5,1
95,21653,21653,21748,23081,4,0
96,21664,21664,21748,23081,4,0
97,21669,21669,21748,23081,4,0
98,21678,21678,21748,23081,4,0
99,21687,21687,21748,23081,4,0
100,21689,21689,21842,23175,5,1
101,21690,21690,21748,23081,4,0
102,21721,21721,21842,23175,5,1
103,21730,21730,21842,23175,5,1
104,21736,21736,21748,23081,4,0
105,21743,21743,21748,23081,4,0
106,21745,21745,21842,23175,5,1
107,21746,21746,21748,23081,4,0
108,21748,21748,21748,23081,4,0
109,21749,21749,22045,23378,6,0
110,21761,21761,22045,23378,6,0
111,21763,21763,21842,23175,5,1
112,21766,21766,21842,23175,5,1
113,21773,21773,21842,23175,5,1
114,21782,21782,21842,23175,5,1
115,21804,21804,21842,23175,5,1
116,21806,21806,21842,23175,5,1
117,21815,21815,22045,23378,6,0
118,21818,21818,21842,23175,5,1
119,21820,21820,21842,23175,5,1
120,21825,21825,22045,23378,6,0
121,21832,21832,21842,23175,5,1
122,21833,21833,21842,23175,5,1
123,21836,21836,22045,23378,6,0
124,21842,21842,21842,23175,5,1
125,21846,21846,22001,23334,7,1
126,21858,21858,22045,23378,6,0
127,21861,21861,22001,23334,7,1
128,21876,21876,22001,23334,7,1
129,21889,21889,22001,23334,7,1
130,21892,21892,22045,23378,6,0
131,21923,21923,22001,23334,7,1
132,21927,21927,22045,23378,6,0
133,21927,21927,22001,23334,7,1
134,21929,21929,22001,23334,7,1
135,21930,21930,22001,23334,7,1
136,21936,21936,22045,23378,6,0
137,21945,21945,22001,23334,7,1
138,21962,21962,22045,23378,6,0
139,21964,21964,22001,23334,7,1
140,21966,21966,22001,23334,7,1
141,21972,21972,22001,23334,7,1
142,21974,21974,22045,23378,6,0
143,21976,21976,22001,23334,7,1
144,21979,21979,22045,23378,6,0
145,21980,21980,22001,23334,7,1
146,21981,21981,22045,23378,6,0
147,21985,21985,22001,23334,7,1
148,21987,21987,22001,23334,7,1
149,21988,21988,22001,23334,7,1
150,21992,21992,22045,23378,6,0
151,21996,21996,22001,23334,7,1
152,22000,22000,22001,23334,7,1
153,22001,22001,22001,23334,7,1
154,22007,22007,22258,23591,9,1
155,22009,22009,22258,23591,9,1
156,22023,22023,22045,23378,6,0
157,22027,22027,22045,23378,6,0
158,22032,22032,22045,23378,6,0
159,22036,22036,22045,23378,6,0
160,22036,22036,22258,23591,9,1
161,22043,22043,22045,23378,6,0
162,22045,22045,22045,23378,6,0
163,22047,22047,22258,23591,9,1
164,22053,22053,22258,23591,9,1
165,22059,22059,22258,23591,9,1
166,22065,22065,22356,23689,8,0
167,22066,22066,22258,23591,9,1
168,22072,22072,22258,23591,9,1
169,22078,22078,22258,23591,9,1
170,22094,22094,22258,23591,9,1
171,22095,22095,22258,23591,9,1
172,22097,22097,22258,23591,9,1
173,22104,22104,22356,23689,8,0
174,22108,22108,22356,23689,8,0
175,22113,22113,22356,23689,8,0
176,22127,22127,22356,23689,8,0
177,22131,22131,22258,23591,9,1
178,22132,22132,22356,23689,8,0
179,22153,22153,22356,23689,8,0
180,22160,22160,22258,23591,9,1
181,22179,22179,22356,23689,8,0
182,22179,22179,22258,23591,9,1
183,22183,22183,22258,23591,9,1
184,22191,22191,22356,23689,8,0
185,22192,22192,22356,23689,8,0
186,22196,22196,22258,23591,9,1
187,22197,22197,22258,23591,9,1
188,22199,22199,22356,23689,8,0
189,22208,22208,22356,23689,8,0
190,22217,22217,22356,23689,8,0
191,22250,22250,22258,23591,9,1
192,22254,22254,22356,23689,8,0
193,22258,22258,22258,23591,9,1
194,22274,22274,22506,23839,11,1
195,22276,22276,22356,23689,8,0
196,22278,22278,22506,23839,11,1
197,22306,22306,22356,23689,8,0
198,22310,22310,22356,23689,8,0
199,22312,22312,22356,23689,8,0
200,22319,22319,22506,23839,11,1
201,22322,22322,22356,23689,8,0
202,22329,22329,22506,23839,11,1
203,22340,22340,22506,23839,11,1
204,22342,22342,22506,23839,11,1
205,22343,22343,22506,23839,11,1
206,22345,22345,22506,23839,11,1
207,22355,22355,22506,23839,11,1
208,22356,22356,22356,23689,8,0
209,22361,22361,22506,23839,11,1
210,22363,22363,22662,23995,10,0
211,22365,22365,22506,23839,11,1
212,22372,22372,22662,23995,10,0
213,22396,22396,22662,23995,10,0
214,22414,22414,22506,23839,11,1
215,22423,22423,22506,23839,11,1
216,22430,22430,22662,23995,10,0
217,22438,22438,22662,23995,10,0
218,22443,22443,22662,23995,10,0
219,22451,22451,22662,23995,10,0
220,22459,22459,22662,23995,10,0
221,22460,22460,22662,23995,10,0
222,22466,22466,22506,23839,11,1
223,22468,22468,22662,23995,10,0
224,22470,22470,22506,23839,11,1
225,22471,22471,22506,23839,11,1
226,22473,22473,22506,23839,11,1
227,22474,22474,22662,23995,10,0
228,22476,22476,22506,23839,11,1
229,22484,22484,22506,23839,11,1
230,22492,22492,22662,23995,10,0
231,22506,22506,22506,23839,11,1
232,22509,22509,22712,24045,13,1
233,22514,22514,22712,24045,13,1
234,22534,22534,22662,23995,10,0
235,22540,22540,22712,24045,13,1
236,22548,22548,22662,23995,10,0
237,22558,22558,22712,24045,13,1
238,22563,22563,22712,24045,13,1
239,22569,22569,22712,24045,13,1
240,22570,22570,22662,23995,10,0
241,22579,22579,22712,24045,13,1
242,22588,22588,22712,24045,13,1
243,22593,22593,22662,23995,10,0
244,22598,22598,22712,24045,13,1
245,22604,22604,22712,24045,13,1
246,22612,22612,22662,23995,10,0
247,22616,22616,22712,24045,13,1
248,22619,22619,22662,23995,10,0
249,22622,22622,22712,24045,13,1
250,22628,22628,22662,23995,10,0
251,22637,22637,22712,24045,13,1
252,22643,22643,22712,24045,13,1
253,22649,22649,22712,24045,13,1
254,22652,22652,22712,24045,13,1
255,22662,22662,22662,23995,10,0
256,22675,22675,22863,24196,12,0
257,22680,22680,22712,24045,13,1
258,22688,22688,22712,24045,13,1
259,22690,22690,22863,24196,12,0
260,22696,22696,22863,24196,12,0
261,22701,22701,22712,24045,13,1
262,22703,22703,22863,24196,12,0
263,22704,22704,22863,24196,12,0
264,22712,22712,22712,24045,13,1
265,22714,22714,22863,24196,12,0
266,22717,22717,23101,24434,15,1
267,22728,22728,22863,24196,12,0
268,22729,22729,23101,24434,15,1
269,22730,22730,22863,24196,12,0
270,22740,22740,22863,24196,12,0
271,22753,22753,22863,24196,12,0
272,22753,22753,23101,24434,15,1
273,22756,22756,22863,24196,12,0
274,22763,22763,23101,24434,15,1
275,22772,22772,22863,24196,12,0
276,22775,22775,23101,24434,15,1
277,22780,22780,22863,24196,12,0
278,22790,22790,22863,24196,12,0
279,22791,22791,22863,24196,12,0
280,22813,22813,23101,24434,15,1
281,22816,22816,22863,24196,12,0
282,22826,22826,22863,24196,12,0
283,22840,22840,22863,24196,12,0
284,22845,22845,22863,24196,12,0
285,22863,22863,22863,24196,12,0
286,22864,22864,23101,24434,15,1
287,22873,22873,23101,24434,15,1
288,22883,22883,23101,24434,15,1
289,22887,22887,23157,24490,14,0
290,22890,22890,23157,24490,14,0
291,22893,22893,23101,24434,15,1
292,22919,22919,23101,24434,15,1
293,22956,22956,23157,24490,14,0
294,22958,22958,23101,24434,15,1
295,22966,22966,23101,24434,15,1
296,22969,22969,23157,24490,14,0
297,22986,22986,23157,24490,14,0
298,22992,22992,23157,24490,14,0
299,22994,22994,23101,24434,15,1
300,23006,23006,23101,24434,15,1
301,23026,23026,23157,24490,14,0
302,23030,23030,23101,24434,15,1
303,23031,23031,23157,24490,14,0
304,23039,23039,23157,24490,14,0
305,23046,23046,23101,24434,15,1
306,23053,23053,23157,24490,14,0
307,23053,23053,23101,24434,15,1
308,23058,23058,23157,24490,14,0
309,23064,23064,23157,24490,14,0
310,23081,23081,23157,24490,14,0
311,23088,23088,23101,24434,15,1
312,23090,23090,23157,24490,14,0
313,23092,23092,23157,24490,14,0
314,23101,23101,23101,24434,15,1
315,23106,23106,23317,24650,17,1
316,23117,23117,23157,24490,14,0
317,23123,23123,23157,24490,14,0
318,23124,23124,23317,24650,17,1
319,23130,23130,23157,24490,14,0
320,23131,23131,23317,24650,17,1
321,23137,23137,23317,24650,17,1
322,23138,23138,23317,24650,17,1
323,23139,23139,23317,24650,17,1
324,23149,23149,23317,24650,17,1
325,23153,23153,23157,24490,14,0
326,23157,23157,23157,24490,14,0
327,23160,23160,23380,24713,16,0
328,23170,23170,23317,24650,17,1
329,23175,23175,23317,24650,17,1
330,23178,23178,23317,24650,17,1
331,23179,23179,23380,24713,16,0
332,23187,23187,23317,24650,17,1
333,23192,23192,23317,24650,17,1
334,23201,23201,23380,24713,16,0
335,23210,23210,23380,24713,16,0
336,23214,23214,23317,24650,17,1
337,23216,23216,23317,24650,17,1
338,23234,23234,23380,24713,16,0
339,23247,23247,23317,24650,17,1
340,23250,23250,23380,24713,16,0
341,23266,23266,23380,24713,16,0
342,23266,23266,23317,24650,17,1
343,23269,23269,23317,24650,17,1
344,23276,23276,23380,24713,16,0
345,23277,23277,23317,24650,17,1
346,23280,23280,23317,24650,17,1
347,23303,23303,23380,24713,16,0
348,23308,23308,23380,24713,16,0
349,23317,23317,23317,24650,17,1
350,23318,23318,23466,24799,19,1
351,23321,23321,23380,24713,16,0
352,23332,23332,23380,24713,16,0
353,23335,23335,23380,24713,16,0
354,23337,23337,23380,24713,16,0
355,23345,23345,23380,24713,16,0
356,23358,23358,23466,24799,19,1
357,23360,23360,23380,24713,16,0
358,23361,23361,23466,24799,19,1
359,23362,23362,23380,24713,16,0
360,23365,23365,23466,24799,19,1
361,23370,23370,23380,24713,16,0
362,23378,23378,23380,24713,16,0
363,23380,23380,23380,24713,16,0
364,23385,23385,23466,24799,19,1
365,23386,23386,23466,24799,19,1
366,23389,23389,23622,24955,18,0
367,23391,23391,23622,24955,18,0
368,23391,23391,23466,24799,19,1
369,23394,23394,23466,24799,19,1
370,23395,23395,23466,24799,19,1
371,23397,23397,23466,24799,19,1
372,23405,23405,23466,24799,19,1
373,23412,23412,23466,24799,19,1
374,23417,23417,23622,24955,18,0
375,23420,23420,23466,24799,19,1
376,23427,23427,23622,24955,18,0
377,23428,23428,23466,24799,19,1
378,23429,23429,23622,24955,18,0
379,23437,23437,23466,24799,19,1
380,23447,23447,23466,24799,19,1
381,23448,23448,23466,24799,19,1
382,23449,23449,23466,24799,19,1
383,23452,23452,23466,24799,19,1
384,23458,23458,23622,24955,18,0
385,23459,23459,23622,24955,18,0
386,23463,23463,23622,24955,18,0
387,23466,23466,23466,24799,19,1
388,23467,23467,23616,24949,0,1
389,23476,23476,23622,24955,18,0
390,23477,23477,23616,24949,0,1
391,23478,23478,23622,24955,18,0
392,23480,23480,23616,24949,0,1
393,23481,23481,23622,24955,18,0
394,23484,23484,23616,24949,0,1
395,23488,23488,23616,24949,0,1
396,23492,23492,23622,24955,18,0
397,23504,23504,23622,24955,18,0
398,23518,23518,23622,24955,18,0
399,23528,23528,23616,24949,0,1
400,23531,23531,23616,24949,0,1
401,23534,23534,23616,24949,0,1
402,23537,23537,23616,24949,0,1
403,23566,23566,23622,24955,18,0
404,23574,23574,23616,24949,0,1
405,23579,23579,23616,24949,0,1
406,23580,23580,23616,24949,0,1
407,23581,23581,23616,24949,0,1
408,23583,23583,23622,24955,18,0
409,23586,23586,23616,24949,0,1
410,23590,23590,23616,24949,0,1
411,23598,23598,23616,24949,0,1
412,23601,23601,23616,24949,0,1
413,23609,23609,23616,24949,0,1
414,23610,23610,23616,24949,0,1
415,23614,23614,23622,24955,18,0
416,23616,23616,23616,24949,0,1
417,23618,23618,23849,25182,2,1
418,23620,23620,23622,24955,18,0
419,23621,23621,23622,24955,18,0
420,23622,23622,23622,24955,18,0
421,23624,23624,23849,25182,2,1
422,23629,23629,24008,25341,1,0
423,23643,23643,24008,25341,1,0
424,23651,23651,24008,25341,1,0
425,23663,23663,23849,25182,2,1
426,23665,23665,23849,25182,2,1
427,23667,23667,24008,25341,1,0
428,23670,23670,23849,25182,2,1
429,23686,23686,23849,25182,2,1
430,23728,23728,23849,25182,2,1
431,23731,23731,24008,25341,1,0
432,23758,23758,24008,25341,1,0
433,23767,23767,24008,25341,1,0
434,23802,23802,23849,25182,2,1
435,23813,23813,23849,25182,2,1
436,23815,23815,23849,25182,2,1
437,23818,23818,23849,25182,2,1
438,23825,23825,23849,25182,2,1
439,23828,23828,23849,25182,2,1
440,23830,23830,23849,25182,2,1
441,23831,23831,24008,25341,1,0
442,23831,23831,23849,25182,2,1
443,23833,23833,23849,25182,2,1
444,23838,23838,23849,25182,2,1
445,23845,23845,23849,25182,2,1
446,23847,23847,23849,25182,2,1
447,23849,23849,23849,25182,2,1
448,23850,23850,24008,25341,1,0
449,23860,23860,23997,25330,4,1
450,23861,23861,24008,25341,1,0
451,23863,23863,24008,25341,1,0
452,23879,23879,23997,25330,4,1
453,23882,23882,23997,25330,4,1
454,23883,23883,23997,25330,4,1
455,23891,23891,23997,25330,4,1
456,23893,23893,23997,25330,4,1
457,23895,23895,24008,25341,1,0
458,23900,23900,23997,25330,4,1
459,23903,23903,23997,25330,4,1
460,23905,23905,23997,25330,4,1
461,23906,23906,23997,25330,4,1
462,23910,23910,23997,25330,4,1
463,23911,23911,24008,25341,1,0
464,23913,23913,23997,25330,4,1
465,23914,23914,24008,25341,1,0
466,23920,23920,24008,25341,1,0
467,23920,23920,23997,25330,4,1
468,23922,23922,23997,25330,4,1
469,23926,23926,24008,25341,1,0
470,23934,23934,23997,25330,4,1
471,23937,23937,24008,25341,1,0
472,23947,23947,24008,25341,1,0
473,23947,23947,23997,25330,4,1
474,23949,23949,23997,25330,4,1
475,23962,23962,23997,25330,4,1
476,23971,23971,23997,25330,4,1
477,23997,23997,23997,25330,4,1
478,23999,23999,24231,25564,6,1
479,24003,24003,24231,25564,6,1
480,24006,24006,24008,25341,1,0
481,24008,24008,24008,25341,1,0
482,24017,24017,24231,25564,6,1
483,24048,24048,24237,25570,3,0
484,24049,24049,24231,25564,6,1
485,24051,24051,24237,25570,3,0
486,24067,24067,24237,25570,3,0
487,24075,24075,24231,25564,6,1
488,24111,24111,24237,25570,3,0
489,24112,24112,24237,25570,3,0
490,24117,24117,24231,25564,6,1
491,24122,24122,24231,25564,6,1
492,24126,24126,24231,25564,6,1
493,24128,24128,24231,25564,6,1
494,24134,24134,24237,25570,3,0
495,24142,24142,24237,25570,3,0
496,24143,24143,24231,25564,6,1
497,24145,24145,24231,25564,6,1
498,24151,24151,24231,25564,6,1
499,24155,24155,24237,25570,3,0
500,24157,24157,24237,25570,3,0
501,24158,24158,24237,25570,3,0
502,24162,24162,24237,25570,3,0
503,24162,24162,24231,25564,6,1
504,24166,24166,24237,25570,3,0
505,24169,24169,24237,25570,3,0
506,24176,24176,24237,25570,3,0
507,24178,24178,24237,25570,3,0
508,24182,24182,24231,25564,6,1
509,24184,24184,24231,25564,6,1
510,24185,24185,24231,25564,6,1
511,24191,24191,24237,25570,3,0
512,24192,24192,24231,25564,6,1
513,24199,24199,24237,25570,3,0
514,24210,24210,24231,25564,6,1
515,24222,24222,24231,25564,6,1
516,24231,24231,24231,25564,6,1
517,24232,24232,24237,25570,3,0
518,24234,24234,24398,25731,8,1
519,24236,24236,24237,25570,3,0
520,24237,24237,24237,25570,3,0
521,24238,24238,24398,25731,8,1
522,24246,24246,24528,25861,5,0
523,24266,24266,24398,25731,8,1
524,24268,24268,24398,25731,8,1
525,24281,24281,24528,25861,5,0
526,24288,24288,24398,25731,8,1
527,24294,24294,24398,25731,8,1
528,24297,24297,24398,25731,8,1
529,24302,24302,24528,25861,5,0
530,24312,24312,24528,25861,5,0
531,24314,24314,24398,25731,8,1
532,24322,24322,24398,25731,8,1
533,24323,24323,24528,25861,5,0
534,24323,24323,24398,25731,8,1
535,24325,24325,24528,25861,5,0
536,24332,24332,24398,25731,8,1
537,24333,24333,24398,25731,8,1
538,24336,24336,24398,25731,8,1
539,24338,24338,24528,25861,5,0
540,24345,24345,24398,25731,8,1
541,24347,24347,24528,25861,5,0
542,24348,24348,24398,25731,8,1
543,24361,24361,24528,25861,5,0
544,24365,24365,24398,25731,8,1
545,24385,24385,24528,25861,5,0
546,24385,24385,24398,25731,8,1
547,24392,24392,24398,25731,8,1
548,24395,24395,24398,25731,8,1
549,24398,24398,24398,25731,8,1
550,24410,24410,24705,26038,10,1
551,24413,24413,24528,25861,5,0
552,24418,24418,24705,26038,10,1
553,24456,24456,24528,25861,5,0
554,24467,24467,24705,26038,10,1
555,24469,24469,24528,25861,5,0
556,24472,24472,24528,25861,5,0
557,24479,24479,24528,25861,5,0
558,24513,24513,24528,25861,5,0
559,24514,24514,24705,26038,10,1
560,24515,24515,24528,25861,5,0
561,24515,24515,24705,26038,10,1
562,24518,24518,24705,26038,10,1
563,24526,24526,24528,25861,5,0
564,24527,24527,24528,25861,5,0
565,24528,24528,24528,25861,5,0
566,24530,24530,24705,26038,10,1
567,24532,24532,24705,26038,10,1
568,24534,24534,24705,26038,10,1
569,24548,24548,24705,26038,10,1
570,24550,24550,24705,26038,10,1
571,24552,24552,24760,26093,7,0
572,24564,24564,24705,26038,10,1
573,24572,24572,24760,26093,7,0
574,24589,24589,24760,26093,7,0
575,24591,24591,24705,26038,10,1
576,24597,24597,24760,26093,7,0
577,24598,24598,24760,26093,7,0
578,24609,24609,24760,26093,7,0
579,24625,24625,24760,26093,7,0
580,24629,24629,24705,26038,10,1
581,24637,24637,24705,26038,10,1
582,24647,24647,24705,26038,10,1
583,24652,24652,24760,26093,7,0
584,24658,24658,24705,26038,10,1
585,24668,24668,24760,26093,7,0
586,24673,24673,24760,26093,7,0
587,24680,24680,24705,26038,10,1
588,24683,24683,24760,26093,7,0
589,24690,24690,24705,26038,10,1
590,24695,24695,24760,26093,7,0
591,24705,24705,24705,26038,10,1
592,24709,24709,24760,26093,7,0
593,24724,24724,24760,26093,7,0
594,24746,24746,24760,26093,7,0
595,24749,24749,24760,26093,7,0
596,24749,24749,24926,26259,12,1
597,24750,24750,24926,26259,12,1
598,24752,24752,24760,26093,7,0
599,24753,24753,24760,26093,7,0
600,24756,24756,24926,26259,12,1
601,24759,24759,24760,26093,7,0
602,24760,24760,24760,26093,7,0
603,24765,24765,24967,26300,9,0
604,24770,24770,24926,26259,12,1
605,24774,24774,24926,26259,12,1
606,24776,24776,24967,26300,9,0
607,24780,24780,24967,26300,9,0
608,24785,24785,24926,26259,12,1
609,24787,24787,24967,26300,9,0
610,24808,24808,24926,26259,12,1
611,24813,24813,24967,26300,9,0
612,24816,24816,24926,26259,12,1
613,24824,24824,24926,26259,12,1
614,24826,24826,24926,26259,12,1
615,24828,24828,24926,26259,12,1
616,24842,24842,24967,26300,9,0
617,24846,24846,24926,26259,12,1
618,24849,24849,24926,26259,12,1
619,24852,24852,24967,26300,9,0
620,24854,24854,24967,26300,9,0
621,24855,24855,24967,26300,9,0
622,24865,24865,24967,26300,9,0
623,24867,24867,24967,26300,9,0
624,24869,24869,24926,26259,12,1
625,24883,24883,24967,26300,9,0
626,24884,24884,24926,26259,12,1
627,24893,24893,24967,26300,9,0
628,24896,24896,24967,26300,9,0
629,24902,24902,24967,26300,9,0
630,24905,24905,24926,26259,12,1
631,24906,24906,24967,26300,9,0
632,24911,24911,24926,26259,12,1
633,24917,24917,24926,26259,12,1
634,24922,24922,24926,26259,12,1
635,24926,24926,24926,26259,12,1
636,24943,24943,25113,26446,14,1
637,24946,24946,25113,26446,14,1
638,24951,24951,24967,26300,9,0
639,24957,24957,25113,26446,14,1
640,24960,24960,24967,26300,9,0
641,24964,24964,24967,26300,9,0
642,24967,24967,24967,26300,9,0
643,24971,24971,25200,26533,11,0
644,24971,24971,25113,26446,14,1
645,24980,24980,25113,26446,14,1
646,24983,24983,25200,26533,11,0
647,24986,24986,25113,26446,14,1
648,24987,24987,25113,26446,14,1
649,24989,24989,25200,26533,11,0
650,24989,24989,25113,26446,14,1
651,24997,24997,25113,26446,14,1
652,25001,25001,25113,26446,14,1
653,25002,25002,25113,26446,14,1
654,25009,25009,25200,26533,11,0
655,25015,25015,25113,26446,14,1
656,25016,25016,25113,26446,14,1
657,25019,25019,25200,26533,11,0
658,25035,25035,25113,26446,14,1
659,25038,25038,25113,26446,14,1
660,25039,25039,25200,26533,11,0
661,25051,25051,25200,26533,11,0
662,25054,25054,25200,26533,11,0
663,25060,25060,25113,26446,14,1
664,25063,25063,25200,26533,11,0
665,25083,25083,25113,26446,14,1
666,25086,25086,25113,26446,14,1
667,25098,25098,25113,26446,14,1
668,25105,25105,25200,26533,11,0
669,25111,25111,25200,26533,11,0
670,25113,25113,25113,26446,14,1
671,25118,25118,25319,26652,16,1
672,25120,25120,25200,26533,11,0
673,25131,25131,25200,26533,11,0
674,25136,25136,25200,26533,11,0
675,25140,25140,25319,26652,16,1
676,25145,25145,25200,26533,11,0
677,25145,25145,25319,26652,16,1
678,25152,25152,25200,26533,11,0
679,25162,25162,25319,26652,16,1
680,25164,25164,25200,26533,11,0
681,25169,25169,25319,26652,16,1
682,25172,25172,25319,26652,16,1
683,25174,25174,25200,26533,11,0
684,25180,25180,25200,26533,11,0
685,25188,25188,25319,26652,16,1
686,25193,25193,25319,26652,16,1
687,25200,25200,25200,26533,11,0
688,25204,25204,25319,26652,16,1
689,25206,25206,25384,26717,13,0
690,25212,25212,25319,26652,16,1
691,25217,25217,25384,26717,13,0
692,25224,25224,25319,26652,16,1
693,25225,25225,25319,26652,16,1
694,25226,25226,25319,26652,16,1
695,25227,25227,25384,26717,13,0
696,25228,25228,25384,26717,13,0
697,25229,25229,25319,26652,16,1
698,25231,25231,25319,26652,16,1
699,25234,25234,25384,26717,13,0
700,25234,25234,25319,26652,16,1
701,25235,25235,25384,26717,13,0
702,25239,25239,25384,26717,13,0
703,25245,25245,25319,26652,16,1
704,25262,25262,25384,26717,13,0
705,25273,25273,25384,26717,13,0
706,25274,25274,25384,26717,13,0
707,25287,25287,25319,26652,16,1
708,25289,25289,25384,26717,13,0
709,25301,25301,25319,26652,16,1
710,25311,25311,25384,26717,13,0
711,25313,25313,25384,26717,13,0
712,25316,25316,25384,26717,13,0
713,25319,25319,25319,26652,16,1
714,25322,25322,25535,26868,18,1
715,25325,25325,25535,26868,18,1
716,25328,25328,25384,26717,13,0
717,25343,25343,25384,26717,13,0
718,25347,25347,25535,26868,18,1
719,25350,25350,25535,26868,18,1
720,25359,25359,25384,26717,13,0
721,25374,25374,25384,26717,13,0
722,25379,25379,25535,26868,18,1
723,25382,25382,25384,26717,13,0
724,25384,25384,25384,26717,13,0
725,25389,25389,25569,26902,15,0
726,25392,25392,25569,26902,15,0
727,25399,25399,25569,26902,15,0
728,25400,25400,25535,26868,18,1
729,25405,25405,25569,26902,15,0
730,25407,25407,25535,26868,18,1
731,25408,25408,25535,26868,18,1
732,25409,25409,25569,26902,15,0
733,25413,25413,25535,26868,18,1
734,25417,25417,25535,26868,18,1
735,25419,25419,25535,26868,18,1
736,25427,25427,25535,26868,18,1
737,25437,25437,25569,26902,15,0
738,25441,25441,25569,26902,15,0
739,25445,25445,25569,26902,15,0
740,25448,25448,25535,26868,18,1
741,25454,25454,25569,26902,15,0
742,25455,25455,25569,26902,15,0
743,25456,25456,25569,26902,15,0
744,25462,25462,25569,26902,15,0
745,25466,25466,25535,26868,18,1
746,25471,25471,25535,26868,18,1
747,25472,25472,25569,26902,15,0
748,25482,25482,25535,26868,18,1
749,25489,25489,25535,26868,18,1
750,25491,25491,25569,26902,15,0
751,25491,25491,25535,26868,18,1
752,25501,25501,25569,26902,15,0
753,25507,25507,25569,26902,15,0
754,25514,25514,25535,26868,18,1
755,25534,25534,25569,26902,15,0
756,25535,25535,25535,26868,18,1
757,25538,25538,25892,27225,1,1
758,25544,25544,25569,26902,15,0
759,25545,25545,25569,26902,15,0
760,25569,25569,25569,26902,15,0
761,25578,25578,25829,27162,17,0
762,25579,25579,25892,27225,1,1
763,25594,25594,25892,27225,1,1
764,25598,25598,25892,27225,1,1
765,25601,25601,25829,27162,17,0
766,25607,25607,25829,27162,17,0
767,25618,25618,25829,27162,17,0
768,25625,25625,25829,27162,17,0
769,25630,25630,25829,27162,17,0
770,25645,25645,25829,27162,17,0
771,25646,25646,25829,27162,17,0
772,25648,25648,25892,27225,1,1
773,25661,25661,25892,27225,1,1
774,25670,25670,25892,27225,1,1
775,25673,25673,25829,27162,17,0
776,25690,25690,25829,27162,17,0
777,25710,25710,25829,27162,17,0
778,25724,25724,25892,27225,1,1
779,25732,25732,25892,27225,1,1
780,25740,25740,25892,27225,1,1
781,25741,25741,25892,27225,1,1
782,25743,25743,25892,27225,1,1
783,25750,25750,25829,27162,17,0
784,25762,25762,25829,27162,17,0
785,25770,25770,25829,27162,17,0
786,25771,25771,25892,27225,1,1
787,25784,25784,25829,27162,17,0
788,25790,25790,25829,27162,17,0
789,25792,25792,25829,27162,17,0
790,25807,25807,25829,27162,17,0
791,25816,25816,25892,27225,1,1
792,25823,25823,25829,27162,17,0
793,25829,25829,25829,27162,17,0
794,25838,25838,26176,27509,19,0
795,25839,25839,25892,27225,1,1
796,25840,25840,26176,27509,19,0
797,25845,25845,25892,27225,1,1
798,25851,25851,25892,27225,1,1
799,25852,25852,26176,27509,19,0
800,25874,25874,25892,27225,1,1
801,25884,25884,25892,27225,1,1
802,25892,25892,25892,27225,1,1
803,25893,25893,26131,27464,3,1
804,25904,25904,26176,27509,19,0
805,25908,25908,26176,27509,19,0
806,25908,25908,26131,27464,3,1
807,25912,25912,26131,27464,3,1
808,25914,25914,26131,27464,3,1
809,25921,25921,26176,27509,19,0
810,25940,25940,26176,27509,19,0
811,25953,25953,26176,27509,19,0
812,25954,25954,26131,27464,3,1
813,25987,25987,26176,27509,19,0
814,25988,25988,26131,27464,3,1
815,25990,25990,26131,27464,3,1
816,26006,26006,26131,27464,3,1
817,26009,26009,26131,27464,3,1
818,26017,26017,26176,27509,19,0
819,26028,26028,26176,27509,19,0
820,26030,26030,26131,27464,3,1
821,26040,26040,26176,27509,19,0
822,26041,26041,26176,27509,19,0
823,26055,26055,26131,27464,3,1
824,26056,26056,26176,27509,19,0
825,26057,26057,26131,27464,3,1
826,26060,26060,26176,27509,19,0
827,26069,26069,26176,27509,19,0
828,26071,26071,26131,27464,3,1
829,26073,26073,26131,27464,3,1
830,26078,26078,26131,27464,3,1
831,26081,26081,26131,27464,3,1
832,26084,26084,26176,27509,19,0
833,26100,26100,26131,27464,3,1
834,26114,26114,26131,27464,3,1
835,26118,26118,26131,27464,3,1
836,26131,26131,26131,27464,3,1
837,26143,26143,26176,27509,19,0
838,26148,26148,26441,27774,5,1
839,26152,26152,26176,27509,19,0
840,26162,26162,26441,27774,5,1
841,26176,26176,26176,27509,19,0
842,26180,26180,26474,27807,0,0
843,26223,26223,26441,27774,5,1
844,26227,26227,26441,27774,5,1
845,26232,26232,26441,27774,5,1
846,26234,26234,26474,27807,0,0
847,26245,26245,26474,27807,0,0
848,26245,26245,26441,27774,5,1
849,26258,26258,26441,27774,5,1
850,26261,26261,26441,27774,5,1
851,26267,26267,26474,27807,0,0
852,26267,26267,26441,27774,5,1
853,26277,26277,26474,27807,0,0
854,26281,26281,26441,27774,5,1
855,26297,26297,26441,27774,5,1
856,26309,26309,26474,27807,0,0
857,26320,26320,26474,27807,0,0
858,26329,26329,26474,27807,0,0
859,26331,26331,26441,27774,5,1
860,26338,26338,26474,27807,0,0
861,26339,26339,26474,27807,0,0
862,26356,26356,26474,27807,0,0
863,26357,26357,26474,27807,0,0
864,26360,26360,26441,27774,5,1
865,26370,26370,26474,27807,0,0
866,26370,26370,26441,27774,5,1
867,26372,26372,26474,27807,0,0
868,26377,26377,26441,27774,5,1
869,26382,26382,26474,27807,0,0
870,26383,26383,26474,27807,0,0
871,26392,26392,26441,27774,5,1
872,26403,26403,26441,27774,5,1
873,26430,26430,26441,27774,5,1
874,26435,26435,26474,27807,0,0
875,26436,26436,26474,27807,0,0
876,26439,26439,26441,27774,5,1
877,26441,26441,26441,27774,5,1
878,26444,26444,26718,28051,7,1
879,26447,26447,26718,28051,7,1
880,26471,26471,26474,27807,0,0
881,26474,26474,26474,27807,0,0
882,26476,26476,26718,28051,7,1
883,26481,26481,26718,28051,7,1
884,26495,26495,26666,27999,2,0
885,26501,26501,26666,27999,2,0
886,26512,26512,26666,27999,2,0
887,26513,26513,26666,27999,2,0
888,26525,26525,26666,27999,2,0
889,26532,26532,26666,27999,2,0
890,26539,26539,26666,27999,2,0
891,26541,26541,26718,28051,7,1
892,26548,26548,26718,28051,7,1
893,26559,26559,26666,27999,2,0
894,26562,26562,26666,27999,2,0
895,26563,26563,26718,28051,7,1
896,26565,26565,26718,28051,7,1
897,26570,26570,26718,28051,7,1
898,26580,26580,26666,27999,2,0
899,26582,26582,26666,27999,2,0
900,26585,26585,26666,27999,2,0
901,26595,26595,26666,27999,2,0
902,26598,26598,26666,27999,2,0
903,26607,26607,26666,27999,2,0
904,26608,26608,26718,28051,7,1
905,26609,26609,26718,28051,7,1
906,26612,26612,26666,27999,2,0
907,26621,26621,26718,28051,7,1
908,26630,26630,26718,28051,7,1
909,26634,26634,26718,28051,7,1
910,26647,26647,26666,27999,2,0
911,26652,26652,26718,28051,7,1
912,26659,26659,26666,27999,2,0
913,26664,26664,26666,27999,2,0
914,26664,26664,26718,28051,7,1
915,26666,26666,26666,27999,2,0
916,26683,26683,26718,28051,7,1
917,26686,26686,26897,28230,4,0
918,26694,26694,26897,28230,4,0
919,26702,26702,26718,28051,7,1
920,26706,26706,26718,28051,7,1
921,26717,26717,26897,28230,4,0
922,26718,26718,26897,28230,4,0
923,26718,26718,26718,28051,7,1
924,26733,26733,26995,28328,9,1
925,26735,26735,26897,28230,4,0
926,26740,26740,26897,28230,4,0
927,26745,26745,26897,28230,4,0
928,26746,26746,26897,28230,4,0
929,26748,26748,26897,28230,4,0
930,26754,26754,26995,28328,9,1
931,26758,26758,26897,28230,4,0
932,26772,26772,26995,28328,9,1
933,26781,26781,26897,28230,4,0
934,26791,26791,26897,28230,4,0
935,26793,26793,26995,28328,9,1
936,26820,26820,26995,28328,9,1
937,26825,26825,26897,28230,4,0
938,26828,26828,26995,28328,9,1
939,26837,26837,26995,28328,9,1
940,26842,26842,26897,28230,4,0
941,26844,26844,26995,28328,9,1
942,26845,26845,26897,28230,4,0
943,26846,26846,26995,28328,9,1
944,26848,26848,26897,28230,4,0
945,26858,26858,26995,28328,9,1
946,26861,26861,26995,28328,9,1
947,26870,26870,26897,28230,4,0
948,26883,26883,26897,28230,4,0
949,26884,26884,26897,28230,4,0
950,26885,26885,26995,28328,9,1
951,26897,26897,26897,28230,4,0
952,26903,26903,27182,28515,6,0
953,26905,26905,26995,28328,9,1
954,26911,26911,26995,28328,9,1
955,26919,26919,26995,28328,9,1
956,26929,26929,26995,28328,9,1
957,26932,26932,27182,28515,6,0
958,26933,26933,27182,28515,6,0
959,26943,26943,27182,28515,6,0
960,26947,26947,27182,28515,6,0
961,26952,26952,26995,28328,9,1
962,26975,26975,27182,28515,6,0
963,26987,26987,26995,28328,9,1
964,26988,26988,27182,28515,6,0
965,26990,26990,26995,28328,9,1
966,26995,26995,26995,28328,9,1
967,26997,26997,27259,28592,11,1
968,27020,27020,27259,28592,11,1
969,27023,27023,27259,28592,11,1
970,27026,27026,27182,28515,6,0
971,27048,27048,27182,28515,6,0
972,27051,27051,27182,28515,6,0
973,27071,27071,27259,28592,11,1
974,27074,27074,27259,28592,11,1
975,27080,27080,27259,28592,11,1
976,27085,27085,27182,28515,6,0
977,27089,27089,27182,28515,6,0
978,27095,27095,27259,28592,11,1
979,27097,27097,27259,28592,11,1
980,27098,27098,27259,28592,11,1
981,27113,27113,27182,28515,6,0
982,27125,27125,27259,28592,11,1
983,27131,27131,27182,28515,6,0
984,27138,27138,27182,28515,6,0
985,27138,27138,27259,28592,11,1
986,27145,27145,27259,28592,11,1
987,27148,27148,27182,28515,6,0
988,27152,27152,27182,28515,6,0
989,27153,27153,27259,28592,11,1
990,27165,27165,27259,28592,11,1
991,27168,27168,27259,28592,11,1
992,27176,27176,27182,28515,6,0
993,27180,27180,27182,28515,6,0
994,27182,27182,27182,28515,6,0
995,27189,27189,27259,28592,11,1
996,27190,27190,27259,28592,11,1
997,27217,27217,27414,28747,8,0
998,27221,27221,27414,28747,8,0
999,27222,27222,27414,28747,8,0
1000,27229,27229,27259,28592,11,1
1001,27239,27239,27259,28592,11,1
1002,27253,27253,27414,28747,8,0
1003,27255,27255,27414,28747,8,0
1004,27259,27259,27259,28592,11,1
1005,27263,27263,27471,28804,13,1
1006,27286,27286,27471,28804,13,1
1007,27291,27291,27414,28747,8,0
1008,27300,27300,27471,28804,13,1
1009,27304,27304,27471,28804,13,1
1010,27306,27306,27471,28804,13,1
1011,27312,27312,27471,28804,13,1
1012,27314,27314,27414,28747,8,0
1013,27320,27320,27471,28804,13,1
1014,27324,27324,27414,28747,8,0
1015,27327,27327,27471,28804,13,1
1016,27332,27332,27414,28747,8,0
1017,27336,27336,27414,28747,8,0
1018,27352,27352,27414,28747,8,0
1019,27352,27352,27471,28804,13,1
1020,27353,27353,27414,28747,8,0
1021,27355,27355,27414,28747,8,0
1022,27358,27358,27414,28747,8,0
1023,27360,27360,27414,28747,8,0
1024,27360,27360,27471,28804,13,1
1025,27361,27361,27471,28804,13,1
1026,27364,27364,27414,28747,8,0
1027,27369,27369,27471,28804,13,1
1028,27370,27370,27471,28804,13,1
1029,27371,27371,27414,28747,8,0
1030,27375,27375,27471,28804,13,1
1031,27385,27385,27471,28804,13,1
1032,27404,27404,27414,28747,8,0
1033,27411,27411,27471,28804,13,1
1034,27413,27413,27414,28747,8,0
1035,27414,27414,27414,28747,8,0
1036,27415,27415,27665,28998,10,0
1037,27416,27416,27665,28998,10,0
1038,27422,27422,27665,28998,10,0
1039,27430,27430,27665,28998,10,0
1040,27431,27431,27471,28804,13,1
1041,27443,27443,27665,28998,10,0
1042,27457,27457,27471,28804,13,1
1043,27464,27464,27471,28804,13,1
1044,27468,27468,27665,28998,10,0
1045,27471,27471,27471,28804,13,1
1046,27476,27476,27691,29024,15,1
1047,27479,27479,27691,29024,15,1
1048,27481,27481,27691,29024,15,1
1049,27484,27484,27665,28998,10,0
1050,27501,27501,27691,29024,15,1
1051,27508,27508,27691,29024,15,1
1052,27512,27512,27665,28998,10,0
1053,27513,27513,27691,29024,15,1
1054,27524,27524,27665,28998,10,0
1055,27528,27528,27691,29024,15,1
1056,27532,27532,27665,28998,10,0
1057,27532,27532,27691,29024,15,1
1058,27542,27542,27665,28998,10,0
1059,27543,27543,27691,29024,15,1
1060,27547,27547,27691,29024,15,1
1061,27553,27553,27691,29024,15,1
1062,27562,27562,27665,28998,10,0
1063,27573,27573,27691,29024,15,1
1064,27574,27574,27691,29024,15,1
1065,27590,27590,27691,29024,15,1
1066,27594,27594,27691,29024,15,1
1067,27595,27595,27691,29024,15,1
1068,27606,27606,27665,28998,10,0
1069,27611,27611,27665,28998,10,0
1070,27617,27617,27665,28998,10,0
1071,27626,27626,27665,28998,10,0
1072,27639,27639,27691,29024,15,1
1073,27645,27645,27665,28998,10,0
1074,27649,27649,27665,28998,10,0
1075,27652,27652,27665,28998,10,0
1076,27665,27665,27665,28998,10,0
1077,27673,27673,27691,29024,15,1
1078,27678,27678,27996,29329,12,0
1079,27689,27689,27691,29024,15,1
1080,27691,27691,27691,29024,15,1
1081,27719,27719,27898,29231,17,1
1082,27732,27732,27996,29329,12,0
1083,27738,27738,27898,29231,17,1
1084,27748,27748,27996,29329,12,0
1085,27750,27750,27898,29231,17,1
1086,27755,27755,27996,29329,12,0
1087,27758,27758,27898,29231,17,1
1088,27763,27763,27996,29329,12,0
1089,27769,27769,27898,29231,17,1
1090,27774,27774,27898,29231,17,1
1091,27777,27777,27898,29231,17,1
1092,27790,27790,27898,29231,17,1
1093,27796,27796,27898,29231,17,1
1094,27801,27801,27898,29231,17,1
1095,27803,27803,27996,29329,12,0
1096,27823,27823,27898,29231,17,1
1097,27833,27833,27898,29231,17,1
1098,27848,27848,27996,29329,12,0
1099,27848,27848,27898,29231,17,1
1100,27864,27864,27898,29231,17,1
1101,27865,27865,27898,29231,17,1
1102,27875,27875,27898,29231,17,1
1103,27883,27883,27898,29231,17,1
1104,27890,27890,27996,29329,12,0
1105,27891,27891,27898,29231,17,1
1106,27894,27894,27898,29231,17,1
1107,27898,27898,27898,29231,17,1
1108,27911,27911,27996,29329,12,0
1109,27922,27922,27996,29329,12,0
1110,27930,27930,27996,29329,12,0
1111,27932,27932,27996,29329,12,0
1112,27946,27946,27996,29329,12,0
1113,27947,27947,28167,29500,19,1
1114,27948,27948,27996,29329,12,0
1115,27951,27951,27996,29329,12,0
1116,27955,27955,28167,29500,19,1
1117,27972,27972,28167,29500,19,1
1118,27973,27973,27996,29329,12,0
1119,27974,27974,27996,29329,12,0
1120,27974,27974,28167,29500,19,1
1121,27976,27976,28167,29500,19,1
1122,27988,27988,27996,29329,12,0
1123,27989,27989,28167,29500,19,1
1124,27992,27992,27996,29329,12,0
1125,27993,27993,28167,29500,19,1
1126,27995,27995,28167,29500,19,1
1127,27996,27996,27996,29329,12,0
1128,28000,28000,28167,29500,19,1
1129,28004,28004,28167,29500,19,1
1130,28009,28009,28167,29500,19,1
1131,28010,28010,28270,29603,14,0
1132,28037,28037,28270,29603,14,0
1133,28039,28039,28270,29603,14,0
1134,28044,28044,28167,29500,19,1
1135,28048,28048,28167,29500,19,1
1136,28051,28051,28270,29603,14,0
1137,28064,28064,28270,29603,14,0
1138,28071,28071,28167,29500,19,1
1139,28073,28073,28270,29603,14,0
1140,28082,28082,28167,29500,19,1
1141,28091,28091,28270,29603,14,0
1142,28092,28092,28270,29603,14,0
1143,28097,28097,28270,29603,14,0
1144,28102,28102,28270,29603,14,0
1145,28110,28110,28167,29500,19,1
1146,28118,28118,28270,29603,14,0
1147,28120,28120,28167,29500,19,1
1148,28122,28122,28270,29603,14,0
1149,28135,28135,28270,29603,14,0
1150,28140,28140,28167,29500,19,1
1151,28151,28151,28270,29603,14,0
1152,28162,28162,28167,29500,19,1
1153,28165,28165,28270,29603,14,0
1154,28167,28167,28270,29603,14,0
1155,28167,28167,28167,29500,19,1
1156,28192,28192,28371,29704,0,1
1157,28199,28199,28371,29704,0,1
1158,28205,28205,28270,29603,14,0
1159,28228,28228,28371,29704,0,1
1160,28238,28238,28371,29704,0,1
1161,28242,28242,28270,29603,14,0
1162,28249,28249,28371,29704,0,1
1163,28251,28251,28371,29704,0,1
1164,28258,28258,28270,29603,14,0
1165,28258,28258,28371,29704,0,1
1166,28264,28264,28371,29704,0,1
1167,28269,28269,28371,29704,0,1
1168,28270,28270,28270,29603,14,0
1169,28274,28274,28480,29813,16,0
1170,28275,28275,28480,29813,16,0
1171,28281,28281,28371,29704,0,1
1172,28290,28290,28480,29813,16,0
1173,28296,28296,28371,29704,0,1
1174,28319,28319,28371,29704,0,1
1175,28320,28320,28480,29813,16,0
1176,28322,28322,28371,29704,0,1
1177,28325,28325,28371,29704,0,1
1178,28331,28331,28371,29704,0,1
1179,28335,28335,28480,29813,16,0
1180,28335,28335,28371,29704,0,1
1181,28340,28340,28371,29704,0,1
1182,28341,28341,28480,29813,16,0
1183,28345,28345,28371,29704,0,1
1184,28347,28347,28480,29813,16,0
1185,28347,28347,28371,29704,0,1
1186,28352,28352,28480,29813,16,0
1187,28353,28353,28480,29813,16,0
1188,28364,28364,28480,29813,16,0
1189,28371,28371,28371,29704,0,1
1190,28378,28378,28480,29813,16,0
1191,28378,28378,28526,29859,2,1
1192,28381,28381,28526,29859,2,1
1193,28392,28392,28480,29813,16,0
1194,28392,28392,28526,29859,2,1
1195,28395,28395,28526,29859,2,1
1196,28402,28402,28526,29859,2,1
1197,28409,28409,28480,29813,16,0
1198,28416,28416,28480,29813,16,0
1199,28424,28424,28480,29813,16,0
1200,28429,28429,28526,29859,2,1
1201,28430,28430,28526,29859,2,1
1202,28444,28444,28526,29859,2,1
1203,28451,28451,28480,29813,16,0
1204,28451,28451,28526,29859,2,1
1205,28455,28455,28480,29813,16,0
1206,28455,28455,28526,29859,2,1
1207,28462,28462,28526,29859,2,1
1208,28472,28472,28526,29859,2,1
1209,28473,28473,28480,29813,16,0
1210,28476,28476,28480,29813,16,0
1211,28476,28476,28526,29859,2,1
1212,28479,28479,28526,29859,2,1
1213,28480,28480,28480,29813,16,0
1214,28481,28481,28526,29859,2,1
1215,28483,28483,28526,29859,2,1
1216,28489,28489,28752,30085,18,0
1217,28495,28495,28752,30085,18,0
1218,28503,28503,28526,29859,2,1
1219,28516,28516,28526,29859,2,1
1220,28517,28517,28752,30085,18,0
1221,28518,28518,28526,29859,2,1
1222,28526,28526,28526,29859,2,1
1223,28528,28528,28874,30207,4,1
1224,28533,28533,28874,30207,4,1
1225,28536,28536,28874,30207,4,1
1226,28537,28537,28752,30085,18,0
1227,28554,28554,28752,30085,18,0
1228,28575,28575,28874,30207,4,1
1229,28576,28576,28752,30085,18,0
1230,28584,28584,28752,30085,18,0
1231,28600,28600,28752,30085,18,0
1232,28613,28613,28752,30085,18,0
1233,28635,28635,28752,30085,18,0
1234,28641,28641,28752,30085,18,0
1235,28659,28659,28752,30085,18,0
1236,28663,28663,28874,30207,4,1
1237,28672,28672,28752,30085,18,0
1238,28674,28674,28874,30207,4,1
1239,28681,28681,28874,30207,4,1
1240,28685,28685,28874,30207,4,1
1241,28688,28688,28752,30085,18,0
1242,28688,28688,28874,30207,4,1
1243,28703,28703,28752,30085,18,0
1244,28703,28703,28874,30207,4,1
1245,28707,28707,28752,30085,18,0
1246,28718,28718,28874,30207,4,1
1247,28719,28719,28874,30207,4,1
1248,28726,28726,28752,30085,18,0
1249,28734,28734,28752,30085,18,0
1250,28736,28736,28874,30207,4,1
1251,28738,28738,28752,30085,18,0
1252,28750,28750,28874,30207,4,1
1253,28752,28752,28752,30085,18,0
1254,28752,28752,28874,30207,4,1
1255,28756,28756,28995,30328,1,0
1256,28757,28757,28995,30328,1,0
1257,28761,28761,28874,30207,4,1
1258,28762,28762,28995,30328,1,0
1259,28768,28768,28874,30207,4,1
1260,28778,28778,28995,30328,1,0
1261,28783,28783,28995,30328,1,0
1262,28791,28791,28995,30328,1,0
1263,28792,28792,28995,30328,1,0
1264,28808,28808,28995,30328,1,0
1265,28809,28809,28874,30207,4,1
1266,28816,28816,28995,30328,1,0
1267,28842,28842,28995,30328,1,0
1268,28850,28850,28995,30328,1,0
1269,28866,28866,28874,30207,4,1
1270,28874,28874,28874,30207,4,1
1271,28880,28880,28995,30328,1,0
1272,28892,28892,29081,30414,6,1
1273,28902,28902,29081,30414,6,1
1274,28904,28904,29081,30414,6,1
1275,28909,28909,28995,30328,1,0
1276,28929,28929,29081,30414,6,1
1277,28932,28932,28995,30328,1,0
1278,28932,28932,29081,30414,6,1
1279,28938,28938,28995,30328,1,0
1280,28945,28945,28995,30328,1,0
1281,28947,28947,29081,30414,6,1
1282,28949,28949,28995,30328,1,0
1283,28951,28951,29081,30414,6,1
1284,28956,28956,28995,30328,1,0
1285,28956,28956,29081,30414,6,1
1286,28973,28973,28995,30328,1,0
1287,28985,28985,29081,30414,6,1
1288,28993,28993,29081,30414,6,1
1289,28995,28995,28995,30328,1,0
1290,28996,28996,29252,30585,3,0
1291,28998,28998,29252,30585,3,0
1292,29005,29005,29081,30414,6,1
1293,29006,29006,29252,30585,3,0
1294,29007,29007,29081,30414,6,1
1295,29011,29011,29081,30414,6,1
1296,29022,29022,29252,30585,3,0
1297,29030,29030,29081,30414,6,1
1298,29040,29040,29252,30585,3,0
1299,29040,29040,29081,30414,6,1
1300,29045,29045,29081,30414,6,1
1301,29047,29047,29081,30414,6,1
1302,29069,29069,29252,30585,3,0
1303,29070,29070,29081,30414,6,1
1304,29077,29077,29252,30585,3,0
1305,29079,29079,29252,30585,3,0
1306,29080,29080,29081,30414,6,1
1307,29081,29081,29081,30414,6,1
1308,29089,29089,29252,30585,3,0
1309,29095,29095,29303,30636,8,1
1310,29097,29097,29303,30636,8,1
1311,29104,29104,29303,30636,8,1
1312,29106,29106,29303,30636,8,1
1313,29107,29107,29252,30585,3,0
1314,29108,29108,29252,30585,3,0
1315,29114,29114,29303,30636,8,1
1316,29125,29125,29252,30585,3,0
1317,29133,29133,29252,30585,3,0
1318,29134,29134,29252,30585,3,0
1319,29140,29140,29252,30585,3,0
1320,29140,29140,29303,30636,8,1
1321,29146,29146,29303,30636,8,1
1322,29152,29152,29252,30585,3,0
1323,29169,29169,29303,30636,8,1
1324,29183,29183,29252,30585,3,0
1325,29184,29184,29303,30636,8,1
1326,29192,29192,29252,30585,3,0
1327,29196,29196,29303,30636,8,1
1328,29200,29200,29303,30636,8,1
1329,29206,29206,29252,30585,3,0
1330,29214,29214,29303,30636,8,1
1331,29246,29246,29303,30636,8,1
1332,29252,29252,29252,30585,3,0
1333,29252,29252,29303,30636,8,1
1334,29258,29258,29303,30636,8,1
1335,29260,29260,29514,30847,5,0
1336,29261,29261,29303,30636,8,1
1337,29264,29264,29303,30636,8,1
1338,29278,29278,29514,30847,5,0
1339,29293,29293,29303,30636,8,1
1340,29294,29294,29514,30847,5,0
1341,29296,29296,29303,30636,8,1
1342,29303,29303,29303,30636,8,1
1343,29313,29313,29624,30957,10,1
1344,29316,29316,29624,30957,10,1
1345,29326,29326,29514,30847,5,0
1346,29328,29328,29514,30847,5,0
1347,29338,29338,29624,30957,10,1
1348,29341,29341,29514,30847,5,0
1349,29357,29357,29514,30847,5,0
1350,29358,29358,29514,30847,5,0
1351,29381,29381,29624,30957,10,1
1352,29388,29388,29624,30957,10,1
1353,29391,29391,29624,30957,10,1
1354,29393,29393,29624,30957,10,1
1355,29405,29405,29624,30957,10,1
1356,29406,29406,29514,30847,5,0
1357,29409,29409,29624,30957,10,1
1358,29434,29434,29514,30847,5,0
1359,29435,29435,29514,30847,5,0
1360,29436,29436,29514,30847,5,0
1361,29445,29445,29514,30847,5,0
1362,29448,29448,29514,30847,5,0
1363,29449,29449,29624,30957,10,1
1364,29475,29475,29624,30957,10,1
1365,29480,29480,29514,30847,5,0
1366,29482,29482,29514,30847,5,0
1367,29483,29483,29514,30847,5,0
1368,29487,29487,29514,30847,5,0
1369,29494,29494,29624,30957,10,1
1370,29508,29508,29514,30847,5,0
1371,29514,29514,29514,30847,5,0
1372,29522,29522,29771,31104,7,0
1373,29536,29536,29771,31104,7,0
1374,29537,29537,29771,31104,7,0
1375,29540,29540,29624,30957,10,1
1376,29542,29542,29624,30957,10,1
1377,29561,29561,29771,31104,7,0
1378,29576,29576,29771,31104,7,0
1379,29590,29590,29771,31104,7,0
1380,29594,29594,29624,30957,10,1
1381,29595,29595,29624,30957,10,1
1382,29602,29602,29624,30957,10,1
1383,29603,29603,29624,30957,10,1
1384,29612,29612,29624,30957,10,1
1385,29624,29624,29624,30957,10,1
1386,29627,29627,29771,31104,7,0
1387,29632,29632,29771,31104,7,0
1388,29639,29639,29771,31104,7,0
1389,29639,29639,29841,31174,12,1
1390,29653,29653,29841,31174,12,1
1391,29658,29658,29771,31104,7,0
1392,29673,29673,29771,31104,7,0
1393,29676,29676,29771,31104,7,0
1394,29681,29681,29771,31104,7,0
1395,29686,29686,29841,31174,12,1
1396,29697,29697,29841,31174,12,1
1397,29698,29698,29841,31174,12,1
1398,29701,29701,29771,31104,7,0
1399,29704,29704,29841,31174,12,1
1400,29707,29707,29841,31174,12,1
1401,29709,29709,29841,31174,12,1
1402,29712,29712,29841,31174,12,1
1403,29713,29713,29841,31174,12,1
1404,29719,29719,29771,31104,7,0
1405,29723,29723,29841,31174,12,1
1406,29732,29732,29841,31174,12,1
1407,29741,29741,29771,31104,7,0
1408,29747,29747,29841,31174,12,1
1409,29749,29749,29771,31104,7,0
1410,29764,29764,29841,31174,12,1
1411,29765,29765,29771,31104,7,0
1412,29769,29769,29771,31104,7,0
1413,29771,29771,29771,31104,7,0
1414,29775,29775,29841,31174,12,1
1415,29783,29783,29841,31174,12,1
1416,29789,29789,29995,31328,9,0
1417,29794,29794,29841,31174,12,1
1418,29802,29802,29841,31174,12,1
1419,29812,29812,29995,31328,9,0
1420,29814,29814,29995,31328,9,0
1421,29830,29830,29995,31328,9,0
1422,29831,29831,29995,31328,9,0
1423,29832,29832,29841,31174,12,1
1424,29841,29841,29841,31174,12,1
1425,29842,29842,29995,31328,9,0
1426,29847,29847,29995,31328,9,0
1427,29869,29869,30136,31469,14,1
1428,29874,29874,29995,31328,9,0
1429,29887,29887,29995,31328,9,0
1430,29892,29892,29995,31328,9,0
1431,29895,29895,30136,31469,14,1
1432,29909,29909,29995,31328,9,0
1433,29910,29910,30136,31469,14,1
1434,29930,29930,29995,31328,9,0
1435,29934,29934,30136,31469,14,1
1436,29941,29941,29995,31328,9,0
1437,29942,29942,29995,31328,9,0
1438,29945,29945,29995,31328,9,0
1439,29952,29952,29995,31328,9,0
1440,29955,29955,29995,31328,9,0
1441,29958,29958,29995,31328,9,0
1442,29967,29967,30136,31469,14,1
1443,29971,29971,30136,31469,14,1
1444,29974,29974,30136,31469,14,1
1445,29977,29977,30136,31469,14,1
1446,29988,29988,29995,31328,9,0
1447,29993,29993,30136,31469,14,1
1448,29995,29995,29995,31328,9,0
1449,29997,29997,30136,31469,14,1
1450,30003,30003,30254,31587,11,0
1451,30005,30005,30254,31587,11,0
1452,30007,30007,30136,31469,14,1
1453,30015,30015,30136,31469,14,1
1454,30016,30016,30254,31587,11,0
1455,30029,30029,30136,31469,14,1
1456,30041,30041,30254,31587,11,0
1457,30050,30050,30136,31469,14,1
1458,30060,30060,30136,31469,14,1
1459,30083,30083,30254,31587,11,0
1460,30086,30086,30136,31469,14,1
1461,30092,30092,30254,31587,11,0
1462,30102,30102,30254,31587,11,0
1463,30103,30103,30254,31587,11,0
1464,30106,30106,30254,31587,11,0
1465,30112,30112,30136,31469,14,1
1466,30119,30119,30254,31587,11,0
1467,30122,30122,30136,31469,14,1
1468,30124,30124,30136,31469,14,1
1469,30136,30136,30254,31587,11,0
1470,30136,30136,30136,31469,14,1
1471,30145,30145,30254,31587,11,0
1472,30146,30146,30325,31658,16,1
1473,30151,30151,30254,31587,11,0
1474,30153,30153,30254,31587,11,0
1475,30167,30167,30325,31658,16,1
1476,30171,30171,30325,31658,16,1
1477,30180,30180,30254,31587,11,0
1478,30184,30184,30325,31658,16,1
1479,30186,30186,30325,31658,16,1
1480,30199,30199,30325,31658,16,1
1481,30201,30201,30254,31587,11,0
1482,30201,30201,30325,31658,16,1
1483,30207,30207,30254,31587,11,0
1484,30212,30212,30325,31658,16,1
1485,30222,30222,30325,31658,16,1
1486,30225,30225,30254,31587,11,0
1487,30248,30248,30254,31587,11,0
1488,30253,30253,30325,31658,16,1
1489,30254,30254,30254,31587,11,0
1490,30255,30255,30325,31658,16,1
1491,30261,30261,30325,31658,16,1
1492,30269,30269,30325,31658,16,1
1493,30282,30282,30494,31827,13,0
1494,30285,30285,30325,31658,16,1
1495,30286,30286,30325,31658,16,1
1496,30294,30294,30494,31827,13,0
1497,30297,30297,30325,31658,16,1
1498,30300,30300,30325,31658,16,1
1499,30302,30302,30494,31827,13,0
1500,30303,30303,30325,31658,16,1
1501,30307,30307,30325,31658,16,1
1502,30325,30325,30494,31827,13,0
1503,30325,30325,30325,31658,16,1
1504,30329,30329,30494,31827,13,0
1505,30336,30336,30494,31827,13,0
1506,30343,30343,30574,31907,18,1
1507,30346,30346,30574,31907,18,1
1508,30352,30352,30494,31827,13,0
1509,30354,30354,30574,31907,18,1
1510,30357,30357,30574,31907,18,1
1511,30360,30360,30574,31907,18,1
1512,30366,30366,30494,31827,13,0
1513,30368,30368,30574,31907,18,1
1514,30379,30379,30494,31827,13,0
1515,30382,30382,30574,31907,18,1
1516,30405,30405,30574,31907,18,1
1517,30415,30415,30494,31827,13,0
1518,30419,30419,30494,31827,13,0
1519,30426,30426,30574,31907,18,1
1520,30441,30441,30494,31827,13,0
1521,30444,30444,30574,31907,18,1
1522,30448,30448,30494,31827,13,0
1523,30450,30450,30494,31827,13,0
1524,30454,30454,30494,31827,13,0
1525,30455,30455,30494,31827,13,0
1526,30458,30458,30494,31827,13,0
1527,30459,30459,30494,31827,13,0
1528,30460,30460,30494,31827,13,0
1529,30461,30461,30574,31907,18,1
1530,30480,30480,30574,31907,18,1
1531,30484,30484,30574,31907,18,1
1532,30494,30494,30494,31827,13,0
1533,30508,30508,30574,31907,18,1
1534,30517,30517,30574,31907,18,1
1535,30521,30521,30683,32016,15,0
1536,30525,30525,30683,32016,15,0
1537,30526,30526,30574,31907,18,1
1538,30531,30531,30574,31907,18,1
1539,30542,30542,30574,31907,18,1
1540,30554,30554,30683,32016,15,0
1541,30564,30564,30683,32016,15,0
1542,30565,30565,30574,31907,18,1
1543,30573,30573,30683,32016,15,0
1544,30574,30574,30574,31907,18,1
1545,30580,30580,30683,32016,15,0
1546,30586,30586,30683,32016,15,0
1547,30588,30588,30683,32016,15,0
1548,30589,30589,30683,32016,15,0
1549,30591,30591,30683,32016,15,0
1550,30595,30595,30804,32137,1,1
1551,30596,30596,30683,32016,15,0
1552,30597,30597,30804,32137,1,1
1553,30603,30603,30683,32016,15,0
1554,30607,30607,30804,32137,1,1
1555,30618,30618,30683,32016,15,0
1556,30621,30621,30804,32137,1,1
1557,30624,30624,30804,32137,1,1
1558,30626,30626,30683,32016,15,0
1559,30640,30640,30683,32016,15,0
1560,30652,30652,30804,32137,1,1
1561,30653,30653,30683,32016,15,0
1562,30654,30654,30683,32016,15,0
1563,30661,30661,30683,32016,15,0
1564,30666,30666,30683,32016,15,0
1565,30673,30673,30804,32137,1,1
1566,30680,30680,30804,32137,1,1
1567,30683,30683,30683,32016,15,0
1568,30688,30688,30804,32137,1,1
1569,30690,30690,30903,32236,17,0
1570,30692,30692,30804,32137,1,1
1571,30693,30693,30903,32236,17,0
1572,30708,30708,30804,32137,1,1
1573,30715,30715,30903,32236,17,0
1574,30721,30721,30804,32137,1,1
1575,30722,30722,30804,32137,1,1
1576,30726,30726,30903,32236,17,0
1577,30726,30726,30804,32137,1,1
1578,30727,30727,30804,32137,1,1
1579,30733,30733,30903,32236,17,0
1580,30734,30734,30903,32236,17,0
1581,30737,30737,30903,32236,17,0
1582,30741,30741,30804,32137,1,1
1583,30746,30746,30903,32236,17,0
1584,30758,30758,30804,32137,1,1
1585,30767,30767,30903,32236,17,0
1586,30770,30770,30903,32236,17,0
1587,30786,30786,30804,32137,1,1
1588,30790,30790,30903,32236,17,0
1589,30790,30790,30804,32137,1,1
1590,30793,30793,30903,32236,17,0
1591,30803,30803,30903,32236,17,0
1592,30804,30804,30804,32137,1,1
1593,30811,30811,30903,32236,17,0
1594,30814,30814,30964,32297,3,1
1595,30828,30828,30964,32297,3,1
1596,30832,30832,30964,32297,3,1
1597,30835,30835,30964,32297,3,1
1598,30836,30836,30964,32297,3,1
1599,30841,30841,30964,32297,3,1
1600,30843,30843,30903,32236,17,0
1601,30845,30845,30964,32297,3,1
1602,30852,30852,30903,32236,17,0
1603,30857,30857,30903,32236,17,0
1604,30858,30858,30964,32297,3,1
1605,30859,30859,30903,32236,17,0
1606,30863,30863,30964,32297,3,1
1607,30870,30870,30903,32236,17,0
1608,30874,30874,30964,32297,3,1
1609,30877,30877,30964,32297,3,1
1610,30881,30881,30964,32297,3,1
1611,30903,30903,30903,32236,17,0
1612,30906,30906,30964,32297,3,1
1613,30909,30909,31072,32403,19,0
1614,30912,30912,30964,32297,3,1
1615,30918,30918,31072,32403,19,0
1616,30918,30918,30964,32297,3,1
1617,30926,30926,30964,32297,3,1
1618,30930,30930,31072,32403,19,0
1619,30936,30936,30964,32297,3,1
1620,30943,30943,30964,32297,3,1
1621,30955,30955,31072,32403,19,0
1622,30963,30963,30964,32297,3,1
1623,30964,30964,30964,32297,3,1
1624,30971,30971,31301,32540,5,1
1625,30975,30975,31072,32403,19,0
1626,30975,30975,31301,32540,5,1
1627,30977,30977,31072,32403,19,0
1628,30986,30986,31072,32403,19,0
1629,30996,30996,31072,32403,19,0
1630,30996,30996,31301,32540,5,1
1631,30997,30997,31072,32403,19,0
1632,30998,30998,31072,32403,19,0
1633,30999,30999,31072,32403,19,0
1634,31006,31006,31301,32540,5,1
1635,31011,31011,31072,32403,19,0
1636,31012,31012,31072,32403,19,0
1637,31017,31017,31072,32403,19,0
1638,31021,31021,31072,32403,19,0
1639,31021,31021,31301,32540,5,1
1640,31022,31022,31072,32403,19,0
1641,31030,31030,31301,32540,5,1
1642,31044,31044,31072,32403,19,0
1643,31049,31049,31072,32403,19,0
1644,31052,31052,31301,32540,5,1
1645,31054,31054,31301,32540,5,1
1646,31059,31059,31072,32403,19,0
1647,31072,31072,31072,32403,19,0
1648,31072,31072,31301,32540,5,1
1649,31073,31073,31301,32540,5,1
1650,31124,31124,31318,32550,0,0
1651,31130,31130,31301,32540,5,1
1652,31131,31131,31318,32550,0,0
1653,31140,31140,31301,32540,5,1
1654,31141,31141,31318,32550,0,0
1655,31142,31142,31301,32540,5,1
1656,31150,31150,31318,32550,0,0
1657,31165,31165,31318,32550,0,0
1658,31184,31184,31318,32550,0,0
1659,31188,31188,31318,32550,0,0
1660,31191,31191,31318,32550,0,0
1661,31199,31199,31301,32540,5,1
1662,31202,31202,31318,32550,0,0
1663,31219,31219,31318,32550,0,0
1664,31223,31223,31318,32550,0,0
1665,31234,31234,31318,32550,0,0
1666,31240,31240,31301,32540,5,1
1667,31252,31252,31301,32540,5,1
1668,31254,31254,31318,32550,0,0
1669,31260,31260,31301,32540,5,1
1670,31269,31269,31318,32550,0,0
1671,31276,31276,31318,32550,0,0
1672,31286,31286,31318,32550,0,0
1673,31293,31293,31318,32550,0,0
1674,31294,31294,31318,32550,0,0
1675,31296,31296,31301,32540,5,1
1676,31298,31298,31301,32540,5,1
1677,31301,31301,31301,32540,5,1
1678,31312,31312,31318,32550,0,0
1679,31312,31312,31557,32694,7,1
1680,31318,31318,31318,32550,0,0
1681,31326,31326,31589,32713,2,0
1682,31326,31326,31557,32694,7,1
1683,31336,31336,31589,32713,2,0
1684,31336,31336,31557,32694,7,1
1685,31343,31343,31589,32713,2,0
1686,31347,31347,31557,32694,7,1
1687,31358,31358,31589,32713,2,0
1688,31358,31358,31557,32694,7,1
1689,31360,31360,31557,32694,7,1
1690,31370,31370,31557,32694,7,1
1691,31380,31380,31557,32694,7,1
1692,31381,31381,31589,32713,2,0
1693,31386,31386,31589,32713,2,0
1694,31389,31389,31557,32694,7,1
1695,31398,31398,31589,32713,2,0
1696,31400,31400,31589,32713,2,0
1697,31405,31405,31557,32694,7,1
1698,31424,31424,31557,32694,7,1
1699,31429,31429,31557,32694,7,1
1700,31431,31431,31589,32713,2,0
1701,31433,31433,31589,32713,2,0
1702,31437,31437,31557,32694,7,1
1703,31443,31443,31589,32713,2,0
1704,31451,31451,31589,32713,2,0
1705,31456,31456,31589,32713,2,0
1706,31457,31457,31589,32713,2,0
1707,31498,31498,31557,32694,7,1
1708,31501,31501,31557,32694,7,1
1709,31503,31503,31557,32694,7,1
1710,31509,31509,31589,32713,2,0
1711,31518,31518,31557,32694,7,1
1712,31522,31522,31557,32694,7,1
1713,31526,31526,31589,32713,2,0
1714,31529,31529,31589,32713,2,0
1715,31533,31533,31557,32694,7,1
1716,31557,31557,31557,32694,7,1
1717,31558,31558,31589,32713,2,0
1718,31566,31566,31738,32802,9,1
1719,31567,31567,31738,32802,9,1
1720,31579,31579,31738,32802,9,1
1721,31581,31581,31738,32802,9,1
1722,31582,31582,31589,32713,2,0
1723,31589,31589,31589,32713,2,0
1724,31589,31589,31738,32802,9,1
1725,31592,31592,31738,32802,9,1
1726,31601,31601,31738,32802,9,1
1727,31602,31602,31769,32821,4,0
1728,31603,31603,31769,32821,4,0
1729,31603,31603,31738,32802,9,1
1730,31607,31607,31769,32821,4,0
1731,31615,31615,31769,32821,4,0
1732,31634,31634,31769,32821,4,0
1733,31642,31642,31769,32821,4,0
1734,31653,31653,31769,32821,4,0
1735,31658,31658,31738,32802,9,1
1736,31661,31661,31738,32802,9,1
1737,31664,31664,31738,32802,9,1
1738,31679,31679,31738,32802,9,1
1739,31688,31688,31738,32802,9,1
1740,31689,31689,31769,32821,4,0
1741,31690,31690,31738,32802,9,1
1742,31691,31691,31769,32821,4,0
1743,31694,31694,31769,32821,4,0
1744,31697,31697,31769,32821,4,0
1745,31697,31697,31738,32802,9,1
1746,31701,31701,31738,32802,9,1
1747,31703,31703,31738,32802,9,1
1748,31711,31711,31769,32821,4,0
1749,31720,31720,31738,32802,9,1
1750,31727,31727,31738,32802,9,1
1751,31728,31728,31769,32821,4,0
1752,31729,31729,31769,32821,4,0
1753,31738,31738,31738,32802,9,1
1754,31739,31739,31769,32821,4,0
1755,31751,31751,31769,32821,4,0
1756,31754,31754,31769,32821,4,0
1757,31760,31760,31769,32821,4,0
1758,31763,31763,31769,32821,4,0
1759,31768,31768,31995,32956,11,1
1760,31769,31769,31769,32821,4,0
1761,31774,31774,32031,32978,6,0
1762,31777,31777,32031,32978,6,0
1763,31782,31782,31995,32956,11,1
1764,31784,31784,32031,32978,6,0
1765,31786,31786,31995,32956,11,1
1766,31789,31789,31995,32956,11,1
1767,31794,31794,31995,32956,11,1
1768,31805,31805,32031,32978,6,0
1769,31808,31808,31995,32956,11,1
1770,31812,31812,32031,32978,6,0
1771,31827,31827,32031,32978,6,0
1772,31827,31827,31995,32956,11,1
1773,31830,31830,32031,32978,6,0
1774,31841,31841,32031,32978,6,0
1775,31843,31843,31995,32956,11,1
1776,31869,31869,31995,32956,11,1
1777,31874,31874,31995,32956,11,1
1778,31876,31876,32031,32978,6,0
1779,31881,31881,32031,32978,6,0
1780,31889,31889,32031,32978,6,0
1781,31890,31890,32031,32978,6,0
1782,31891,31891,31995,32956,11,1
1783,31895,31895,32031,32978,6,0
1784,31938,31938,32031,32978,6,0
1785,31941,31941,31995,32956,11,1
1786,31944,31944,31995,32956,11,1
1787,31954,31954,31995,32956,11,1
1788,31955,31955,31995,32956,11,1
1789,31967,31967,32031,32978,6,0
1790,31972,31972,31995,32956,11,1
1791,31977,31977,32031,32978,6,0
1792,31977,31977,31995,32956,11,1
1793,31982,31982,32031,32978,6,0
1794,31983,31983,31995,32956,11,1
1795,31992,31992,31995,32956,11,1
1796,31995,31995,31995,32956,11,1
1797,31998,31998,32031,32978,6,0
1798,32001,32001,32031,32978,6,0
1799,32002,32002,32281,33128,13,1
1800,32015,32015,32281,33128,13,1
1801,32017,32017,32281,33128,13,1
1802,32031,32031,32031,32978,6,0
1803,32040,32040,32215,33089,8,0
1804,32044,32044,32215,33089,8,0
1805,32045,32045,32281,33128,13,1
1806,32048,32048,32215,33089,8,0
1807,32050,32050,32281,33128,13,1
1808,32065,32065,32215,33089,8,0
1809,32075,32075,32281,33128,13,1
1810,32081,32081,32215,33089,8,0
1811,32082,32082,32281,33128,13,1
1812,32084,32084,32215,33089,8,0
1813,32095,32095,32215,33089,8,0
1814,32101,32101,32281,33128,13,1
1815,32103,32103,32215,33089,8,0
1816,32108,32108,32215,33089,8,0
1817,32120,32120,32215,33089,8,0
1818,32128,32128,32215,33089,8,0
1819,32133,32133,32215,33089,8,0
1820,32140,32140,32281,33128,13,1
1821,32146,32146,32215,33089,8,0
1822,32161,32161,32215,33089,8,0
1823,32173,32173,32215,33089,8,0
1824,32180,32180,32215,33089,8,0
1825,32189,32189,32215,33089,8,0
1826,32192,32192,32281,33128,13,1
1827,32198,32198,32215,33089,8,0
1828,32202,32202,32215,33089,8,0
1829,32202,32202,32281,33128,13,1
1830,32215,32215,32215,33089,8,0
1831,32216,32216,32641,33441,10,0
1832,32216,32216,32281,33128,13,1
1833,32222,32222,32641,33441,10,0
1834,32227,32227,32281,33128,13,1
1835,32230,32230,32281,33128,13,1
1836,32232,32232,32281,33128,13,1
1837,32237,32237,32281,33128,13,1
1838,32240,32240,32641,33441,10,0
1839,32244,32244,32281,33128,13,1
1840,32247,32247,32641,33441,10,0
1841,32264,32264,32641,33441,10,0
1842,32268,32268,32281,33128,13,1
1843,32277,32277,32281,33128,13,1
1844,32281,32281,32281,33128,13,1
1845,32300,32300,32986,33786,15,1
1846,32302,32302,32986,33786,15,1
1847,32312,32312,32641,33441,10,0
1848,32318,32318,32641,33441,10,0
1849,32328,32328,32986,33786,15,1
1850,32331,32331,32986,33786,15,1
1851,32335,32335,32986,33786,15,1
1852,32342,32342,32986,33786,15,1
1853,32343,32343,32641,33441,10,0
1854,32343,32343,32986,33786,15,1
1855,32347,32347,32986,33786,15,1
1856,32348,32348,32641,33441,10,0
1857,32350,32350,32986,33786,15,1
1858,32357,32357,32986,33786,15,1
1859,32361,32361,32641,33441,10,0
1860,32362,32362,32986,33786,15,1
1861,32366,32366,32641,33441,10,0
1862,32368,32368,32641,33441,10,0
1863,32369,32369,32641,33441,10,0
1864,32370,32370,32986,33786,15,1
1865,32376,32376,32641,33441,10,0
1866,32387,32387,32986,33786,15,1
1867,32473,32473,32986,33786,15,1
1868,32495,32495,32986,33786,15,1
1869,32504,32504,32641,33441,10,0
1870,32518,32518,32641,33441,10,0
1871,32588,32588,32986,33786,15,1
1872,32596,32596,32641,33441,10,0
1873,32614,32614,32641,33441,10,0
1874,32638,32638,32641,33441,10,0
1875,32641,32641,32641,33441,10,0
1876,32691,32691,32986,33786,15,1
1877,32713,32713,33537,34337,12,0
1878,32783,32783,33537,34337,12,0
1879,32814,32814,32986,33786,15,1
1880,32838,32838,32986,33786,15,1
1881,32860,32860,33537,34337,12,0
1882,32880,32880,33537,34337,12,0
1883,32975,32975,33537,34337,12,0
1884,32979,32979,33537,34337,12,0
1885,32986,32986,32986,33786,15,1
1886,33016,33016,33537,34337,12,0
1887,33043,33043,34619,35419,17,1
1888,33064,33064,34619,35419,17,1
1889,33102,33102,34619,35419,17,1
1890,33119,33119,33537,34337,12,0
1891,33134,33134,33537,34337,12,0
1892,33225,33225,34619,35419,17,1
1893,33256,33256,34619,35419,17,1
1894,33262,33262,34619,35419,17,1
1895,33285,33285,33537,34337,12,0
1896,33293,33293,34619,35419,17,1
1897,33315,33315,33537,34337,12,0
1898,33330,33330,33537,34337,12,0
1899,33378,33378,34619,35419,17,1
1900,33394,33394,33537,34337,12,0
1901,33414,33414,33537,34337,12,0
1902,33458,33458,33537,34337,12,0
1903,33472,33472,33537,34337,12,0
1904,33476,33476,33537,34337,12,0
1905,33507,33507,33537,34337,12,0
1906,33522,33522,34619,35419,17,1
1907,33525,33525,33537,34337,12,0
1908,33537,33537,33537,34337,12,0
1909,33574,33574,34619,35419,17,1
1910,33583,33583,34301,35101,14,0
1911,33589,33589,34301,35101,14,0
1912,33597,33597,34301,35101,14,0
1913,33709,33709,34301,35101,14,0
1914,33754,33754,34301,35101,14,0
1915,33755,33755,34301,35101,14,0
1916,33785,33785,34301,35101,14,0
1917,33810,33810,34301,35101,14,0
1918,33810,33810,34619,35419,17,1
1919,33811,33811,34301,35101,14,0
1920,33819,33819,34619,35419,17,1
1921,33892,33892,34301,35101,14,0
1922,33954,33954,34619,35419,17,1
1923,33992,33992,34301,35101,14,0
1924,33993,33993,34301,35101,14,0
1925,34002,34002,34619,35419,17,1
1926,34012,34012,34301,35101,14,0
1927,34031,34031,34301,35101,14,0
1928,34039,34039,34619,35419,17,1
1929,34064,34064,34301,35101,14,0
1930,34065,34065,34619,35419,17,1
1931,34121,34121,34301,35101,14,0
1932,34122,34122,34619,35419,17,1
1933,34143,34143,34301,35101,14,0
1934,34148,34148,34301,35101,14,0
1935,34174,34174,34301,35101,14,0
1936,34301,34301,34301,35101,14,0
1937,34309,34309,34619,35419,17,1
1938,34438,34438,35626,36426,16,0
1939,34480,34480,35626,36426,16,0
1940,34556,34556,34619,35419,17,1
1941,34558,34558,35626,36426,16,0
1942,34619,34619,34619,35419,17,1
1943,34642,34642,35626,36426,16,0
1944,34670,34670,35391,36191,19,1
1945,34671,34671,35391,36191,19,1
1946,34707,34707,35391,36191,19,1
1947,34710,34710,35626,36426,16,0
1948,34727,34727,35626,36426,16,0
1949,34732,34732,35391,36191,19,1
1950,34746,34746,35626,36426,16,0
1951,34751,34751,35391,36191,19,1
1952,34762,34762,35391,36191,19,1
1953,34777,34777,35391,36191,19,1
1954,34805,34805,35391,36191,19,1
1955,34840,34840,35626,36426,16,0
1956,34908,34908,35391,36191,19,1
1957,34912,34912,35626,36426,16,0
1958,34946,34946,35391,36191,19,1
1959,34973,34973,35626,36426,16,0
1960,35034,35034,35626,36426,16,0
1961,35054,35054,35391,36191,19,1
1962,35064,35064,35626,36426,16,0
1963,35069,35069,35626,36426,16,0
1964,35078,35078,35391,36191,19,1
1965,35099,35099,35391,36191,19,1
1966,35106,35106,35626,36426,16,0
1967,35121,35121,35626,36426,16,0
1968,35202,35202,35391,36191,19,1
1969,35221,35221,35391,36191,19,1
1970,35222,35222,35391,36191,19,1
1971,35256,35256,35391,36191,19,1
1972,35269,35269,35626,36426,16,0
1973,35300,35300,35391,36191,19,1
1974,35369,35369,35391,36191,19,1
1975,35390,35390,35626,36426,16,0
1976,35391,35391,35391,36191,19,1
1977,35413,35413,35626,36426,16,0
1978,35418,35418,36728,37528,0,1
1979,35475,35475,36728,37528,0,1
1980,35538,35538,36728,37528,0,1
1981,35575,35575,35626,36426,16,0
1982,35611,35611,36728,37528,0,1
1983,35623,35623,36728,37528,0,1
1984,35626,35626,35626,36426,16,0
1985,35629,35629,36728,37528,0,1
1986,35683,35683,36409,37209,18,0
1987,35684,35684,36409,37209,18,0
1988,35709,35709,36728,37528,0,1
1989,35724,35724,36409,37209,18,0
1990,35743,35743,36409,37209,18,0
1991,35769,35769,36728,37528,0,1
1992,35772,35772,36409,37209,18,0
1993,35887,35887,36409,37209,18,0
1994,35894,35894,36728,37528,0,1
1995,35971,35971,36409,37209,18,0
1996,36014,36014,36409,37209,18,0
1997,36036,36036,36409,37209,18,0
1998,36037,36037,36409,37209,18,0
1999,36049,36049,36409,37209,18,0
2000,36056,36056,36409,37209,18,0
2001,36060,36060,36409,37209,18,0
2002,36083,36083,36409,37209,18,0
2003,36109,36109,36409,37209,18,0
2004,36220,36220,36728,37528,0,1
2005,36236,36236,36409,37209,18,0
2006,36308,36308,36409,37209,18,0
2007,36333,36333,36728,37528,0,1
2008,36339,36339,36409,37209,18,0
2009,36342,36342,36409,37209,18,0
2010,36360,36360,36728,37528,0,1
2011,36409,36409,36409,37209,18,0
2012,36425,36425,36728,37528,0,1
2013,36429,36429,36728,37528,0,1
2014,36492,36492,37734,38534,1,0
2015,36497,36497,37734,38534,1,0
2016,36551,36551,36728,37528,0,1
2017,36555,36555,37734,38534,1,0
2018,36638,36638,36728,37528,0,1
2019,36648,36648,37734,38534,1,0
2020,36656,36656,36728,37528,0,1
2021,36674,36674,37734,38534,1,0
2022,36679,36679,36728,37528,0,1
2023,36687,36687,36728,37528,0,1
2024,36728,36728,36728,37528,0,1
2025,36734,36734,37734,38534,1,0
2026,36747,36747,38285,39085,2,1
2027,36769,36769,37734,38534,1,0
2028,36808,36808,38285,39085,2,1
2029,36812,36812,38285,39085,2,1
2030,36835,36835,37734,38534,1,0
2031,36904,36904,37734,38534,1,0
2032,36943,36943,38285,39085,2,1
2033,36946,36946,37734,38534,1,0
2034,36975,36975,38285,39085,2,1
2035,37054,37054,37734,38534,1,0
2036,37081,37081,38285,39085,2,1
2037,37113,37113,37734,38534,1,0
2038,37127,37127,37734,38534,1,0
2039,37164,37164,38285,39085,2,1
2040,37169,37169,38285,39085,2,1
2041,37247,37247,37734,38534,1,0
2042,37295,37295,37734,38534,1,0
2043,37325,37325,38285,39085,2,1
2044,37343,37343,38285,39085,2,1
2045,37349,37349,37734,38534,1,0
2046,37358,37358,37734,38534,1,0
2047,37421,37421,37734,38534,1,0
2048,37523,37523,37734,38534,1,0
2049,37583,37583,38285,39085,2,1
2050,37696,37696,38285,39085,2,1
2051,37734,37734,37734,38534,1,0
2052,37742,37742,39141,39941,3,0
2053,37785,37785,39141,39941,3,0
2054,37804,37804,38285,39085,2,1
2055,37915,37915,38285,39085,2,1
2056,38019,38019,39141,39941,3,0
2057,38035,38035,38285,39085,2,1
2058,38062,38062,38285,39085,2,1
2059,38070,38070,39141,39941,3,0
2060,38075,38075,38285,39085,2,1
2061,38161,38161,39141,39941,3,0
2062,38170,38170,39141,39941,3,0
2063,38249,38249,38285,39085,2,1
2064,38268,38268,39141,39941,3,0
2065,38273,38273,38285,39085,2,1
2066,38285,38285,38285,39085,2,1
2067,38298,38298,39450,40250,4,1
2068,38327,38327,39141,39941,3,0
2069,38360,38360,39450,40250,4,1
2070,38398,38398,39450,40250,4,1
2071,38550,38550,39141,39941,3,0
2072,38551,38551,39450,40250,4,1
2073,38587,38587,39450,40250,4,1
2074,38588,38588,39141,39941,3,0
2075,38643,38643,39450,40250,4,1
2076,38647,38647,39141,39941,3,0
2077,38673,38673,39141,39941,3,0
2078,38722,38722,39141,39941,3,0
2079,38760,38760,39141,39941,3,0
2080,38851,38851,39141,39941,3,0
2081,38864,38864,39450,40250,4,1
2082,38886,38886,39141,39941,3,0
2083,38908,38908,39450,40250,4,1
2084,38909,38909,39450,40250,4,1
2085,38931,38931,39450,40250,4,1
2086,38956,38956,39141,39941,3,0
2087,39021,39021,39450,40250,4,1
2088,39086,39086,39141,39941,3,0
2089,39123,39123,39141,39941,3,0
2090,39141,39141,39141,39941,3,0
2091,39157,39157,40347,41147,5,0
2092,39168,39168,40347,41147,5,0
2093,39182,39182,40347,41147,5,0
2094,39203,39203,39450,40250,4,1
2095,39217,39217,40347,41147,5,0
2096,39219,39219,39450,40250,4,1
2097,39222,39222,39450,40250,4,1
2098,39286,39286,40347,41147,5,0
2099,39294,39294,40347,41147,5,0
2100,39299,39299,39450,40250,4,1
2101,39338,39338,39450,40250,4,1
2102,39351,39351,39450,40250,4,1
2103,39409,39409,39450,40250,4,1
2104,39436,39436,39450,40250,4,1
2105,39450,39450,39450,40250,4,1
2106,39457,39457,40686,41486,6,1
2107,39462,39462,40686,41486,6,1
2108,39512,39512,40347,41147,5,0
2109,39535,39535,40347,41147,5,0
2110,39559,39559,40686,41486,6,1
2111,39569,39569,40686,41486,6,1
2112,39663,39663,40347,41147,5,0
2113,39711,39711,40347,41147,5,0
2114,39744,39744,40347,41147,5,0
2115,39797,39797,40686,41486,6,1
2116,39865,39865,40347,41147,5,0
2117,39900,39900,40347,41147,5,0
2118,39913,39913,40686,41486,6,1
2119,39969,39969,40347,41147,5,0
2120,40026,40026,40686,41486,6,1
2121,40030,40030,40686,41486,6,1
2122,40118,40118,40686,41486,6,1
2123,40125,40125,40347,41147,5,0
2124,40133,40133,40347,41147,5,0
2125,40136,40136,40347,41147,5,0
2126,40176,40176,40686,41486,6,1
2127,40219,40219,40686,41486,6,1
2128,40271,40271,40347,41147,5,0
2129,40291,40291,40686,41486,6,1
2130,40300,40300,40347,41147,5,0
2131,40347,40347,40347,41147,5,0
2132,40398,40398,41626,42426,7,0
2133,40438,40438,40686,41486,6,1
2134,40530,40530,40686,41486,6,1
2135,40539,40539,40686,41486,6,1
2136,40592,40592,40686,41486,6,1
2137,40612,40612,40686,41486,6,1
2138,40623,40623,40686,41486,6,1
2139,40649,40649,40686,41486,6,1
2140,40662,40662,41626,42426,7,0
2141,40686,40686,40686,41486,6,1
2142,40760,40760,42017,42817,8,1
2143,40771,40771,42017,42817,8,1
2144,40781,40781,41626,42426,7,0
2145,40802,40802,41626,42426,7,0
2146,40803,40803,42017,42817,8,1
2147,40804,40804,42017,42817,8,1
2148,40812,40812,41626,42426,7,0
2149,40814,40814,41626,42426,7,0
2150,40862,40862,42017,42817,8,1
2151,40879,40879,41626,42426,7,0
2152,40892,40892,41626,42426,7,0
2153,40934,40934,41626,42426,7,0
2154,41106,41106,41626,42426,7,0
2155,41121,41121,41626,42426,7,0
2156,41129,41129,42017,42817,8,1
2157,41208,41208,41626,42426,7,0
2158,41304,41304,41626,42426,7,0
2159,41326,41326,42017,42817,8,1
2160,41345,41345,41626,42426,7,0
2161,41346,41346,42017,42817,8,1
2162,41395,41395,42017,42817,8,1
2163,41400,41400,42017,42817,8,1
2164,41473,41473,41626,42426,7,0
2165,41513,41513,41626,42426,7,0
2166,41515,41515,41626,42426,7,0
2167,41523,41523,41626,42426,7,0
2168,41527,41527,42017,42817,8,1
2169,41574,41574,41626,42426,7,0
2170,41599,41599,42017,42817,8,1
2171,41600,41600,42017,42817,8,1
2172,41626,41626,41626,42426,7,0
2173,41641,41641,42017,42817,8,1
2174,41740,41740,42017,42817,8,1
2175,41781,41781,42810,43456,9,0
2176,41872,41872,42017,42817,8,1
2177,41879,41879,42017,42817,8,1
2178,41911,41911,42017,42817,8,1
2179,41916,41916,42810,43456,9,0
2180,41946,41946,42810,43456,9,0
2181,41965,41965,42810,43456,9,0
2182,41977,41977,42810,43456,9,0
2183,41998,41998,42810,43456,9,0
2184,42003,42003,42017,42817,8,1
2185,42017,42017,42017,42817,8,1
2186,42118,42118,42810,43456,9,0
2187,42119,42119,42810,43456,9,0
2188,42123,42123,43290,43789,10,1
2189,42192,42192,43290,43789,10,1
2190,42243,42243,42810,43456,9,0
2191,42265,42265,43290,43789,10,1
2192,42289,42289,43290,43789,10,1
2193,42291,42291,42810,43456,9,0
2194,42301,42301,43290,43789,10,1
2195,42319,42319,42810,43456,9,0
2196,42482,42482,43290,43789,10,1
2197,42485,42485,42810,43456,9,0
2198,42523,42523,43290,43789,10,1
2199,42568,42568,43290,43789,10,1
2200,42596,42596,43290,43789,10,1
2201,42634,42634,42810,43456,9,0
2202,42648,42648,42810,43456,9,0
2203,42684,42684,43290,43789,10,1
2204,42694,42694,42810,43456,9,0
2205,42745,42745,42810,43456,9,0
2206,42754,42754,42810,43456,9,0
2207,42762,42762,42810,43456,9,0
2208,42800,42800,42810,43456,9,0
2209,42810,42810,42810,43456,9,0
2210,42818,42818,43290,43789,10,1
2211,42819,42819,43290,43789,10,1
2212,42823,42823,44803,45302,11,0
2213,42892,42892,44803,45302,11,0
2214,42923,42923,43290,43789,10,1
2215,42956,42956,44803,45302,11,0
2216,42988,42988,43290,43789,10,1
2217,43016,43016,44803,45302,11,0
2218,43034,43034,44803,45302,11,0
2219,43046,43046,44803,45302,11,0
2220,43065,43065,43290,43789,10,1
2221,43069,43069,43290,43789,10,1
2222,43144,43144,43290,43789,10,1
2223,43161,43161,44803,45302,11,0
2224,43193,43193,43290,43789,10,1
2225,43199,43199,43290,43789,10,1
2226,43229,43229,44803,45302,11,0
2227,43290,43290,43290,43789,10,1
2228,43359,43359,45454,45953,12,1
2229,43398,43398,44803,45302,11,0
2230,43430,43430,45454,45953,12,1
2231,43440,43440,44803,45302,11,0
2232,43455,43455,45454,45953,12,1
2233,43561,43561,44803,45302,11,0
2234,43590,43590,44803,45302,11,0
2235,43707,43707,45454,45953,12,1
2236,43725,43725,45454,45953,12,1
2237,43741,43741,45454,45953,12,1
2238,43745,43745,44803,45302,11,0
2239,43783,43783,45454,45953,12,1
2240,43806,43806,45454,45953,12,1
2241,44017,44017,44803,45302,11,0
2242,44028,44028,44803,45302,11,0
2243,44154,44154,44803,45302,11,0
2244,44155,44155,45454,45953,12,1
2245,44174,44174,44803,45302,11,0
2246,44221,44221,44803,45302,11,0
2247,44266,44266,44803,45302,11,0
2248,44351,44351,45454,45953,12,1
2249,44409,44409,45454,45953,12,1
2250,44626,44626,45454,45953,12,1
2251,44670,44670,45454,45953,12,1
2252,44803,44803,44803,45302,11,0
2253,44826,44826,45454,45953,12,1
2254,44910,44910,47073,47572,13,0
2255,44953,44953,47073,47572,13,0
2256,44983,44983,47073,47572,13,0
2257,45050,45050,45454,45953,12,1
2258,45109,45109,45454,45953,12,1
2259,45252,45252,45454,45953,12,1
2260,45293,45293,47073,47572,13,0
2261,45333,45333,47073,47572,13,0
2262,45373,45373,47073,47572,13,0
2263,45381,45381,45454,45953,12,1
2264,45396,45396,45454,45953,12,1
2265,45411,45411,47073,47572,13,0
2266,45454,45454,45454,45953,12,1
2267,45485,45485,47073,47572,13,0
2268,45532,45532,47073,47572,13,0
2269,45587,45587,47765,48264,14,1
2270,45623,45623,47765,48264,14,1
2271,45676,45676,47073,47572,13,0
2272,45738,45738,47073,47572,13,0
2273,45879,45879,47073,47572,13,0
2274,46005,46005,47073,47572,13,0
2275,46090,46090,47765,48264,14,1
2276,46102,46102,47765,48264,14,1
2277,46192,46192,47073,47572,13,0
2278,46220,46220,47073,47572,13,0
2279,46293,46293,47765,48264,14,1
2280,46500,46500,47073,47572,13,0
2281,46512,46512,47073,47572,13,0
2282,46532,46532,47765,48264,14,1
2283,46579,46579,47073,47572,13,0
2284,46592,46592,47765,48264,14,1
2285,46626,46626,47073,47572,13,0
2286,46659,46659,47765,48264,14,1
2287,46941,46941,47765,48264,14,1
2288,46949,46949,47765,48264,14,1
2289,47073,47073,47073,47572,13,0
2290,47077,47077,47765,48264,14,1
2291,47131,47131,48796,49295,15,0
2292,47147,47147,47765,48264,14,1
2293,47250,47250,47765,48264,14,1
2294,47255,47255,48796,49295,15,0
2295,47324,47324,47765,48264,14,1
2296,47335,47335,48796,49295,15,0
2297,47340,47340,47765,48264,14,1
2298,47373,47373,48796,49295,15,0
2299,47386,47386,48796,49295,15,0
2300,47395,47395,48796,49295,15,0
2301,47463,47463,47765,48264,14,1
2302,47483,47483,48796,49295,15,0
2303,47554,47554,48796,49295,15,0
2304,47557,47557,47765,48264,14,1
2305,47573,47573,47765,48264,14,1
2306,47696,47696,47765,48264,14,1
2307,47712,47712,48796,49295,15,0
2308,47732,47732,48796,49295,15,0
2309,47756,47756,48796,49295,15,0
2310,47765,47765,47765,48264,14,1
2311,47859,47859,51736,52235,16,1
2312,47865,47865,48796,49295,15,0
2313,48014,48014,48796,49295,15,0
2314,48135,48135,51736,52235,16,1
2315,48141,48141,48796,49295,15,0
2316,48318,48318,51736,52235,16,1
2317,48327,48327,51736,52235,16,1
2318,48337,48337,48796,49295,15,0
2319,48361,48361,51736,52235,16,1
2320,48407,48407,48796,49295,15,0
2321,48465,48465,51736,52235,16,1
2322,48551,48551,48796,49295,15,0
2323,48565,48565,48796,49295,15,0
2324,48708,48708,48796,49295,15,0
2325,48749,48749,51736,52235,16,1
2326,48796,48796,48796,49295,15,0
2327,48799,48799,51416,51915,17,0
2328,48978,48978,51736,52235,16,1
2329,49184,49184,51416,51915,17,0
2330,49215,49215,51416,51915,17,0
2331,49241,49241,51416,51915,17,0
2332,49325,49325,51736,52235,16,1
2333,49377,49377,51416,51915,17,0
2334,49452,49452,51736,52235,16,1
2335,49471,49471,51416,51915,17,0
2336,49657,49657,51736,52235,16,1
2337,49709,49709,51416,51915,17,0
2338,49740,49740,51416,51915,17,0
2339,49960,49960,51416,51915,17,0
2340,50024,50024,51736,52235,16,1
2341,50098,50098,51416,51915,17,0
2342,50434,50434,51736,52235,16,1
2343,50484,50484,51736,52235,16,1
2344,50566,50566,51736,52235,16,1
2345,50590,50590,51736,52235,16,1
2346,50610,50610,51416,51915,17,0
2347,50798,50798,51416,51915,17,0
2348,50822,50822,51416,51915,17,0
2349,50925,50925,51736,52235,16,1
2350,50926,50926,51416,51915,17,0
2351,51018,51018,51416,51915,17,0
2352,51205,51205,51416,51915,17,0
2353,51222,51222,51416,51915,17,0
2354,51244,51244,51416,51915,17,0
2355,51251,51251,51416,51915,17,0
2356,51416,51416,51416,51915,17,0
2357,51571,51571,51736,52235,16,1
2358,51575,51575,53686,54185,19,0
2359,51695,51695,51736,52235,16,1
2360,51736,51736,51736,52235,16,1
2361,51760,51760,53686,54185,19,0
2362,51925,51925,53686,54185,19,0
2363,52021,52021,53686,54185,19,0
2364,52197,52197,53686,54185,19,0
2365,52229,52229,53917,54416,18,1
2366,52232,52232,53917,54416,18,1
2367,52319,52319,53686,54185,19,0
2368,52332,52332,53917,54416,18,1
2369,52370,52370,53917,54416,18,1
2370,52434,52434,53917,54416,18,1
2371,52493,52493,53917,54416,18,1
2372,52510,52510,53686,54185,19,0
2373,52550,52550,53917,54416,18,1
2374,52620,52620,53686,54185,19,0
2375,52722,52722,53686,54185,19,0
2376,52733,52733,53686,54185,19,0
2377,52770,52770,53686,54185,19,0
2378,52773,52773,53917,54416,18,1
2379,52802,52802,53917,54416,18,1
2380,52903,52903,53917,54416,18,1
2381,52948,52948,53686,54185,19,0
2382,52960,52960,53686,54185,19,0
2383,52979,52979,53686,54185,19,0
2384,53013,53013,53917,54416,18,1
2385,53021,53021,53917,54416,18,1
2386,53050,53050,53917,54416,18,1
2387,53079,53079,53686,54185,19,0
2388,53251,53251,53917,54416,18,1
2389,53265,53265,53686,54185,19,0
2390,53329,53329,53686,54185,19,0
2391,53424,53424,53686,54185,19,0
2392,53504,53504,53917,54416,18,1
2393,53604,53604,53917,54416,18,1
2394,53638,53638,53686,54185,19,0
2395,53686,53686,53686,54185,19,0
2396,53781,53781,53917,54416,18,1
2397,53804,53804,53917,54416,18,1
2398,53815,53815,53917,54416,18,1
2399,53849,53849,56894,57393,0,0
2400,53917,53917,53917,54416,18,1
2401,53921,53921,56894,57393,0,0
2402,54269,54269,57245,57986,1,1
2403,54288,54288,56894,57393,0,0
2404,54315,54315,57245,57986,1,1
2405,54338,54338,56894,57393,0,0
2406,54394,54394,56894,57393,0,0
2407,54809,54809,57245,57986,1,1
2408,54846,54846,56894,57393,0,0
2409,54852,54852,56894,57393,0,0
2410,54891,54891,57245,57986,1,1
2411,55019,55019,56894,57393,0,0
2412,55166,55166,56894,57393,0,0
2413,55183,55183,57245,57986,1,1
2414,55378,55378,56894,57393,0,0
2415,55380,55380,57245,57986,1,1
2416,55819,55819,57245,57986,1,1
2417,55908,55908,56894,57393,0,0
2418,55979,55979,56894,57393,0,0
2419,55983,55983,56894,57393,0,0
2420,56070,56070,57245,57986,1,1
2421,56083,56083,57245,57986,1,1
2422,56253,56253,56894,57393,0,0
2423,56373,56373,57245,57986,1,1
2424,56441,56441,57245,57986,1,1
2425,56487,56487,57245,57986,1,1
2426,56523,56523,56894,57393,0,0
2427,56614,56614,56894,57393,0,0
2428,56619,56619,57245,57986,1,1
2429,56634,56634,56894,57393,0,0
2430,56693,56693,56894,57393,0,0
2431,56755,56755,57245,57986,1,1
2432,56805,56805,57245,57986,1,1
2433,56836,56836,56894,57393,0,0
2434,56851,56851,57245,57986,1,1
2435,56894,56894,56894,57393,0,0
2436,56899,56899,57245,57986,1,1
2437,56985,56985,59065,60398,2,0
2438,57023,57023,57245,57986,1,1
2439,57029,57029,59065,60398,2,0
2440,57126,57126,57245,57986,1,1
2441,57245,57245,57245,57986,1,1
2442,57257,57257,59065,60398,2,0
2443,57321,57321,60266,61599,3,1
2444,57331,57331,59065,60398,2,0
2445,57365,57365,59065,60398,2,0
2446,57513,57513,59065,60398,2,0
2447,57547,57547,59065,60398,2,0
2448,57628,57628,60266,61599,3,1
2449,57799,57799,59065,60398,2,0
2450,57806,57806,60266,61599,3,1
2451,57814,57814,59065,60398,2,0
2452,57870,57870,60266,61599,3,1
2453,57902,57902,59065,60398,2,0
2454,57926,57926,59065,60398,2,0
2455,57949,57949,59065,60398,2,0
2456,58154,58154,59065,60398,2,0
2457,58256,58256,60266,61599,3,1
2458,58302,58302,60266,61599,3,1
2459,58348,58348,59065,60398,2,0
2460,58433,58433,60266,61599,3,1
2461,58478,58478,60266,61599,3,1
2462,58482,58482,60266,61599,3,1
2463,58513,58513,59065,60398,2,0
2464,58548,58548,59065,60398,2,0
2465,58697,58697,59065,60398,2,0
2466,58809,58809,59065,60398,2,0
2467,58867,58867,60266,61599,3,1
2468,58944,58944,59065,60398,2,0
2469,59065,59065,59065,60398,2,0
2470,59084,59084,60266,61599,3,1
2471,59085,59085,61148,62481,4,0
2472,59085,59085,60266,61599,3,1
2473,59348,59348,61148,62481,4,0
2474,59351,59351,61148,62481,4,0
2475,59417,59417,61148,62481,4,0
2476,59427,59427,61148,62481,4,0
2477,59499,59499,61148,62481,4,0
2478,59501,59501,61148,62481,4,0
2479,59539,59539,61148,62481,4,0
2480,59543,59543,61148,62481,4,0
2481,59544,59544,60266,61599,3,1
2482,59622,59622,60266,61599,3,1
2483,59686,59686,61148,62481,4,0
2484,59757,59757,60266,61599,3,1
2485,59803,59803,61148,62481,4,0
2486,59982,59982,61148,62481,4,0
2487,59987,59987,61148,62481,4,0
2488,60007,60007,60266,61599,3,1
2489,60036,60036,60266,61599,3,1
2490,60084,60084,60266,61599,3,1
2491,60204,60204,60266,61599,3,1
2492,60214,60214,61148,62481,4,0
2493,60249,60249,61148,62481,4,0
2494,60266,60266,60266,61599,3,1
2495,60323,60323,61375,62708,5,1
2496,60332,60332,61148,62481,4,0
2497,60609,60609,61375,62708,5,1
2498,60687,60687,61375,62708,5,1
2499,60909,60909,61148,62481,4,0
2500,60911,60911,61375,62708,5,1
2501,61011,61011,61375,62708,5,1
2502,61030,61030,61148,62481,4,0
2503,61143,61143,61375,62708,5,1
2504,61144,61144,61148,62481,4,0
2505,61148,61148,61148,62481,4,0
2506,61175,61175,61375,62708,5,1
2507,61213,61213,61451,62784,6,0
2508,61213,61213,61375,62708,5,1
2509,61220,61220,61375,62708,5,1
2510,61222,61222,61451,62784,6,0
2511,61237,61237,61451,62784,6,0
2512,61240,61240,61451,62784,6,0
2513,61240,61240,61375,62708,5,1
2514,61246,61246,61451,62784,6,0
2515,61261,61261,61375,62708,5,1
2516,61269,61269,61375,62708,5,1
2517,61278,61278,61375,62708,5,1
2518,61287,61287,61375,62708,5,1
2519,61290,61290,61451,62784,6,0
2520,61295,61295,61375,62708,5,1
2521,61302,61302,61375,62708,5,1
2522,61316,61316,61375,62708,5,1
2523,61321,61321,61451,62784,6,0
2524,61322,61322,61451,62784,6,0
2525,61323,61323,61375,62708,5,1
2526,61324,61324,61451,62784,6,0
2527,61345,61345,61451,62784,6,0
2528,61349,61349,61375,62708,5,1
2529,61375,61375,61375,62708,5,1
2530,61379,61379,61451,62784,6,0
2531,61381,61381,61451,62784,6,0
2532,61398,61398,61611,62944,7,1
2533,61404,61404,61451,62784,6,0
2534,61407,61407,61611,62944,7,1
2535,61415,61415,61451,62784,6,0
2536,61425,61425,61611,62944,7,1
2537,61431,61431,61451,62784,6,0
2538,61433,61433,61451,62784,6,0
2539,61433,61433,61611,62944,7,1
2540,61441,61441,61611,62944,7,1
2541,61446,61446,61451,62784,6,0
2542,61447,61447,61451,62784,6,0
2543,61449,61449,61451,62784,6,0
2544,61451,61451,61451,62784,6,0
2545,61462,61462,61611,62944,7,1
2546,61465,61465,61714,63047,8,0
2547,61482,61482,61611,62944,7,1
2548,61490,61490,61714,63047,8,0
2549,61492,61492,61714,63047,8,0
2550,61500,61500,61611,62944,7,1
2551,61516,61516,61714,63047,8,0
2552,61516,61516,61611,62944,7,1
2553,61525,61525,61611,62944,7,1
2554,61534,61534,61611,62944,7,1
2555,61536,61536,61611,62944,7,1
2556,61548,61548,61611,62944,7,1
2557,61552,61552,61714,63047,8,0
2558,61553,61553,61611,62944,7,1
2559,61561,61561,61611,62944,7,1
2560,61563,61563,61611,62944,7,1
2561,61566,61566,61714,63047,8,0
2562,61581,61581,61611,62944,7,1
2563,61587,61587,61714,63047,8,0
2564,61590,61590,61611,62944,7,1
2565,61592,61592,61611,62944,7,1
2566,61597,61597,61714,63047,8,0
2567,61606,61606,61714,63047,8,0
2568,61611,61611,61611,62944,7,1
2569,61614,61614,61714,63047,8,0
2570,61629,61629,61885,63218,9,1
2571,61633,61633,61885,63218,9,1
2572,61634,61634,61714,63047,8,0
2573,61636,61636,61714,63047,8,0
2574,61657,61657,61714,63047,8,0
2575,61664,61664,61714,63047,8,0
2576,61670,61670,61714,63047,8,0
2577,61672,61672,61714,63047,8,0
2578,61684,61684,61714,63047,8,0
2579,61684,61684,61885,63218,9,1
2580,61694,61694,61714,63047,8,0
2581,61698,61698,61714,63047,8,0
2582,61714,61714,61714,63047,8,0
2583,61723,61723,61885,63218,9,1
2584,61731,61731,61885,63218,9,1
2585,61741,61741,61885,63218,9,1
2586,61758,61758,62035,63368,10,0
2587,61778,61778,61885,63218,9,1
2588,61780,61780,62035,63368,10,0
2589,61784,61784,62035,63368,10,0
2590,61785,61785,61885,63218,9,1
2591,61791,61791,61885,63218,9,1
2592,61795,61795,62035,63368,10,0
2593,61796,61796,61885,63218,9,1
2594,61797,61797,62035,63368,10,0
2595,61798,61798,62035,63368,10,0
2596,61803,61803,61885,63218,9,1
2597,61805,61805,61885,63218,9,1
2598,61806,61806,61885,63218,9,1
2599,61837,61837,62035,63368,10,0
2600,61837,61837,61885,63218,9,1
2601,61847,61847,61885,63218,9,1
2602,61854,61854,61885,63218,9,1
2603,61855,61855,62035,63368,10,0
2604,61859,61859,61885,63218,9,1
2605,61865,61865,61885,63218,9,1
2606,61868,61868,61885,63218,9,1
2607,61870,61870,62035,63368,10,0
2608,61880,61880,62035,63368,10,0
2609,61885,61885,61885,63218,9,1
2610,61891,61891,62035,63368,10,0
2611,61896,61896,62035,63368,10,0
2612,61898,61898,62035,63368,10,0
2613,61903,61903,62035,63368,10,0
2614,61914,61914,62127,63460,11,1
2615,61921,61921,62127,63460,11,1
2616,61934,61934,62035,63368,10,0
2617,61935,61935,62035,63368,10,0
2618,61935,61935,62127,63460,11,1
2619,61970,61970,62127,63460,11,1
2620,61972,61972,62127,63460,11,1
2621,61974,61974,62035,63368,10,0
2622,61975,61975,62035,63368,10,0
2623,61991,61991,62127,63460,11,1
2624,62000,62000,62127,63460,11,1
2625,62001,62001,62127,63460,11,1
2626,62004,62004,62127,63460,11,1
2627,62012,62012,62035,63368,10,0
2628,62022,62022,62127,63460,11,1
2629,62029,62029,62127,63460,11,1
2630,62035,62035,62035,63368,10,0
2631,62039,62039,62261,63594,12,0
2632,62039,62039,62127,63460,11,1
2633,62056,62056,62261,63594,12,0
2634,62060,62060,62127,63460,11,1
2635,62070,62070,62261,63594,12,0
2636,62071,62071,62127,63460,11,1
2637,62081,62081,62127,63460,11,1
2638,62091,62091,62261,63594,12,0
2639,62093,62093,62127,63460,11,1
2640,62096,62096,62127,63460,11,1
2641,62100,62100,62127,63460,11,1
2642,62105,62105,62261,63594,12,0
2643,62111,62111,62261,63594,12,0
2644,62122,62122,62261,63594,12,0
2645,62124,62124,62127,63460,11,1
2646,62127,62127,62127,63460,11,1
2647,62130,62130,62261,63594,12,0
2648,62130,62130,62464,63797,13,1
2649,62142,62142,62261,63594,12,0
2650,62143,62143,62464,63797,13,1
2651,62145,62145,62261,63594,12,0
2652,62152,62152,62261,63594,12,0
2653,62156,62156,62464,63797,13,1
2654,62157,62157,62261,63594,12,0
2655,62164,62164,62261,63594,12,0
2656,62174,62174,62261,63594,12,0
2657,62188,62188,62464,63797,13,1
2658,62196,62196,62464,63797,13,1
2659,62203,62203,62464,63797,13,1
2660,62204,62204,62464,63797,13,1
2661,62225,62225,62261,63594,12,0
2662,62226,62226,62464,63797,13,1
2663,62234,62234,62261,63594,12,0
2664,62243,62243,62261,63594,12,0
2665,62244,62244,62261,63594,12,0
2666,62252,62252,62464,63797,13,1
2667,62257,62257,62261,63594,12,0
2668,62261,62261,62261,63594,12,0
2669,62261,62261,62464,63797,13,1
2670,62262,62262,62464,63797,13,1
2671,62263,62263,62464,63797,13,1
2672,62272,62272,62521,63854,14,0
2673,62274,62274,62464,63797,13,1
2674,62280,62280,62521,63854,14,0
2675,62289,62289,62464,63797,13,1
2676,62296,62296,62521,63854,14,0
2677,62298,62298,62521,63854,14,0
2678,62341,62341,62464,63797,13,1
2679,62350,62350,62521,63854,14,0
2680,62370,62370,62521,63854,14,0
2681,62384,62384,62521,63854,14,0
2682,62398,62398,62521,63854,14,0
2683,62404,62404,62521,63854,14,0
2684,62408,62408,62521,63854,14,0
2685,62409,62409,62464,63797,13,1
2686,62430,62430,62521,63854,14,0
2687,62432,62432,62464,63797,13,1
2688,62436,62436,62464,63797,13,1
2689,62439,62439,62464,63797,13,1
2690,62451,62451,62521,63854,14,0
2691,62459,62459,62521,63854,14,0
2692,62460,62460,62521,63854,14,0
2693,62464,62464,62464,63797,13,1
2694,62466,62466,62706,64039,15,1
2695,62469,62469,62521,63854,14,0
2696,62470,62470,62521,63854,14,0
2697,62472,62472,62521,63854,14,0
2698,62473,62473,62706,64039,15,1
2699,62475,62475,62706,64039,15,1
2700,62492,62492,62706,64039,15,1
2701,62493,62493,62521,63854,14,0
2702,62509,62509,62706,64039,15,1
2703,62517,62517,62521,63854,14,0
2704,62521,62521,62521,63854,14,0
2705,62523,62523,62706,64039,15,1
2706,62526,62526,62736,64069,16,0
2707,62528,62528,62706,64039,15,1
2708,62530,62530,62706,64039,15,1
2709,62537,62537,62706,64039,15,1
2710,62540,62540,62736,64069,16,0
2711,62543,62543,62706,64039,15,1
2712,62546,62546,62736,64069,16,0
2713,62556,62556,62736,64069,16,0
2714,62579,62579,62706,64039,15,1
2715,62584,62584,62706,64039,15,1
2716,62588,62588,62706,64039,15,1
2717,62589,62589,62736,64069,16,0
2718,62592,62592,62736,64069,16,0
2719,62603,62603,62736,64069,16,0
2720,62610,62610,62706,64039,15,1
2721,62611,62611,62736,64069,16,0
2722,62612,62612,62706,64039,15,1
2723,62619,62619,62736,64069,16,0
2724,62622,62622,62736,64069,16,0
2725,62635,62635,62736,64069,16,0
2726,62654,62654,62706,64039,15,1
2727,62655,62655,62736,64069,16,0
2728,62658,62658,62736,64069,16,0
2729,62662,62662,62706,64039,15,1
2730,62663,62663,62736,64069,16,0
2731,62674,62674,62736,64069,16,0
2732,62678,62678,62706,64039,15,1
2733,62685,62685,62736,64069,16,0
2734,62690,62690,62736,64069,16,0
2735,62691,62691,62736,64069,16,0
2736,62697,62697,62706,64039,15,1
2737,62706,62706,62706,64039,15,1
2738,62731,62731,62736,64069,16,0
2739,62731,62731,62972,64305,17,1
2740,62736,62736,62736,64069,16,0
2741,62736,62736,62972,64305,17,1
2742,62737,62737,62972,64305,17,1
2743,62759,62759,62959,64292,18,0
2744,62765,62765,62959,64292,18,0
2745,62777,62777,62959,64292,18,0
2746,62787,62787,62959,64292,18,0
2747,62802,62802,62959,64292,18,0
2748,62810,62810,62959,64292,18,0
2749,62817,62817,62972,64305,17,1
2750,62818,62818,62972,64305,17,1
2751,62824,62824,62959,64292,18,0
2752,62840,62840,62972,64305,17,1
2753,62843,62843,62959,64292,18,0
2754,62859,62859,62972,64305,17,1
2755,62861,62861,62972,64305,17,1
2756,62863,62863,62959,64292,18,0
2757,62868,62868,62959,64292,18,0
2758,62868,62868,62972,64305,17,1
2759,62871,62871,62959,64292,18,0
2760,62879,62879,62959,64292,18,0
2761,62879,62879,62972,64305,17,1
2762,62881,62881,62959,64292,18,0
2763,62882,62882,62959,64292,18,0
2764,62887,62887,62959,64292,18,0
2765,62899,62899,62959,64292,18,0
2766,62912,62912,62959,64292,18,0
2767,62914,62914,62972,64305,17,1
2768,62921,62921,62972,64305,17,1
2769,62929,62929,62972,64305,17,1
2770,62948,62948,62972,64305,17,1
2771,62951,62951,62959,64292,18,0
2772,62951,62951,62972,64305,17,1
2773,62954,62954,62972,64305,17,1
2774,62955,62955,62959,64292,18,0
2775,62957,62957,62972,64305,17,1
2776,62958,62958,62972,64305,17,1
2777,62959,62959,62959,64292,18,0
2778,62959,62959,62972,64305,17,1
2779,62972,62972,63221,64554,1,0
2780,62972,62972,62972,64305,17,1
2781,62973,62973,63246,64579,19,1
2782,62974,62974,63221,64554,1,0
2783,62982,62982,63221,64554,1,0
2784,62995,62995,63246,64579,19,1
2785,63002,63002,63221,64554,1,0
2786,63004,63004,63221,64554,1,0
2787,63005,63005,63221,64554,1,0
2788,63010,63010,63221,64554,1,0
2789,63012,63012,63246,64579,19,1
2790,63033,63033,63221,64554,1,0
2791,63037,63037,63246,64579,19,1
2792,63038,63038,63221,64554,1,0
2793,63045,63045,63221,64554,1,0
2794,63046,63046,63221,64554,1,0
2795,63046,63046,63246,64579,19,1
2796,63057,63057,63221,64554,1,0
2797,63059,63059,63246,64579,19,1
2798,63062,63062,63246,64579,19,1
2799,63086,63086,63246,64579,19,1
2800,63099,63099,63246,64579,19,1
2801,63138,63138,63221,64554,1,0
2802,63153,63153,63221,64554,1,0
2803,63165,63165,63246,64579,19,1
2804,63169,63169,63221,64554,1,0
2805,63170,63170,63246,64579,19,1
2806,63173,63173,63246,64579,19,1
2807,63176,63176,63246,64579,19,1
2808,63182,63182,63246,64579,19,1
2809,63183,63183,63221,64554,1,0
2810,63187,63187,63246,64579,19,1
2811,63208,63208,63221,64554,1,0
2812,63211,63211,63221,64554,1,0
2813,63211,63211,63246,64579,19,1
2814,63219,63219,63221,64554,1,0
2815,63221,63221,63221,64554,1,0
2816,63227,63227,63420,64753,3,0
2817,63228,63228,63420,64753,3,0
2818,63229,63229,63246,64579,19,1
2819,63240,63240,63246,64579,19,1
2820,63244,63244,63246,64579,19,1
2821,63246,63246,63246,64579,19,1
2822,63251,63251,63420,64753,3,0
2823,63252,63252,63409,64742,0,1
2824,63257,63257,63409,64742,0,1
2825,63261,63261,63420,64753,3,0
2826,63262,63262,63420,64753,3,0
2827,63272,63272,63409,64742,0,1
2828,63274,63274,63409,64742,0,1
2829,63279,63279,63409,64742,0,1
2830,63280,63280,63420,64753,3,0
2831,63281,63281,63409,64742,0,1
2832,63283,63283,63420,64753,3,0
2833,63285,63285,63420,64753,3,0
2834,63289,63289,63420,64753,3,0
2835,63298,63298,63420,64753,3,0
2836,63299,63299,63420,64753,3,0
2837,63305,63305,63409,64742,0,1
2838,63315,63315,63409,64742,0,1
2839,63331,63331,63420,64753,3,0
2840,63333,63333,63420,64753,3,0
2841,63333,63333,63409,64742,0,1
2842,63335,63335,63420,64753,3,0
2843,63336,63336,63409,64742,0,1
2844,63344,63344,63409,64742,0,1
2845,63348,63348,63420,64753,3,0
2846,63348,63348,63409,64742,0,1
2847,63354,63354,63409,64742,0,1
2848,63355,63355,63409,64742,0,1
2849,63367,63367,63409,64742,0,1
2850,63371,63371,63420,64753,3,0
2851,63378,63378,63409,64742,0,1
2852,63379,63379,63409,64742,0,1
2853,63390,63390,63409,64742,0,1
2854,63391,63391,63409,64742,0,1
2855,63392,63392,63420,64753,3,0
2856,63409,63409,63409,64742,0,1
2857,63411,63411,63612,64945,2,1
2858,63416,63416,63420,64753,3,0
2859,63418,63418,63612,64945,2,1
2860,63419,63419,63420,64753,3,0
2861,63420,63420,63420,64753,3,0
2862,63424,63424,63612,64945,2,1
2863,63427,63427,63612,64945,2,1
2864,63430,63430,63651,64984,5,0
2865,63431,63431,63651,64984,5,0
2866,63432,63432,63651,64984,5,0
2867,63443,63443,63651,64984,5,0
2868,63443,63443,63612,64945,2,1
2869,63453,63453,63651,64984,5,0
2870,63461,63461,63651,64984,5,0
2871,63466,63466,63651,64984,5,0
2872,63470,63470,63612,64945,2,1
2873,63476,63476,63612,64945,2,1
2874,63477,63477,63651,64984,5,0
2875,63486,63486,63612,64945,2,1
2876,63497,63497,63612,64945,2,1
2877,63500,63500,63651,64984,5,0
2878,63501,63501,63612,64945,2,1
2879,63502,63502,63612,64945,2,1
2880,63515,63515,63651,64984,5,0
2881,63522,63522,63651,64984,5,0
2882,63525,63525,63612,64945,2,1
2883,63527,63527,63651,64984,5,0
2884,63529,63529,63612,64945,2,1
2885,63539,63539,63651,64984,5,0
2886,63551,63551,63651,64984,5,0
2887,63571,63571,63651,64984,5,0
2888,63576,63576,63651,64984,5,0
2889,63579,63579,63612,64945,2,1
2890,63587,63587,63612,64945,2,1
2891,63589,63589,63612,64945,2,1
2892,63590,63590,63612,64945,2,1
2893,63591,63591,63612,64945,2,1
2894,63605,63605,63651,64984,5,0
2895,63608,63608,63612,64945,2,1
2896,63612,63612,63612,64945,2,1
2897,63627,63627,63873,65206,4,1
2898,63628,63628,63873,65206,4,1
2899,63642,63642,63651,64984,5,0
2900,63642,63642,63873,65206,4,1
2901,63645,63645,63651,64984,5,0
2902,63651,63651,63651,64984,5,0
2903,63652,63652,63873,65206,4,1
2904,63657,63657,63899,65232,7,0
2905,63663,63663,63873,65206,4,1
2906,63664,63664,63899,65232,7,0
2907,63665,63665,63873,65206,4,1
2908,63671,63671,63873,65206,4,1
2909,63678,63678,63873,65206,4,1
2910,63680,63680,63873,65206,4,1
2911,63681,63681,63899,65232,7,0
2912,63686,63686,63873,65206,4,1
2913,63698,63698,63899,65232,7,0
2914,63711,63711,63899,65232,7,0
2915,63714,63714,63899,65232,7,0
2916,63718,63718,63899,65232,7,0
2917,63739,63739,63873,65206,4,1
2918,63745,63745,63873,65206,4,1
2919,63750,63750,63873,65206,4,1
2920,63752,63752,63899,65232,7,0
2921,63756,63756,63899,65232,7,0
2922,63757,63757,63899,65232,7,0
2923,63761,63761,63899,65232,7,0
2924,63761,63761,63873,65206,4,1
2925,63764,63764,63899,65232,7,0
2926,63785,63785,63873,65206,4,1
2927,63787,63787,63873,65206,4,1
2928,63790,63790,63899,65232,7,0
2929,63799,63799,63873,65206,4,1
2930,63826,63826,63899,65232,7,0
2931,63828,63828,63873,65206,4,1
2932,63836,63836,63873,65206,4,1
2933,63837,63837,63899,65232,7,0
2934,63870,63870,63899,65232,7,0
2935,63871,63871,63899,65232,7,0
2936,63873,63873,63873,65206,4,1
2937,63881,63881,63899,65232,7,0
2938,63884,63884,64168,65501,6,1
2939,63894,63894,63899,65232,7,0
2940,63899,63899,63899,65232,7,0
2941,63900,63900,64144,65477,9,0
2942,63901,63901,64168,65501,6,1
2943,63903,63903,64168,65501,6,1
2944,63924,63924,64144,65477,9,0
2945,63927,63927,64144,65477,9,0
2946,63940,63940,64168,65501,6,1
2947,63942,63942,64168,65501,6,1
2948,63947,63947,64168,65501,6,1
2949,63958,63958,64168,65501,6,1
2950,63988,63988,64144,65477,9,0
2951,63993,63993,64144,65477,9,0
2952,63993,63993,64168,65501,6,1
2953,64001,64001,64168,65501,6,1
2954,64010,64010,64144,65477,9,0
2955,64011,64011,64168,65501,6,1
2956,64016,64016,64144,65477,9,0
2957,64018,64018,64144,65477,9,0
2958,64019,64019,64144,65477,9,0
2959,64029,64029,64144,65477,9,0
2960,64031,64031,64144,65477,9,0
2961,64033,64033,64168,65501,6,1
2962,64035,64035,64144,65477,9,0
2963,64036,64036,64144,65477,9,0
2964,64037,64037,64144,65477,9,0
2965,64044,64044,64144,65477,9,0
2966,64044,64044,64168,65501,6,1
2967,64053,64053,64144,65477,9,0
2968,64058,64058,64168,65501,6,1
2969,64071,64071,64144,65477,9,0
2970,64086,64086,64144,65477,9,0
2971,64098,64098,64168,65501,6,1
2972,64104,64104,64168,65501,6,1
2973,64106,64106,64168,65501,6,1
2974,64116,64116,64144,65477,9,0
2975,64143,64143,64168,65501,6,1
2976,64144,64144,64144,65477,9,0
2977,64154,64154,64168,65501,6,1
2978,64163,64163,64168,65501,6,1
2979,64168,64168,64168,65501,6,1
2980,64180,64180,64420,65753,11,0
2981,64183,64183,64369,65702,8,1
2982,64187,64187,64420,65753,11,0
2983,64193,64193,64369,65702,8,1
2984,64205,64205,64369,65702,8,1
2985,64208,64208,64420,65753,11,0
2986,64210,64210,64420,65753,11,0
2987,64215,64215,64420,65753,11,0
2988,64215,64215,64369,65702,8,1
2989,64228,64228,64369,65702,8,1
2990,64233,64233,64420,65753,11,0
2991,64252,64252,64369,65702,8,1
2992,64255,64255,64369,65702,8,1
2993,64266,64266,64369,65702,8,1
2994,64271,64271,64420,65753,11,0
2995,64274,64274,64420,65753,11,0
2996,64283,64283,64420,65753,11,0
2997,64284,64284,64369,65702,8,1
2998,64288,64288,64369,65702,8,1
2999,64291,64291,64420,65753,11,0
3000,64294,64294,64420,65753,11,0
3001,64294,64294,64369,65702,8,1
3002,64299,64299,64369,65702,8,1
3003,64306,64306,64420,65753,11,0
3004,64312,64312,64420,65753,11,0
3005,64312,64312,64369,65702,8,1
3006,64313,64313,64369,65702,8,1
3007,64332,64332,64420,65753,11,0
3008,64334,64334,64369,65702,8,1
3009,64337,64337,64420,65753,11,0
3010,64338,64338,64420,65753,11,0
3011,64344,64344,64369,65702,8,1
3012,64350,64350,64369,65702,8,1
3013,64351,64351,64420,65753,11,0
3014,64351,64351,64369,65702,8,1
3015,64356,64356,64420,65753,11,0
3016,64356,64356,64369,65702,8,1
3017,64369,64369,64369,65702,8,1
3018,64370,64370,64560,65893,10,1
3019,64372,64372,64560,65893,10,1
3020,64373,64373,64420,65753,11,0
3021,64383,64383,64560,65893,10,1
3022,64404,64404,64560,65893,10,1
3023,64414,64414,64560,65893,10,1
3024,64420,64420,64420,65753,11,0
3025,64422,64422,64560,65893,10,1
3026,64430,64430,64560,65893,10,1
3027,64435,64435,64640,65973,13,0
3028,64436,64436,64640,65973,13,0
3029,64449,64449,64560,65893,10,1
3030,64452,64452,64560,65893,10,1
3031,64460,64460,64640,65973,13,0
3032,64462,64462,64560,65893,10,1
3033,64468,64468,64560,65893,10,1
3034,64490,64490,64560,65893,10,1
3035,64491,64491,64640,65973,13,0
3036,64492,64492,64640,65973,13,0
3037,64501,64501,64640,65973,13,0
3038,64501,64501,64560,65893,10,1
3039,64511,64511,64640,65973,13,0
3040,64511,64511,64560,65893,10,1
3041,64516,64516,64640,65973,13,0
3042,64518,64518,64560,65893,10,1
3043,64535,64535,64560,65893,10,1
3044,64536,64536,64640,65973,13,0
3045,64536,64536,64560,65893,10,1
3046,64546,64546,64640,65973,13,0
3047,64550,64550,64560,65893,10,1
3048,64556,64556,64560,65893,10,1
3049,64560,64560,64560,65893,10,1
3050,64562,64562,64640,65973,13,0
3051,64563,64563,64838,66171,12,1
3052,64574,64574,64838,66171,12,1
3053,64579,64579,64640,65973,13,0
3054,64586,64586,64838,66171,12,1
3055,64593,64593,64640,65973,13,0
3056,64598,64598,64838,66171,12,1
3057,64606,64606,64838,66171,12,1
3058,64610,64610,64640,65973,13,0
3059,64611,64611,64838,66171,12,1
3060,64615,64615,64640,65973,13,0
3061,64617,64617,64640,65973,13,0
3062,64625,64625,64640,65973,13,0
3063,64627,64627,64640,65973,13,0
3064,64628,64628,64838,66171,12,1
3065,64637,64637,64640,65973,13,0
3066,64640,64640,64640,65973,13,0
3067,64659,64659,64838,66171,12,1
3068,64667,64667,64916,66249,15,0
3069,64687,64687,64838,66171,12,1
3070,64694,64694,64916,66249,15,0
3071,64717,64717,64838,66171,12,1
3072,64729,64729,64916,66249,15,0
3073,64731,64731,64916,66249,15,0
3074,64734,64734,64916,66249,15,0
3075,64734,64734,64838,66171,12,1
3076,64747,64747,64916,66249,15,0
3077,64754,64754,64838,66171,12,1
3078,64757,64757,64838,66171,12,1
3079,64763,64763,64838,66171,12,1
3080,64767,64767,64838,66171,12,1
3081,64771,64771,64916,66249,15,0
3082,64775,64775,64916,66249,15,0
3083,64782,64782,64916,66249,15,0
3084,64794,64794,64916,66249,15,0
3085,64797,64797,64838,66171,12,1
3086,64802,64802,64916,66249,15,0
3087,64808,64808,64916,66249,15,0
3088,64812,64812,64916,66249,15,0
3089,64825,64825,64916,66249,15,0
3090,64832,64832,64838,66171,12,1
3091,64833,64833,64838,66171,12,1
3092,64837,64837,64838,66171,12,1
3093,64838,64838,64838,66171,12,1
3094,64839,64839,65145,66478,14,1
3095,64853,64853,65145,66478,14,1
3096,64857,64857,64916,66249,15,0
3097,64858,64858,65145,66478,14,1
3098,64859,64859,65145,66478,14,1
3099,64865,64865,64916,66249,15,0
3100,64872,64872,64916,66249,15,0
3101,64879,64879,65145,66478,14,1
3102,64884,64884,65145,66478,14,1
3103,64895,64895,64916,66249,15,0
3104,64907,64907,64916,66249,15,0
3105,64916,64916,64916,66249,15,0
3106,64926,64926,65177,66510,17,0
3107,64929,64929,65177,66510,17,0
3108,64938,64938,65145,66478,14,1
3109,64943,64943,65177,66510,17,0
3110,64947,64947,65177,66510,17,0
3111,64950,64950,65177,66510,17,0
3112,64952,64952,65145,66478,14,1
3113,64976,64976,65177,66510,17,0
3114,64976,64976,65145,66478,14,1
3115,64978,64978,65177,66510,17,0
3116,64981,64981,65145,66478,14,1
3117,64982,64982,65177,66510,17,0
3118,64990,64990,65177,66510,17,0
3119,64996,64996,65145,66478,14,1
3120,65009,65009,65177,66510,17,0
3121,65010,65010,65177,66510,17,0
3122,65017,65017,65177,66510,17,0
3123,65041,65041,65145,66478,14,1
3124,65044,65044,65177,66510,17,0
3125,65045,65045,65145,66478,14,1
3126,65054,65054,65177,66510,17,0
3127,65056,65056,65177,66510,17,0
3128,65065,65065,65145,66478,14,1
3129,65066,65066,65177,66510,17,0
3130,65072,65072,65177,66510,17,0
3131,65081,65081,65145,66478,14,1
3132,65087,65087,65145,66478,14,1
3133,65099,65099,65177,66510,17,0
3134,65104,65104,65177,66510,17,0
3135,65109,65109,65145,66478,14,1
3136,65137,65137,65145,66478,14,1
3137,65143,65143,65145,66478,14,1
3138,65145,65145,65145,66478,14,1
3139,65161,65161,65380,66713,16,1
3140,65164,65164,65380,66713,16,1
3141,65177,65177,65177,66510,17,0
3142,65180,65180,65354,66687,19,0
3143,65184,65184,65354,66687,19,0
3144,65198,65198,65354,66687,19,0
3145,65204,65204,65380,66713,16,1
3146,65205,65205,65354,66687,19,0
3147,65209,65209,65380,66713,16,1
3148,65217,65217,65380,66713,16,1
3149,65226,65226,65354,66687,19,0
3150,65232,65232,65354,66687,19,0
3151,65241,65241,65380,66713,16,1
3152,65249,65249,65354,66687,19,0
3153,65250,65250,65354,66687,19,0
3154,65259,65259,65380,66713,16,1
3155,65262,65262,65354,66687,19,0
3156,65266,65266,65380,66713,16,1
3157,65273,65273,65354,66687,19,0
3158,65285,65285,65354,66687,19,0
3159,65289,65289,65380,66713,16,1
3160,65291,65291,65380,66713,16,1
3161,65298,65298,65354,66687,19,0
3162,65299,65299,65354,66687,19,0
3163,65301,65301,65354,66687,19,0
3164,65304,65304,65380,66713,16,1
3165,65311,65311,65354,66687,19,0
3166,65313,65313,65354,66687,19,0
3167,65318,65318,65380,66713,16,1
3168,65324,65324,65380,66713,16,1
3169,65325,65325,65354,66687,19,0
3170,65326,65326,65380,66713,16,1
3171,65327,65327,65380,66713,16,1
3172,65333,65333,65354,66687,19,0
3173,65334,65334,65354,66687,19,0
3174,65335,65335,65380,66713,16,1
3175,65343,65343,65380,66713,16,1
3176,65354,65354,65354,66687,19,0
3177,65360,65360,65680,67013,0,0
3178,65363,65363,65680,67013,0,0
3179,65365,65365,65680,67013,0,0
3180,65375,65375,65380,66713,16,1
3181,65378,65378,65380,66713,16,1
3182,65379,65379,65680,67013,0,0
3183,65380,65380,65380,66713,16,1
3184,65388,65388,65680,67013,0,0
3185,65397,65397,65680,67013,0,0
3186,65399,65399,65680,67013,0,0
3187,65402,65402,65680,67013,0,0
3188,65416,65416,65695,67028,18,1
3189,65424,65424,65695,67028,18,1
3190,65430,65430,65695,67028,18,1
3191,65440,65440,65680,67013,0,0
3192,65461,65461,65680,67013,0,0
3193,65469,65469,65680,67013,0,0
3194,65471,65471,65695,67028,18,1
3195,65477,65477,65695,67028,18,1
3196,65484,65484,65695,67028,18,1
3197,65495,65495,65680,67013,0,0
3198,65497,65497,65680,67013,0,0
3199,65498,65498,65680,67013,0,0
3200,65511,65511,65695,67028,18,1
3201,65534,65534,65695,67028,18,1
3202,65541,65541,65680,67013,0,0
3203,65547,65547,65695,67028,18,1
3204,65560,65560,65695,67028,18,1
3205,65561,65561,65695,67028,18,1
3206,65571,65571,65695,67028,18,1
3207,65580,65580,65695,67028,18,1
3208,65581,65581,65680,67013,0,0
3209,65581,65581,65695,67028,18,1
3210,65620,65620,65680,67013,0,0
3211,65623,65623,65680,67013,0,0
3212,65637,65637,65680,67013,0,0
3213,65638,65638,65695,67028,18,1
3214,65659,65659,65695,67028,18,1
3215,65667,65667,65695,67028,18,1
3216,65668,65668,65695,67028,18,1
3217,65670,65670,65695,67028,18,1
3218,65680,65680,65680,67013,0,0
3219,65693,65693,65900,67233,2,0
3220,65695,65695,65695,67028,18,1
3221,65698,65698,65900,67233,2,0
3222,65705,65705,65900,67233,2,0
3223,65707,65707,65905,67238,1,1
3224,65714,65714,65900,67233,2,0
3225,65727,65727,65905,67238,1,1
3226,65731,65731,65905,67238,1,1
3227,65738,65738,65905,67238,1,1
3228,65744,65744,65900,67233,2,0
3229,65746,65746,65900,67233,2,0
3230,65758,65758,65900,67233,2,0
3231,65761,65761,65900,67233,2,0
3232,65769,65769,65905,67238,1,1
3233,65774,65774,65900,67233,2,0
3234,65778,65778,65905,67238,1,1
3235,65782,65782,65905,67238,1,1
3236,65783,65783,65905,67238,1,1
3237,65785,65785,65905,67238,1,1
3238,65787,65787,65900,67233,2,0
3239,65788,65788,65900,67233,2,0
3240,65797,65797,65900,67233,2,0
3241,65804,65804,65905,67238,1,1
3242,65808,65808,65900,67233,2,0
3243,65810,65810,65905,67238,1,1
3244,65814,65814,65905,67238,1,1
3245,65819,65819,65900,67233,2,0
3246,65819,65819,65905,67238,1,1
3247,65821,65821,65900,67233,2,0
3248,65831,65831,65905,67238,1,1
3249,65832,65832,65905,67238,1,1
3250,65836,65836,65900,67233,2,0
3251,65847,65847,65905,67238,1,1
3252,65851,65851,65905,67238,1,1
3253,65854,65854,65900,67233,2,0
3254,65890,65890,65900,67233,2,0
3255,65891,65891,65900,67233,2,0
3256,65900,65900,65900,67233,2,0
3257,65900,65900,65905,67238,1,1
3258,65901,65901,66102,67435,4,0
3259,65902,65902,66102,67435,4,0
3260,65903,65903,65905,67238,1,1
3261,65905,65905,65905,67238,1,1
3262,65907,65907,66102,67435,4,0
3263,65914,65914,66152,67485,3,1
3264,65916,65916,66102,67435,4,0
3265,65917,65917,66152,67485,3,1
3266,65920,65920,66102,67435,4,0
3267,65927,65927,66102,67435,4,0
3268,65932,65932,66102,67435,4,0
3269,65960,65960,66102,67435,4,0
3270,65964,65964,66152,67485,3,1
3271,65976,65976,66152,67485,3,1
3272,65982,65982,66152,67485,3,1
3273,65988,65988,66152,67485,3,1
3274,66001,66001,66152,67485,3,1
3275,66006,66006,66102,67435,4,0
3276,66007,66007,66152,67485,3,1
3277,66018,66018,66102,67435,4,0
3278,66018,66018,66152,67485,3,1
3279,66025,66025,66152,67485,3,1
3280,66026,66026,66152,67485,3,1
3281,66032,66032,66102,67435,4,0
3282,66045,66045,66102,67435,4,0
3283,66045,66045,66152,67485,3,1
3284,66063,66063,66102,67435,4,0
3285,66065,66065,66102,67435,4,0
3286,66071,66071,66152,67485,3,1
3287,66072,66072,66102,67435,4,0
3288,66074,66074,66102,67435,4,0
3289,66074,66074,66152,67485,3,1
3290,66075,66075,66102,67435,4,0
3291,66078,66078,66102,67435,4,0
3292,66079,66079,66102,67435,4,0
3293,66096,66096,66152,67485,3,1
3294,66102,66102,66102,67435,4,0
3295,66103,66103,66152,67485,3,1
3296,66110,66110,66291,67624,6,0
3297,66118,66118,66152,67485,3,1
3298,66121,66121,66152,67485,3,1
3299,66134,66134,66291,67624,6,0
3300,66137,66137,66291,67624,6,0
3301,66150,66150,66152,67485,3,1
3302,66152,66152,66152,67485,3,1
3303,66153,66153,66291,67624,6,0
3304,66153,66153,66386,67719,5,1
3305,66156,66156,66291,67624,6,0
3306,66162,66162,66386,67719,5,1
3307,66164,66164,66291,67624,6,0
3308,66165,66165,66291,67624,6,0
3309,66166,66166,66386,67719,5,1
3310,66167,66167,66386,67719,5,1
3311,66172,66172,66386,67719,5,1
3312,66182,66182,66291,67624,6,0
3313,66191,66191,66291,67624,6,0
3314,66207,66207,66291,67624,6,0
3315,66216,66216,66291,67624,6,0
3316,66222,66222,66386,67719,5,1
3317,66229,66229,66386,67719,5,1
3318,66232,66232,66291,67624,6,0
3319,66232,66232,66386,67719,5,1
3320,66233,66233,66386,67719,5,1
3321,66239,66239,66291,67624,6,0
3322,66241,66241,66386,67719,5,1
3323,66248,66248,66291,67624,6,0
3324,66261,66261,66291,67624,6,0
3325,66262,66262,66291,67624,6,0
3326,66263,66263,66291,67624,6,0
3327,66267,66267,66291,67624,6,0
3328,66286,66286,66291,67624,6,0
3329,66287,66287,66386,67719,5,1
3330,66291,66291,66291,67624,6,0
3331,66300,66300,66386,67719,5,1
3332,66301,66301,66386,67719,5,1
3333,66307,66307,66386,67719,5,1
3334,66308,66308,66386,67719,5,1
3335,66310,66310,66567,67900,8,0
3336,66312,66312,66386,67719,5,1
3337,66314,66314,66567,67900,8,0
3338,66319,66319,66386,67719,5,1
3339,66328,66328,66386,67719,5,1
3340,66339,66339,66567,67900,8,0
3341,66354,66354,66386,67719,5,1
3342,66362,66362,66567,67900,8,0
3343,66367,66367,66567,67900,8,0
3344,66371,66371,66567,67900,8,0
3345,66383,66383,66567,67900,8,0
3346,66385,66385,66567,67900,8,0
3347,66386,66386,66567,67900,8,0
3348,66386,66386,66386,67719,5,1
3349,66393,66393,66632,67965,7,1
3350,66399,66399,66632,67965,7,1
3351,66402,66402,66632,67965,7,1
3352,66412,66412,66632,67965,7,1
3353,66416,66416,66632,67965,7,1
3354,66420,66420,66632,67965,7,1
3355,66439,66439,66632,67965,7,1
3356,66443,66443,66567,67900,8,0
3357,66448,66448,66632,67965,7,1
3358,66453,66453,66567,67900,8,0
3359,66456,66456,66632,67965,7,1
3360,66469,66469,66567,67900,8,0
3361,66473,66473,66567,67900,8,0
3362,66474,66474,66567,67900,8,0
3363,66486,66486,66632,67965,7,1
3364,66490,66490,66567,67900,8,0
3365,66498,66498,66632,67965,7,1
3366,66503,66503,66567,67900,8,0
3367,66507,66507,66632,67965,7,1
3368,66521,66521,66632,67965,7,1
3369,66524,66524,66567,67900,8,0
3370,66550,66550,66567,67900,8,0
3371,66566,66566,66567,67900,8,0
3372,66567,66567,66567,67900,8,0
3373,66577,66577,66632,67965,7,1
3374,66578,66578,66632,67965,7,1
3375,66583,66583,66632,67965,7,1
3376,66586,66586,66732,68065,10,0
3377,66592,66592,66632,67965,7,1
3378,66596,66596,66732,68065,10,0
3379,66599,66599,66632,67965,7,1
3380,66600,66600,66732,68065,10,0
3381,66606,66606,66732,68065,10,0
3382,66611,66611,66732,68065,10,0
3383,66615,66615,66732,68065,10,0
3384,66618,66618,66732,68065,10,0
3385,66624,66624,66732,68065,10,0
3386,66626,66626,66732,68065,10,0
3387,66627,66627,66632,67965,7,1
3388,66632,66632,66632,67965,7,1
3389,66633,66633,66794,68127,9,1
3390,66648,66648,66732,68065,10,0
3391,66654,66654,66732,68065,10,0
3392,66668,66668,66732,68065,10,0
3393,66668,66668,66794,68127,9,1
3394,66671,66671,66794,68127,9,1
3395,66683,66683,66794,68127,9,1
3396,66684,66684,66732,68065,10,0
3397,66693,66693,66732,68065,10,0
3398,66699,66699,66794,68127,9,1
3399,66700,66700,66794,68127,9,1
3400,66705,66705,66732,68065,10,0
3401,66705,66705,66794,68127,9,1
3402,66706,66706,66794,68127,9,1
3403,66707,66707,66794,68127,9,1
3404,66709,66709,66732,68065,10,0
3405,66714,66714,66732,68065,10,0
3406,66715,66715,66794,68127,9,1
3407,66716,66716,66794,68127,9,1
3408,66719,66719,66794,68127,9,1
3409,66726,66726,66732,68065,10,0
3410,66730,66730,66732,68065,10,0
3411,66730,66730,66794,68127,9,1
3412,66732,66732,66732,68065,10,0
3413,66738,66738,67023,68356,12,0
3414,66750,66750,66794,68127,9,1
3415,66756,66756,66794,68127,9,1
3416,66761,66761,66794,68127,9,1
3417,66771,66771,67023,68356,12,0
3418,66774,66774,66794,68127,9,1
3419,66779,66779,66794,68127,9,1
3420,66783,66783,67023,68356,12,0
3421,66783,66783,66794,68127,9,1
3422,66789,66789,67023,68356,12,0
3423,66793,66793,67023,68356,12,0
3424,66794,66794,66794,68127,9,1
3425,66797,66797,66977,68310,11,1
3426,66802,66802,67023,68356,12,0
3427,66812,66812,67023,68356,12,0
3428,66823,66823,66977,68310,11,1
3429,66830,66830,66977,68310,11,1
3430,66843,66843,67023,68356,12,0
3431,66843,66843,66977,68310,11,1
3432,66847,66847,66977,68310,11,1
3433,66848,66848,66977,68310,11,1
3434,66850,66850,66977,68310,11,1
3435,66856,66856,66977,68310,11,1
3436,66857,66857,66977,68310,11,1
3437,66858,66858,67023,68356,12,0
3438,66860,66860,66977,68310,11,1
3439,66879,66879,66977,68310,11,1
3440,66889,66889,66977,68310,11,1
3441,66893,66893,67023,68356,12,0
3442,66907,66907,67023,68356,12,0
3443,66919,66919,66977,68310,11,1
3444,66920,66920,67023,68356,12,0
3445,66929,66929,67023,68356,12,0
3446,66936,66936,66977,68310,11,1
3447,66940,66940,67023,68356,12,0
3448,66954,66954,66977,68310,11,1
3449,66957,66957,66977,68310,11,1
3450,66962,66962,66977,68310,11,1
3451,66972,66972,66977,68310,11,1
3452,66975,66975,66977,68310,11,1
3453,66977,66977,66977,68310,11,1
3454,66979,66979,67023,68356,12,0
3455,66985,66985,67179,68512,13,1
3456,66987,66987,67023,68356,12,0
3457,66989,66989,67179,68512,13,1
3458,66994,66994,67023,68356,12,0
3459,66996,66996,67023,68356,12,0
3460,67006,67006,67179,68512,13,1
3461,67020,67020,67023,68356,12,0
3462,67022,67022,67179,68512,13,1
3463,67023,67023,67023,68356,12,0
3464,67037,67037,67278,68611,14,0
3465,67038,67038,67179,68512,13,1
3466,67042,67042,67278,68611,14,0
3467,67043,67043,67179,68512,13,1
3468,67048,67048,67278,68611,14,0
3469,67050,67050,67179,68512,13,1
3470,67054,67054,67179,68512,13,1
3471,67056,67056,67278,68611,14,0
3472,67069,67069,67278,68611,14,0
3473,67097,67097,67179,68512,13,1
3474,67099,67099,67179,68512,13,1
3475,67101,67101,67179,68512,13,1
3476,67111,67111,67278,68611,14,0
3477,67132,67132,67179,68512,13,1
3478,67139,67139,67179,68512,13,1
3479,67140,67140,67278,68611,14,0
3480,67140,67140,67179,68512,13,1
3481,67143,67143,67179,68512,13,1
3482,67144,67144,67278,68611,14,0
3483,67158,67158,67179,68512,13,1
3484,67164,67164,67179,68512,13,1
3485,67166,67166,67179,68512,13,1
3486,67168,67168,67278,68611,14,0
3487,67173,67173,67179,68512,13,1
3488,67178,67178,67278,68611,14,0
3489,67179,67179,67179,68512,13,1
3490,67184,67184,67315,68648,15,1
3491,67197,67197,67278,68611,14,0
3492,67197,67197,67315,68648,15,1
3493,67198,67198,67315,68648,15,1
3494,67201,67201,67315,68648,15,1
3495,67204,67204,67315,68648,15,1
3496,67205,67205,67278,68611,14,0
3497,67214,67214,67315,68648,15,1
3498,67215,67215,67278,68611,14,0
3499,67218,67218,67315,68648,15,1
3500,67219,67219,67278,68611,14,0
3501,67219,67219,67315,68648,15,1
3502,67221,67221,67315,68648,15,1
3503,67222,67222,67315,68648,15,1
3504,67226,67226,67315,68648,15,1
3505,67227,67227,67315,68648,15,1
3506,67233,67233,67315,68648,15,1
3507,67238,67238,67315,68648,15,1
3508,67248,67248,67278,68611,14,0
3509,67250,67250,67278,68611,14,0
3510,67250,67250,67315,68648,15,1
3511,67251,67251,67278,68611,14,0
3512,67253,67253,67315,68648,15,1
3513,67257,67257,67278,68611,14,0
3514,67259,67259,67315,68648,15,1
3515,67267,67267,67278,68611,14,0
3516,67278,67278,67278,68611,14,0
3517,67285,67285,67315,68648,15,1
3518,67287,67287,67454,68787,16,0
3519,67300,67300,67454,68787,16,0
3520,67302,67302,67454,68787,16,0
3521,67305,67305,67454,68787,16,0
3522,67308,67308,67315,68648,15,1
3523,67313,67313,67454,68787,16,0
3524,67315,67315,67315,68648,15,1
3525,67323,67323,67572,68905,17,1
3526,67343,67343,67572,68905,17,1
3527,67354,67354,67454,68787,16,0
3528,67356,67356,67572,68905,17,1
3529,67358,67358,67572,68905,17,1
3530,67362,67362,67454,68787,16,0
3531,67375,67375,67454,68787,16,0
3532,67376,67376,67454,68787,16,0
3533,67388,67388,67454,68787,16,0
3534,67390,67390,67572,68905,17,1
3535,67394,67394,67454,68787,16,0
3536,67397,67397,67454,68787,16,0
3537,67400,67400,67454,68787,16,0
3538,67413,67413,67572,68905,17,1
3539,67418,67418,67454,68787,16,0
3540,67420,67420,67454,68787,16,0
3541,67421,67421,67454,68787,16,0
3542,67433,67433,67572,68905,17,1
3543,67436,67436,67454,68787,16,0
3544,67437,67437,67454,68787,16,0
3545,67440,67440,67454,68787,16,0
3546,67445,67445,67572,68905,17,1
3547,67454,67454,67454,68787,16,0
3548,67454,67454,67572,68905,17,1
3549,67457,67457,67703,69036,18,0
3550,67458,67458,67703,69036,18,0
3551,67466,67466,67572,68905,17,1
3552,67468,67468,67572,68905,17,1
3553,67483,67483,67572,68905,17,1
3554,67487,67487,67703,69036,18,0
3555,67495,67495,67572,68905,17,1
3556,67496,67496,67703,69036,18,0
3557,67504,67504,67572,68905,17,1
3558,67511,67511,67572,68905,17,1
3559,67518,67518,67703,69036,18,0
3560,67527,67527,67703,69036,18,0
3561,67529,67529,67703,69036,18,0
3562,67529,67529,67572,68905,17,1
3563,67541,67541,67703,69036,18,0
3564,67543,67543,67572,68905,17,1
3565,67546,67546,67572,68905,17,1
3566,67548,67548,67703,69036,18,0
3567,67553,67553,67572,68905,17,1
3568,67572,67572,67572,68905,17,1
3569,67583,67583,67838,69171,19,1
3570,67602,67602,67838,69171,19,1
3571,67605,67605,67703,69036,18,0
3572,67606,67606,67703,69036,18,0
3573,67607,67607,67838,69171,19,1
3574,67608,67608,67838,69171,19,1
3575,67612,67612,67838,69171,19,1
3576,67615,67615,67703,69036,18,0
3577,67634,67634,67703,69036,18,0
3578,67645,67645,67838,69171,19,1
3579,67646,67646,67703,69036,18,0
3580,67651,67651,67703,69036,18,0
3581,67653,67653,67703,69036,18,0
3582,67662,67662,67703,69036,18,0
3583,67667,67667,67703,69036,18,0
3584,67674,67674,67838,69171,19,1
3585,67676,67676,67838,69171,19,1
3586,67684,67684,67838,69171,19,1
3587,67694,67694,67703,69036,18,0
3588,67694,67694,67838,69171,19,1
3589,67703,67703,67703,69036,18,0
3590,67713,67713,67838,69171,19,1
3591,67714,67714,67890,69223,1,0
3592,67717,67717,67890,69223,1,0
3593,67718,67718,67838,69171,19,1
3594,67719,67719,67838,69171,19,1
3595,67720,67720,67890,69223,1,0
3596,67723,67723,67890,69223,1,0
3597,67724,67724,67838,69171,19,1
3598,67725,67725,67890,69223,1,0
3599,67726,67726,67838,69171,19,1
3600,67729,67729,67838,69171,19,1
3601,67746,67746,67838,69171,19,1
3602,67755,67755,67890,69223,1,0
3603,67765,67765,67890,69223,1,0
3604,67765,67765,67838,69171,19,1
3605,67768,67768,67838,69171,19,1
3606,67770,67770,67890,69223,1,0
3607,67782,67782,67890,69223,1,0
3608,67789,67789,67890,69223,1,0
3609,67790,67790,67890,69223,1,0
3610,67800,67800,67890,69223,1,0
3611,67805,67805,67890,69223,1,0
3612,67829,67829,67890,69223,1,0
3613,67831,67831,67890,69223,1,0
3614,67838,67838,67838,69171,19,1
3615,67840,67840,68076,69409,0,1
3616,67843,67843,68076,69409,0,1
3617,67845,67845,68076,69409,0,1
3618,67848,67848,67890,69223,1,0
3619,67849,67849,68076,69409,0,1
3620,67850,67850,67890,69223,1,0
3621,67854,67854,67890,69223,1,0
3622,67861,67861,68076,69409,0,1
3623,67864,67864,68076,69409,0,1
3624,67879,67879,67890,69223,1,0
3625,67890,67890,67890,69223,1,0
3626,67895,67895,68072,69405,3,0
3627,67895,67895,68076,69409,0,1
3628,67908,67908,68072,69405,3,0
3629,67924,67924,68072,69405,3,0
3630,67928,67928,68072,69405,3,0
3631,67936,67936,68072,69405,3,0
3632,67937,67937,68072,69405,3,0
3633,67967,67967,68072,69405,3,0
3634,67968,67968,68076,69409,0,1
3635,67969,67969,68072,69405,3,0
3636,67970,67970,68072,69405,3,0
3637,67985,67985,68076,69409,0,1
3638,67987,67987,68076,69409,0,1
3639,67989,67989,68076,69409,0,1
3640,67991,67991,68076,69409,0,1
3641,67995,67995,68072,69405,3,0
3642,68000,68000,68076,69409,0,1
3643,68013,68013,68076,69409,0,1
3644,68014,68014,68072,69405,3,0
3645,68020,68020,68072,69405,3,0
3646,68026,68026,68076,69409,0,1
3647,68045,68045,68076,69409,0,1
3648,68048,68048,68072,69405,3,0
3649,68049,68049,68072,69405,3,0
3650,68049,68049,68076,69409,0,1
3651,68056,68056,68076,69409,0,1
3652,68057,68057,68072,69405,3,0
3653,68058,68058,68072,69405,3,0
3654,68064,68064,68076,69409,0,1
3655,68067,68067,68072,69405,3,0
3656,68069,68069,68072,69405,3,0
3657,68070,68070,68072,69405,3,0
3658,68072,68072,68072,69405,3,0
3659,68076,68076,68421,69754,5,0
3660,68076,68076,68076,69409,0,1
3661,68081,68081,68421,69754,5,0
3662,68081,68081,68348,69681,2,1
3663,68085,68085,68421,69754,5,0
3664,68102,68102,68421,69754,5,0
3665,68107,68107,68421,69754,5,0
3666,68117,68117,68348,69681,2,1
3667,68119,68119,68348,69681,2,1
3668,68126,68126,68348,69681,2,1
3669,68141,68141,68421,69754,5,0
3670,68151,68151,68421,69754,5,0
3671,68152,68152,68348,69681,2,1
3672,68179,68179,68348,69681,2,1
3673,68180,68180,68421,69754,5,0
3674,68195,68195,68348,69681,2,1
3675,68198,68198,68421,69754,5,0
3676,68209,68209,68348,69681,2,1
3677,68225,68225,68421,69754,5,0
3678,68235,68235,68348,69681,2,1
3679,68236,68236,68348,69681,2,1
3680,68238,68238,68348,69681,2,1
3681,68251,68251,68348,69681,2,1
3682,68261,68261,68421,69754,5,0
3683,68269,68269,68421,69754,5,0
3684,68271,68271,68348,69681,2,1
3685,68298,68298,68348,69681,2,1
3686,68301,68301,68348,69681,2,1
3687,68309,68309,68348,69681,2,1
3688,68320,68320,68348,69681,2,1
3689,68322,68322,68421,69754,5,0
3690,68324,68324,68421,69754,5,0
3691,68324,68324,68348,69681,2,1
3692,68327,68327,68348,69681,2,1
3693,68345,68345,68421,69754,5,0
3694,68348,68348,68348,69681,2,1
3695,68358,68358,68421,69754,5,0
3696,68360,68360,68564,69897,4,1
3697,68379,68379,68564,69897,4,1
3698,68392,68392,68421,69754,5,0
3699,68396,68396,68421,69754,5,0
3700,68396,68396,68564,69897,4,1
3701,68412,68412,68421,69754,5,0
3702,68413,68413,68564,69897,4,1
3703,68419,68419,68564,69897,4,1
3704,68421,68421,68421,69754,5,0
3705,68433,68433,68661,69994,7,0
3706,68442,68442,68564,69897,4,1
3707,68449,68449,68564,69897,4,1
3708,68453,68453,68661,69994,7,0
3709,68453,68453,68564,69897,4,1
3710,68455,68455,68564,69897,4,1
3711,68460,68460,68564,69897,4,1
3712,68461,68461,68661,69994,7,0
3713,68473,68473,68564,69897,4,1
3714,68487,68487,68661,69994,7,0
3715,68490,68490,68661,69994,7,0
3716,68491,68491,68661,69994,7,0
3717,68501,68501,68564,69897,4,1
3718,68505,68505,68661,69994,7,0
3719,68506,68506,68564,69897,4,1
3720,68525,68525,68564,69897,4,1
3721,68528,68528,68661,69994,7,0
3722,68533,68533,68564,69897,4,1
3723,68534,68534,68564,69897,4,1
3724,68547,68547,68661,69994,7,0
3725,68547,68547,68564,69897,4,1
3726,68557,68557,68564,69897,4,1
3727,68558,68558,68564,69897,4,1
3728,68564,68564,68564,69897,4,1
3729,68581,68581,68734,70067,6,1
3730,68584,68584,68734,70067,6,1
3731,68585,68585,68734,70067,6,1
3732,68595,68595,68661,69994,7,0
3733,68601,68601,68661,69994,7,0
3734,68601,68601,68734,70067,6,1
3735,68602,68602,68661,69994,7,0
3736,68605,68605,68734,70067,6,1
3737,68607,68607,68661,69994,7,0
3738,68609,68609,68661,69994,7,0
3739,68619,68619,68661,69994,7,0
3740,68619,68619,68734,70067,6,1
3741,68628,68628,68661,69994,7,0
3742,68628,68628,68734,70067,6,1
3743,68629,68629,68661,69994,7,0
3744,68630,68630,68734,70067,6,1
3745,68641,68641,68734,70067,6,1
3746,68643,68643,68661,69994,7,0
3747,68648,68648,68661,69994,7,0
3748,68655,68655,68734,70067,6,1
3749,68658,68658,68734,70067,6,1
3750,68660,68660,68734,70067,6,1
3751,68661,68661,68661,69994,7,0
3752,68663,68663,68845,70178,9,0
3753,68664,68664,68734,70067,6,1
3754,68666,68666,68734,70067,6,1
3755,68670,68670,68734,70067,6,1
3756,68675,68675,68845,70178,9,0
3757,68679,68679,68734,70067,6,1
3758,68680,68680,68845,70178,9,0
3759,68681,68681,68734,70067,6,1
3760,68698,68698,68734,70067,6,1
3761,68702,68702,68734,70067,6,1
3762,68717,68717,68845,70178,9,0
3763,68724,68724,68845,70178,9,0
3764,68734,68734,68845,70178,9,0
3765,68734,68734,68734,70067,6,1
3766,68736,68736,69030,70363,8,1
3767,68752,68752,68845,70178,9,0
3768,68754,68754,68845,70178,9,0
3769,68760,68760,69030,70363,8,1
3770,68767,68767,68845,70178,9,0
3771,68778,68778,68845,70178,9,0
3772,68781,68781,68845,70178,9,0
3773,68786,68786,68845,70178,9,0
3774,68795,68795,68845,70178,9,0
3775,68797,68797,68845,70178,9,0
3776,68801,68801,68845,70178,9,0
3777,68804,68804,68845,70178,9,0
3778,68820,68820,69030,70363,8,1
3779,68822,68822,68845,70178,9,0
3780,68828,68828,68845,70178,9,0
3781,68828,68828,69030,70363,8,1
3782,68831,68831,68845,70178,9,0
3783,68842,68842,69030,70363,8,1
3784,68845,68845,68845,70178,9,0
3785,68852,68852,69031,70364,11,0
3786,68853,68853,69031,70364,11,0
3787,68869,68869,69031,70364,11,0
3788,68887,68887,69030,70363,8,1
3789,68891,68891,69031,70364,11,0
3790,68897,68897,69030,70363,8,1
3791,68898,68898,69031,70364,11,0
3792,68898,68898,69030,70363,8,1
3793,68900,68900,69030,70363,8,1
3794,68913,68913,69031,70364,11,0
3795,68915,68915,69030,70363,8,1
3796,68935,68935,69031,70364,11,0
3797,68936,68936,69031,70364,11,0
3798,68943,68943,69031,70364,11,0
3799,68950,68950,69031,70364,11,0
3800,68956,68956,69031,70364,11,0
3801,68963,68963,69030,70363,8,1
3802,68982,68982,69031,70364,11,0
3803,68984,68984,69030,70363,8,1
3804,68990,68990,69031,70364,11,0
3805,68991,68991,69030,70363,8,1
3806,68995,68995,69031,70364,11,0
3807,69000,69000,69030,70363,8,1
3808,69003,69003,69030,70363,8,1
3809,69005,69005,69031,70364,11,0
3810,69005,69005,69030,70363,8,1
3811,69008,69008,69030,70363,8,1
3812,69012,69012,69030,70363,8,1
3813,69015,69015,69031,70364,11,0
3814,69016,69016,69031,70364,11,0
3815,69018,69018,69031,70364,11,0
3816,69019,69019,69031,70364,11,0
3817,69021,69021,69030,70363,8,1
3818,69030,69030,69030,70363,8,1
3819,69031,69031,69031,70364,11,0
3820,69033,69033,69242,70575,10,1
3821,69038,69038,69242,70575,10,1
3822,69051,69051,69283,70616,13,0
3823,69054,69054,69242,70575,10,1
3824,69064,69064,69283,70616,13,0
3825,69067,69067,69242,70575,10,1
3826,69071,69071,69242,70575,10,1
3827,69077,69077,69283,70616,13,0
3828,69081,69081,69283,70616,13,0
3829,69086,69086,69283,70616,13,0
3830,69092,69092,69283,70616,13,0
3831,69094,69094,69283,70616,13,0
3832,69097,69097,69242,70575,10,1
3833,69111,69111,69283,70616,13,0
3834,69119,69119,69283,70616,13,0
3835,69122,69122,69283,70616,13,0
3836,69126,69126,69283,70616,13,0
3837,69128,69128,69242,70575,10,1
3838,69134,69134,69283,70616,13,0
3839,69138,69138,69283,70616,13,0
3840,69141,69141,69242,70575,10,1
3841,69145,69145,69283,70616,13,0
3842,69153,69153,69242,70575,10,1
3843,69155,69155,69242,70575,10,1
3844,69166,69166,69283,70616,13,0
3845,69171,69171,69242,70575,10,1
3846,69174,69174,69242,70575,10,1
3847,69176,69176,69242,70575,10,1
3848,69178,69178,69242,70575,10,1
3849,69179,69179,69242,70575,10,1
3850,69191,69191,69283,70616,13,0
3851,69199,69199,69242,70575,10,1
3852,69200,69200,69283,70616,13,0
3853,69206,69206,69242,70575,10,1
3854,69210,69210,69242,70575,10,1
3855,69217,69217,69242,70575,10,1
3856,69235,69235,69283,70616,13,0
3857,69242,69242,69242,70575,10,1
3858,69244,69244,69283,70616,13,0
3859,69248,69248,69514,70847,12,1
3860,69265,69265,69514,70847,12,1
3861,69278,69278,69514,70847,12,1
3862,69283,69283,69283,70616,13,0
3863,69291,69291,69505,70838,15,0
3864,69296,69296,69514,70847,12,1
3865,69297,69297,69505,70838,15,0
3866,69300,69300,69505,70838,15,0
3867,69300,69300,69514,70847,12,1
3868,69301,69301,69514,70847,12,1
3869,69309,69309,69514,70847,12,1
3870,69310,69310,69505,70838,15,0
3871,69326,69326,69514,70847,12,1
3872,69339,69339,69505,70838,15,0
3873,69358,69358,69505,70838,15,0
3874,69359,69359,69505,70838,15,0
3875,69361,69361,69514,70847,12,1
3876,69367,69367,69514,70847,12,1
3877,69378,69378,69505,70838,15,0
3878,69383,69383,69505,70838,15,0
3879,69387,69387,69514,70847,12,1
3880,69391,69391,69514,70847,12,1
3881,69398,69398,69505,70838,15,0
3882,69409,69409,69514,70847,12,1
3883,69411,69411,69514,70847,12,1
3884,69416,69416,69505,70838,15,0
3885,69426,69426,69505,70838,15,0
3886,69434,69434,69514,70847,12,1
3887,69435,69435,69514,70847,12,1
3888,69436,69436,69505,70838,15,0
3889,69439,69439,69514,70847,12,1
3890,69443,69443,69505,70838,15,0
3891,69446,69446,69505,70838,15,0
3892,69448,69448,69505,70838,15,0
3893,69452,69452,69505,70838,15,0
3894,69471,69471,69514,70847,12,1
3895,69472,69472,69514,70847,12,1
3896,69475,69475,69505,70838,15,0
3897,69502,69502,69505,70838,15,0
3898,69505,69505,69505,70838,15,0
3899,69508,69508,69767,71100,17,0
3900,69514,69514,69514,70847,12,1
3901,69529,69529,69711,71044,14,1
3902,69539,69539,69711,71044,14,1
3903,69547,69547,69711,71044,14,1
3904,69549,69549,69767,71100,17,0
3905,69574,69574,69711,71044,14,1
3906,69576,69576,69767,71100,17,0
3907,69580,69580,69767,71100,17,0
3908,69581,69581,69767,71100,17,0
3909,69586,69586,69711,71044,14,1
3910,69589,69589,69711,71044,14,1
3911,69590,69590,69711,71044,14,1
3912,69599,69599,69711,71044,14,1
3913,69600,69600,69767,71100,17,0
3914,69601,69601,69767,71100,17,0
3915,69614,69614,69767,71100,17,0
3916,69614,69614,69711,71044,14,1
3917,69619,69619,69711,71044,14,1
3918,69625,69625,69711,71044,14,1
3919,69634,69634,69711,71044,14,1
3920,69647,69647,69711,71044,14,1
3921,69652,69652,69711,71044,14,1
3922,69653,69653,69767,71100,17,0
3923,69655,69655,69767,71100,17,0
3924,69660,69660,69711,71044,14,1
3925,69661,69661,69767,71100,17,0
3926,69664,69664,69767,71100,17,0
3927,69671,69671,69767,71100,17,0
3928,69675,69675,69711,71044,14,1
3929,69678,69678,69767,71100,17,0
3930,69685,69685,69767,71100,17,0
3931,69692,69692,69711,71044,14,1
3932,69695,69695,69767,71100,17,0
3933,69695,69695,69711,71044,14,1
3934,69699,69699,69767,71100,17,0
3935,69702,69702,69711,71044,14,1
3936,69711,69711,69711,71044,14,1
3937,69716,69716,69767,71100,17,0
3938,69734,69734,69767,71100,17,0
3939,69741,69741,69934,71267,16,1
3940,69743,69743,69934,71267,16,1
3941,69764,69764,69934,71267,16,1
3942,69767,69767,69767,71100,17,0
3943,69768,69768,69934,71267,16,1
3944,69772,69772,69959,71292,19,0
3945,69777,69777,69934,71267,16,1
3946,69779,69779,69959,71292,19,0
3947,69785,69785,69959,71292,19,0
3948,69796,69796,69934,71267,16,1
3949,69797,69797,69934,71267,16,1
3950,69804,69804,69959,71292,19,0
3951,69809,69809,69959,71292,19,0
3952,69816,69816,69934,71267,16,1
3953,69821,69821,69959,71292,19,0
3954,69821,69821,69934,71267,16,1
3955,69826,69826,69934,71267,16,1
3956,69827,69827,69934,71267,16,1
3957,69838,69838,69934,71267,16,1
3958,69852,69852,69934,71267,16,1
3959,69853,69853,69934,71267,16,1
3960,69863,69863,69934,71267,16,1
3961,69865,69865,69959,71292,19,0
3962,69868,69868,69959,71292,19,0
3963,69871,69871,69934,71267,16,1
3964,69880,69880,69934,71267,16,1
3965,69886,69886,69959,71292,19,0
3966,69887,69887,69959,71292,19,0
3967,69893,69893,69959,71292,19,0
3968,69914,69914,69934,71267,16,1
3969,69922,69922,69959,71292,19,0
3970,69922,69922,69934,71267,16,1
3971,69923,69923,69959,71292,19,0
3972,69926,69926,69959,71292,19,0
3973,69934,69934,69959,71292,19,0
3974,69934,69934,69934,71267,16,1
3975,69938,69938,69959,71292,19,0
3976,69940,69940,69959,71292,19,0
3977,69940,69940,70286,71619,18,1
3978,69943,69943,69959,71292,19,0
3979,69945,69945,69959,71292,19,0
3980,69946,69946,70286,71619,18,1
3981,69959,69959,69959,71292,19,0
3982,69960,69960,70157,71490,0,0
3983,69966,69966,70286,71619,18,1
3984,69979,69979,70157,71490,0,0
3985,69986,69986,70157,71490,0,0
3986,69996,69996,70286,71619,18,1
3987,70007,70007,70157,71490,0,0
3988,70014,70014,70157,71490,0,0
3989,70019,70019,70286,71619,18,1
3990,70025,70025,70157,71490,0,0
3991,70032,70032,70157,71490,0,0
3992,70050,70050,70157,71490,0,0
3993,70054,70054,70157,71490,0,0
3994,70066,70066,70286,71619,18,1
3995,70072,70072,70286,71619,18,1
3996,70076,70076,70157,71490,0,0
3997,70085,70085,70286,71619,18,1
3998,70090,70090,70157,71490,0,0
3999,70090,70090,70286,71619,18,1
4000,70094,70094,70157,71490,0,0
4001,70099,70099,70157,71490,0,0
4002,70108,70108,70157,71490,0,0
4003,70120,70120,70157,71490,0,0
4004,70128,70128,70286,71619,18,1
4005,70130,70130,70157,71490,0,0
4006,70134,70134,70157,71490,0,0
4007,70145,70145,70157,71490,0,0
4008,70146,70146,70286,71619,18,1
4009,70151,70151,70286,71619,18,1
4010,70152,70152,70157,71490,0,0
4011,70155,70155,70286,71619,18,1
4012,70157,70157,70157,71490,0,0
4013,70165,70165,70286,71619,18,1
4014,70170,70170,70286,71619,18,1
4015,70174,70174,70471,71804,2,0
4016,70193,70193,70286,71619,18,1
4017,70194,70194,70471,71804,2,0
4018,70204,70204,70286,71619,18,1
4019,70206,70206,70471,71804,2,0
4020,70208,70208,70286,71619,18,1
4021,70210,70210,70471,71804,2,0
4022,70233,70233,70471,71804,2,0
4023,70256,70256,70471,71804,2,0
4024,70262,70262,70471,71804,2,0
4025,70283,70283,70286,71619,18,1
4026,70286,70286,70286,71619,18,1
4027,70288,70288,70471,71804,2,0
4028,70289,70289,70571,71904,1,1
4029,70290,70290,70471,71804,2,0
4030,70298,70298,70571,71904,1,1
4031,70303,70303,70571,71904,1,1
4032,70308,70308,70571,71904,1,1
4033,70317,70317,70471,71804,2,0
4034,70318,70318,70471,71804,2,0
4035,70319,70319,70571,71904,1,1
4036,70322,70322,70571,71904,1,1
4037,70326,70326,70471,71804,2,0
4038,70334,70334,70471,71804,2,0
4039,70335,70335,70471,71804,2,0
4040,70336,70336,70571,71904,1,1
4041,70352,70352,70571,71904,1,1
4042,70357,70357,70571,71904,1,1
4043,70384,70384,70471,71804,2,0
4044,70396,70396,70471,71804,2,0
4045,70407,70407,70471,71804,2,0
4046,70423,70423,70571,71904,1,1
4047,70426,70426,70571,71904,1,1
4048,70427,70427,70571,71904,1,1
4049,70439,70439,70471,71804,2,0
4050,70449,70449,70471,71804,2,0
4051,70450,70450,70571,71904,1,1
4052,70471,70471,70471,71804,2,0
4053,70487,70487,70814,72049,4,0
4054,70503,70503,70571,71904,1,1
4055,70504,70504,70571,71904,1,1
4056,70505,70505,70814,72049,4,0
4057,70517,70517,70571,71904,1,1
4058,70525,70525,70814,72049,4,0
4059,70526,70526,70571,71904,1,1
4060,70548,70548,70814,72049,4,0
4061,70549,70549,70571,71904,1,1
4062,70565,70565,70814,72049,4,0
4063,70568,70568,70571,71904,1,1
4064,70571,70571,70571,71904,1,1
4065,70572,70572,70814,72049,4,0
4066,70580,70580,70803,72045,3,1
4067,70590,70590,70803,72045,3,1
4068,70602,70602,70803,72045,3,1
4069,70610,70610,70814,72049,4,0
4070,70616,70616,70803,72045,3,1
4071,70617,70617,70803,72045,3,1
4072,70622,70622,70803,72045,3,1
4073,70631,70631,70814,72049,4,0
4074,70643,70643,70814,72049,4,0
4075,70646,70646,70814,72049,4,0
4076,70663,70663,70814,72049,4,0
4077,70665,70665,70803,72045,3,1
4078,70687,70687,70814,72049,4,0
4079,70695,70695,70803,72045,3,1
4080,70698,70698,70814,72049,4,0
4081,70700,70700,70803,72045,3,1
4082,70707,70707,70803,72045,3,1
4083,70714,70714,70803,72045,3,1
4084,70736,70736,70803,72045,3,1
4085,70737,70737,70814,72049,4,0
4086,70742,70742,70803,72045,3,1
4087,70745,70745,70803,72045,3,1
4088,70749,70749,70803,72045,3,1
4089,70753,70753,70803,72045,3,1
4090,70766,70766,70803,72045,3,1
4091,70769,70769,70803,72045,3,1
4092,70772,70772,70814,72049,4,0
4093,70774,70774,70814,72049,4,0
4094,70783,70783,70814,72049,4,0
4095,70786,70786,70814,72049,4,0
4096,70790,70790,70803,72045,3,1
4097,70794,70794,70814,72049,4,0
4098,70803,70803,70803,72045,3,1
4099,70814,70814,70814,72049,4,0
4100,70818,70818,70975,72102,6,0
4101,70827,70827,70975,72102,6,0
4102,70827,70827,71100,72144,5,1
4103,70829,70829,70975,72102,6,0
4104,70830,70830,71100,72144,5,1
4105,70835,70835,70975,72102,6,0
4106,70848,70848,70975,72102,6,0
4107,70861,70861,70975,72102,6,0
4108,70866,70866,70975,72102,6,0
4109,70867,70867,70975,72102,6,0
4110,70869,70869,70975,72102,6,0
4111,70871,70871,70975,72102,6,0
4112,70878,70878,70975,72102,6,0
4113,70881,70881,70975,72102,6,0
4114,70888,70888,71100,72144,5,1
4115,70889,70889,70975,72102,6,0
4116,70899,70899,71100,72144,5,1
4117,70901,70901,71100,72144,5,1
4118,70919,70919,71100,72144,5,1
4119,70923,70923,70975,72102,6,0
4120,70932,70932,71100,72144,5,1
4121,70940,70940,70975,72102,6,0
4122,70955,70955,70975,72102,6,0
4123,70956,70956,70975,72102,6,0
4124,70957,70957,71100,72144,5,1
4125,70960,70960,70975,72102,6,0
4126,70967,70967,70975,72102,6,0
4127,70973,70973,71100,72144,5,1
4128,70975,70975,70975,72102,6,0
4129,70975,70975,71100,72144,5,1
4130,70978,70978,71196,72176,8,0
4131,70987,70987,71196,72176,8,0
4132,71005,71005,71100,72144,5,1
4133,71011,71011,71100,72144,5,1
4134,71017,71017,71196,72176,8,0
4135,71019,71019,71100,72144,5,1
4136,71036,71036,71100,72144,5,1
4137,71045,71045,71100,72144,5,1
4138,71050,71050,71100,72144,5,1
4139,71054,71054,71100,72144,5,1
4140,71061,71061,71196,72176,8,0
4141,71068,71068,71196,72176,8,0
4142,71080,71080,71196,72176,8,0
4143,71082,71082,71100,72144,5,1
4144,71084,71084,71100,72144,5,1
4145,71100,71100,71100,72144,5,1
4146,71109,71109,71196,72176,8,0
4147,71112,71112,71196,72176,8,0
4148,71122,71122,71196,72176,8,0
4149,71125,71125,71196,72176,8,0
4150,71129,71129,71196,72176,8,0
4151,71131,71131,71196,72176,8,0
4152,71138,71138,71196,72176,8,0
4153,71143,71143,71333,72222,7,1
4154,71145,71145,71196,72176,8,0
4155,71148,71148,71196,72176,8,0
4156,71153,71153,71333,72222,7,1
4157,71157,71157,71196,72176,8,0
4158,71167,71167,71196,72176,8,0
4159,71176,71176,71196,72176,8,0
4160,71185,71185,71196,72176,8,0
4161,71192,71192,71333,72222,7,1
4162,71196,71196,71196,72176,8,0
4163,71203,71203,71333,72222,7,1
4164,71206,71206,71333,72222,7,1
4165,71210,71210,71333,72222,7,1
4166,71211,71211,71333,72222,7,1
4167,71215,71215,71333,72222,7,1
4168,71226,71226,71386,72239,10,0
4169,71229,71229,71386,72239,10,0
4170,71233,71233,71386,72239,10,0
4171,71233,71233,71333,72222,7,1
4172,71237,71237,71386,72239,10,0
4173,71238,71238,71333,72222,7,1
4174,71251,71251,71386,72239,10,0
4175,71265,71265,71333,72222,7,1
4176,71266,71266,71333,72222,7,1
4177,71270,71270,71333,72222,7,1
4178,71272,71272,71333,72222,7,1
4179,71273,71273,71333,72222,7,1
4180,71289,71289,71386,72239,10,0
4181,71296,71296,71386,72239,10,0
4182,71302,71302,71386,72239,10,0
4183,71313,71313,71333,72222,7,1
4184,71319,71319,71333,72222,7,1
4185,71330,71330,71386,72239,10,0
4186,71331,71331,71333,72222,7,1
4187,71332,71332,71333,72222,7,1
4188,71333,71333,71333,72222,7,1
4189,71342,71342,71599,72310,9,1
4190,71348,71348,71386,72239,10,0
4191,71350,71350,71599,72310,9,1
4192,71351,71351,71386,72239,10,0
4193,71356,71356,71386,72239,10,0
4194,71357,71357,71386,72239,10,0
4195,71365,71365,71386,72239,10,0
4196,71369,71369,71386,72239,10,0
4197,71372,71372,71386,72239,10,0
4198,71374,71374,71599,72310,9,1
4199,71377,71377,71386,72239,10,0
4200,71379,71379,71386,72239,10,0
4201,71383,71383,71386,72239,10,0
4202,71386,71386,71386,72239,10,0
4203,71388,71388,71578,72303,12,0
4204,71395,71395,71578,72303,12,0
4205,71399,71399,71578,72303,12,0
4206,71402,71402,71578,72303,12,0
4207,71404,71404,71578,72303,12,0
4208,71410,71410,71599,72310,9,1
4209,71417,71417,71599,72310,9,1
4210,71421,71421,71599,72310,9,1
4211,71422,71422,71599,72310,9,1
4212,71430,71430,71578,72303,12,0
4213,71442,71442,71599,72310,9,1
4214,71443,71443,71578,72303,12,0
4215,71459,71459,71599,72310,9,1
4216,71461,71461,71578,72303,12,0
4217,71480,71480,71578,72303,12,0
4218,71481,71481,71578,72303,12,0
4219,71492,71492,71599,72310,9,1
4220,71495,71495,71578,72303,12,0
4221,71506,71506,71578,72303,12,0
4222,71507,71507,71578,72303,12,0
4223,71512,71512,71578,72303,12,0
4224,71513,71513,71578,72303,12,0
4225,71524,71524,71578,72303,12,0
4226,71525,71525,71578,72303,12,0
4227,71527,71527,71599,72310,9,1
4228,71539,71539,71599,72310,9,1
4229,71541,71541,71578,72303,12,0
4230,71548,71548,71599,72310,9,1
4231,71550,71550,71578,72303,12,0
4232,71550,71550,71599,72310,9,1
4233,71558,71558,71599,72310,9,1
4234,71567,71567,71599,72310,9,1
4235,71571,71571,71599,72310,9,1
4236,71577,71577,71599,72310,9,1
4237,71578,71578,71578,72303,12,0
4238,71583,71583,71786,72373,14,0
4239,71584,71584,71786,72373,14,0
4240,71586,71586,71786,72373,14,0
4241,71598,71598,71599,72310,9,1
4242,71599,71599,71599,72310,9,1
4243,71601,71601,71786,72373,14,0
4244,71619,71619,71786,72373,14,0
4245,71628,71628,71829,72387,11,1
4246,71631,71631,71786,72373,14,0
4247,71633,71633,71829,72387,11,1
4248,71637,71637,71829,72387,11,1
4249,71638,71638,71786,72373,14,0
4250,71640,71640,71786,72373,14,0
4251,71645,71645,71829,72387,11,1
4252,71652,71652,71786,72373,14,0
4253,71664,71664,71786,72373,14,0
4254,71667,71667,71829,72387,11,1
4255,71680,71680,71786,72373,14,0
4256,71689,71689,71786,72373,14,0
4257,71690,71690,71829,72387,11,1
4258,71706,71706,71786,72373,14,0
4259,71712,71712,71829,72387,11,1
4260,71714,71714,71829,72387,11,1
4261,71719,71719,71786,72373,14,0
4262,71720,71720,71829,72387,11,1
4263,71725,71725,71786,72373,14,0
4264,71730,71730,71829,72387,11,1
4265,71733,71733,71786,72373,14,0
4266,71741,71741,71829,72387,11,1
4267,71759,71759,71829,72387,11,1
4268,71763,71763,71786,72373,14,0
4269,71772,71772,71829,72387,11,1
4270,71777,71777,71786,72373,14,0
4271,71782,71782,71786,72373,14,0
4272,71786,71786,71786,72373,14,0
4273,71792,71792,72367,72811,16,0
4274,71794,71794,71829,72387,11,1
4275,71798,71798,71829,72387,11,1
4276,71805,71805,71829,72387,11,1
4277,71806,71806,71829,72387,11,1
4278,71809,71809,72367,72811,16,0
4279,71812,71812,72367,72811,16,0
4280,71817,71817,71829,72387,11,1
4281,71819,71819,71829,72387,11,1
4282,71822,71822,72367,72811,16,0
4283,71829,71829,71829,72387,11,1
4284,71846,71846,74925,75369,13,1
4285,71848,71848,72367,72811,16,0
4286,71849,71849,74925,75369,13,1
4287,71874,71874,74925,75369,13,1
4288,71875,71875,74925,75369,13,1
4289,71891,71891,72367,72811,16,0
4290,71898,71898,72367,72811,16,0
4291,71899,71899,72367,72811,16,0
4292,71910,71910,72367,72811,16,0
4293,71918,71918,74925,75369,13,1
4294,71922,71922,72367,72811,16,0
4295,71928,71928,72367,72811,16,0
4296,71941,71941,72367,72811,16,0
4297,71941,71941,74925,75369,13,1
4298,71956,71956,72367,72811,16,0
4299,71960,71960,72367,72811,16,0
4300,71962,71962,72367,72811,16,0
4301,71973,71973,74925,75369,13,1
4302,71981,71981,72367,72811,16,0
4303,71983,71983,72367,72811,16,0
4304,71992,71992,72367,72811,16,0
4305,72300,72300,72367,72811,16,0
4306,72367,72367,72367,72811,16,0
4307,72994,72994,74925,75369,13,1
4308,73090,73090,74925,75369,13,1
4309,73102,73102,74925,75369,13,1
4310,73148,73148,82432,82876,18,0
4311,73165,73165,74925,75369,13,1
4312,73449,73449,82432,82876,18,0
4313,73570,73570,74925,75369,13,1
4314,73595,73595,74925,75369,13,1
4315,73609,73609,74925,75369,13,1
4316,73725,73725,74925,75369,13,1
4317,74224,74224,74925,75369,13,1
4318,74328,74328,82432,82876,18,0
4319,74404,74404,74925,75369,13,1
4320,74452,74452,74925,75369,13,1
4321,74482,74482,74925,75369,13,1
4322,74925,74925,74925,75369,13,1
4323,75433,75433,79737,80181,15,1
4324,75551,75551,79737,80181,15,1
4325,75562,75562,79737,80181,15,1
4326,75582,75582,79737,80181,15,1
4327,75668,75668,82432,82876,18,0
4328,75714,75714,82432,82876,18,0
4329,75773,75773,79737,80181,15,1
4330,75852,75852,82432,82876,18,0
4331,76044,76044,79737,80181,15,1
4332,76192,76192,82432,82876,18,0
4333,76310,76310,82432,82876,18,0
4334,76614,76614,79737,80181,15,1
4335,76619,76619,82432,82876,18,0
4336,76682,76682,79737,80181,15,1
4337,76723,76723,79737,80181,15,1
4338,77211,77211,79737,80181,15,1
4339,77674,77674,82432,82876,18,0
4340,78065,78065,82432,82876,18,0
4341,78216,78216,79737,80181,15,1
4342,78250,78250,82432,82876,18,0
4343,78722,78722,79737,80181,15,1
4344,78910,78910,79737,80181,15,1
4345,79160,79160,79737,80181,15,1
4346,79478,79478,79737,80181,15,1
4347,79503,79503,79737,80181,15,1
4348,79534,79534,79737,80181,15,1
4349,79540,79540,79737,80181,15,1
4350,79567,79567,79737,80181,15,1
4351,79737,79737,79737,80181,15,1
4352,79887,79887,85444,85888,17,1
4353,79954,79954,82432,82876,18,0
4354,80027,80027,85444,85888,17,1
4355,80308,80308,82432,82876,18,0
4356,80466,80466,85444,85888,17,1
4357,80534,80534,85444,85888,17,1
4358,80551,80551,85444,85888,17,1
4359,80618,80618,85444,85888,17,1
4360,80762,80762,85444,85888,17,1
4361,81129,81129,82432,82876,18,0
4362,81145,81145,85444,85888,17,1
4363,81262,81262,82432,82876,18,0
4364,81380,81380,82432,82876,18,0
4365,81838,81838,85444,85888,17,1
4366,81860,81860,82432,82876,18,0
4367,81896,81896,85444,85888,17,1
4368,81945,81945,85444,85888,17,1
4369,82146,82146,85444,85888,17,1
4370,82208,82208,85444,85888,17,1
4371,82272,82272,82432,82876,18,0
4372,82432,82432,82432,82876,18,0
4373,82457,82457,0,0,1,0
4374,82524,82524,0,0,1,0
4375,82535,82535,85444,85888,17,1
4376,82707,82707,0,0,1,0
4377,83029,83029,0,0,1,0
4378,83092,83092,85444,85888,17,1
4379,83152,83152,0,0,1,0
4380,83223,83223,85444,85888,17,1
4381,83578,83578,85444,85888,17,1
4382,84463,84463,0,0,1,0
4383,84749,84749,0,0,1,0
4384,85024,85024,0,0,1,0
4385,85247,85247,85444,85888,17,1
4386,85345,85345,0,0,1,0
4387,85351,85351,0,0,1,0
4388,85361,85361,85444,85888,17,1
4389,85444,85444,85444,85888,17,1
4390,85486,85486,0,0,1,0
4391,85590,85590,0,0,19,1
4392,85660,85660,0,0,1,0
4393,85799,85799,0,0,19,1
4394,85844,85844,0,0,19,1
4395,85849,85849,0,0,19,1
4396,86034,86034,0,0,19,1
4397,86082,86082,0,0,1,0
4398,86105,86105,0,0,19,1
4399,86162,86162,0,0,1,0
4400,86207,86207,0,0,19,1
