passenger_id,terminal_arrival_time,board_time,leave_time,destination_arrival_time,boarded_jeep,terminal
0,328,328,1799,2639,0,0
1,556,556,1799,2639,0,0
2,1265,1265,1799,2639,1,1
3,1312,1312,1799,2639,0,0
4,1430,1430,1799,2639,1,1
5,1900,1900,3599,4439,3,1
6,2373,2373,3599,4439,3,1
7,2893,2893,3599,4439,3,1
8,3655,3655,5399,6239,4,0
9,3879,3879,5399,6239,4,0
10,4506,4506,5399,6239,4,0
11,4557,4557,5399,6239,4,0
12,4699,4699,5399,6239,5,1
13,5100,5100,5399,6239,5,1
14,5261,5261,5399,6239,4,0
15,5485,5485,7199,8039,7,1
16,5602,5602,7199,8039,6,0
17,5732,5732,7199,8039,6,0
18,5789,5789,7199,8039,6,0
19,5902,5902,7199,8039,7,1
20,6037,6037,7199,8039,6,0
21,6146,6146,7199,8039,6,0
22,6478,6478,7199,8039,6,0
23,7352,7352,8999,9839,9,1
24,7414,7414,8999,9839,8,0
25,7636,7636,8999,9839,9,1
26,7907,7907,8999,9839,9,1
27,7978,7978,8999,9839,9,1
28,8516,8516,8999,9839,8,0
29,8536,8536,8999,9839,9,1
30,8854,8854,8999,9839,9,1
31,9556,9556,10799,11639,10,0
32,10049,10049,10799,11639,11,1
33,10244,10244,10799,11639,10,0
34,10735,10735,10799,11639,11,1
35,11077,11077,12599,13439,13,1
36,11473,11473,12599,13439,13,1
37,11671,11671,12599,13439,13,1
38,11676,11676,12599,13439,13,1
39,11799,11799,12599,13439,12,0
40,11934,11934,12599,13439,13,1
41,11952,11952,12599,13439,13,1
42,12334,12334,12599,13439,13,1
43,12367,12367,12599,13439,13,1
44,12924,12924,14399,15239,15,1
45,14136,14136,14399,15239,15,1
46,14957,14957,16199,17039,16,0
47,15112,15112,16199,17039,17,1
48,16119,16119,16199,17039,16,0
49,16287,16287,17999,18839,19,1
50,16732,16732,17999,18839,19,1
51,16941,16941,17999,18839,18,0
52,17215,17215,17999,18839,18,0
53,17557,17557,17999,18839,19,1
54,17790,17790,17999,18839,18,0
55,18051,18051,19799,20639,1,0
56,18261,18261,19799,20639,0,1
57,18930,18930,19799,20639,0,1
58,19187,19187,19799,20639,1,0
59,19424,19424,19799,20639,1,0
60,19493,19493,19799,20639,1,0
61,20280,20280,21599,24396,3,0
62,20296,20296,21599,24396,3,0
63,20327,20327,21599,24396,3,0
64,20442,20442,21599,24396,3,0
65,20511,20511,21599,24396,3,0
66,20697,20697,21599,24396,2,1
67,21095,21095,21599,24396,2,1
68,21466,21466,21599,24396,2,1
69,21615,21615,21869,24669,4,1
70,21621,21621,21810,24610,5,0
71,21622,21622,21810,24610,5,0
72,21626,21626,21869,24669,4,1
73,21649,21649,21869,24669,4,1
74,21651,21651,21869,24669,4,1
75,21655,21655,21810,24610,5,0
76,21666,21666,21869,24669,4,1
77,21676,21676,21810,24610,5,0
78,21683,21683,21810,24610,5,0
79,21686,21686,21810,24610,5,0
80,21687,21687,21810,24610,5,0
81,21693,21693,21810,24610,5,0
82,21694,21694,21869,24669,4,1
83,21703,21703,21869,24669,4,1
84,21706,21706,21810,24610,5,0
85,21710,21710,21810,24610,5,0
86,21718,21718,21869,24669,4,1
87,21721,21721,21869,24669,4,1
88,21725,21725,21869,24669,4,1
89,21730,21730,21869,24669,4,1
90,21732,21732,21810,24610,5,0
91,21732,21732,21869,24669,4,1
92,21739,21739,21810,24610,5,0
93,21740,21740,21869,24669,4,1
94,21756,21756,21810,24610,5,0
95,21758,21758,21869,24669,4,1
96,21766,21766,21810,24610,5,0
97,21769,21769,21810,24610,5,0
98,21787,21787,21869,24669,4,1
99,21791,21791,21869,24669,4,1
100,21793,21793,21810,24610,5,0
101,21794,21794,21869,24669,4,1
102,21796,21796,21810,24610,5,0
103,21796,21796,21869,24669,4,1
104,21797,21797,21810,24610,5,0
105,21802,21802,21810,24610,5,0
106,21810,21810,21810,24610,5,0
107,21828,21828,21869,24669,4,1
108,21829,21829,22042,24842,7,0
109,21851,21851,22042,24842,7,0
110,21857,21857,22042,24842,7,0
111,21861,21861,22042,24842,7,0
112,21869,21869,21869,24669,4,1
113,21871,21871,22042,24842,7,0
114,21882,21882,22042,24842,7,0
115,21890,21890,22189,24989,6,1
116,21898,21898,22189,24989,6,1
117,21901,21901,22042,24842,7,0
118,21915,21915,22189,24989,6,1
119,21918,21918,22189,24989,6,1
120,21925,21925,22189,24989,6,1
121,21946,21946,22042,24842,7,0
122,21968,21968,22189,24989,6,1
123,21971,21971,22042,24842,7,0
124,21975,21975,22042,24842,7,0
125,21978,21978,22042,24842,7,0
126,21980,21980,22042,24842,7,0
127,21982,21982,22189,24989,6,1
128,21985,21985,22042,24842,7,0
129,21990,21990,22042,24842,7,0
130,21995,21995,22042,24842,7,0
131,21995,21995,22189,24989,6,1
132,21997,21997,22042,24842,7,0
133,21999,21999,22042,24842,7,0
134,22002,22002,22189,24989,6,1
135,22014,22014,22042,24842,7,0
136,22033,22033,22189,24989,6,1
137,22035,22035,22042,24842,7,0
138,22035,22035,22189,24989,6,1
139,22039,22039,22189,24989,6,1
140,22042,22042,22042,24842,7,0
141,22056,22056,22238,25038,9,0
142,22058,22058,22238,25038,9,0
143,22064,22064,22238,25038,9,0
144,22065,22065,22238,25038,9,0
145,22065,22065,22189,24989,6,1
146,22071,22071,22189,24989,6,1
147,22072,22072,22238,25038,9,0
148,22075,22075,22238,25038,9,0
149,22083,22083,22189,24989,6,1
150,22100,22100,22238,25038,9,0
151,22108,22108,22238,25038,9,0
152,22113,22113,22238,25038,9,0
153,22117,22117,22189,24989,6,1
154,22125,22125,22238,25038,9,0
155,22149,22149,22238,25038,9,0
156,22154,22154,22189,24989,6,1
157,22158,22158,22189,24989,6,1
158,22159,22159,22238,25038,9,0
159,22166,22166,22238,25038,9,0
160,22168,22168,22238,25038,9,0
161,22176,22176,22189,24989,6,1
162,22182,22182,22238,25038,9,0
163,22189,22189,22189,24989,6,1
164,22190,22190,22238,25038,9,0
165,22210,22210,22238,25038,9,0
166,22210,22210,22427,25227,8,1
167,22212,22212,22427,25227,8,1
168,22213,22213,22427,25227,8,1
169,22215,22215,22238,25038,9,0
170,22221,22221,22427,25227,8,1
171,22233,22233,22238,25038,9,0
172,22238,22238,22238,25038,9,0
173,22241,22241,22427,25227,8,1
174,22245,22245,22427,25227,11,0
175,22246,22246,22427,25227,8,1
176,22252,22252,22427,25227,11,0
177,22259,22259,22427,25227,11,0
178,22265,22265,22427,25227,11,0
179,22289,22289,22427,25227,8,1
180,22291,22291,22427,25227,11,0
181,22293,22293,22427,25227,11,0
182,22303,22303,22427,25227,11,0
183,22309,22309,22427,25227,8,1
184,22317,22317,22427,25227,11,0
185,22323,22323,22427,25227,8,1
186,22329,22329,22427,25227,11,0
187,22329,22329,22427,25227,8,1
188,22336,22336,22427,25227,8,1
189,22344,22344,22427,25227,11,0
190,22350,22350,22427,25227,11,0
191,22351,22351,22427,25227,11,0
192,22351,22351,22427,25227,8,1
193,22355,22355,22427,25227,8,1
194,22358,22358,22427,25227,8,1
195,22360,22360,22427,25227,8,1
196,22365,22365,22427,25227,8,1
197,22372,22372,22427,25227,11,0
198,22378,22378,22427,25227,11,0
199,22378,22378,22427,25227,8,1
200,22398,22398,22427,25227,11,0
201,22399,22399,22427,25227,11,0
202,22403,22403,22427,25227,11,0
203,22413,22413,22427,25227,8,1
204,22415,22415,22427,25227,8,1
205,22416,22416,22427,25227,11,0
206,22422,22422,22427,25227,11,0
207,22427,22427,22427,25227,11,0
208,22427,22427,22427,25227,8,1
209,22432,22432,22590,25390,10,1
210,22454,22454,22590,25390,10,1
211,22455,22455,22590,25390,10,1
212,22456,22456,22590,25390,10,1
213,22461,22461,22590,25390,10,1
214,22466,22466,22752,25552,13,0
215,22471,22471,22752,25552,13,0
216,22471,22471,22590,25390,10,1
217,22474,22474,22590,25390,10,1
218,22483,22483,22590,25390,10,1
219,22485,22485,22752,25552,13,0
220,22486,22486,22590,25390,10,1
221,22489,22489,22752,25552,13,0
222,22491,22491,22590,25390,10,1
223,22497,22497,22590,25390,10,1
224,22498,22498,22752,25552,13,0
225,22498,22498,22590,25390,10,1
226,22509,22509,22752,25552,13,0
227,22511,22511,22752,25552,13,0
228,22513,22513,22590,25390,10,1
229,22528,22528,22590,25390,10,1
230,22537,22537,22752,25552,13,0
231,22537,22537,22590,25390,10,1
232,22541,22541,22590,25390,10,1
233,22542,22542,22752,25552,13,0
234,22542,22542,22590,25390,10,1
235,22551,22551,22590,25390,10,1
236,22557,22557,22752,25552,13,0
237,22569,22569,22752,25552,13,0
238,22573,22573,22752,25552,13,0
239,22575,22575,22590,25390,10,1
240,22590,22590,22590,25390,10,1
241,22593,22593,22826,25626,12,1
242,22597,22597,22826,25626,12,1
243,22604,22604,22826,25626,12,1
244,22621,22621,22826,25626,12,1
245,22622,22622,22826,25626,12,1
246,22640,22640,22752,25552,13,0
247,22640,22640,22826,25626,12,1
248,22641,22641,22826,25626,12,1
249,22655,22655,22826,25626,12,1
250,22676,22676,22826,25626,12,1
251,22684,22684,22752,25552,13,0
252,22691,22691,22752,25552,13,0
253,22702,22702,22826,25626,12,1
254,22703,22703,22752,25552,13,0
255,22706,22706,22826,25626,12,1
256,22709,22709,22752,25552,13,0
257,22710,22710,22752,25552,13,0
258,22710,22710,22826,25626,12,1
259,22713,22713,22826,25626,12,1
260,22737,22737,22826,25626,12,1
261,22743,22743,22752,25552,13,0
262,22752,22752,22752,25552,13,0
263,22765,22765,22826,25626,12,1
264,22767,22767,22826,25626,12,1
265,22771,22771,23066,25866,15,0
266,22772,22772,22826,25626,12,1
267,22774,22774,23066,25866,15,0
268,22775,22775,23066,25866,15,0
269,22785,22785,22826,25626,12,1
270,22806,22806,23066,25866,15,0
271,22808,22808,22826,25626,12,1
272,22815,22815,23066,25866,15,0
273,22826,22826,22826,25626,12,1
274,22834,22834,23165,25965,14,1
275,22836,22836,23066,25866,15,0
276,22840,22840,23066,25866,15,0
277,22840,22840,23165,25965,14,1
278,22843,22843,23165,25965,14,1
279,22845,22845,23066,25866,15,0
280,22849,22849,23165,25965,14,1
281,22865,22865,23066,25866,15,0
282,22882,22882,23066,25866,15,0
283,22885,22885,23165,25965,14,1
284,22896,22896,23165,25965,14,1
285,22903,22903,23165,25965,14,1
286,22908,22908,23165,25965,14,1
287,22921,22921,23165,25965,14,1
288,22932,22932,23066,25866,15,0
289,22952,22952,23066,25866,15,0
290,22960,22960,23165,25965,14,1
291,22961,22961,23165,25965,14,1
292,22979,22979,23066,25866,15,0
293,22986,22986,23165,25965,14,1
294,22993,22993,23066,25866,15,0
295,22994,22994,23066,25866,15,0
296,22999,22999,23066,25866,15,0
297,23008,23008,23165,25965,14,1
298,23011,23011,23066,25866,15,0
299,23028,23028,23066,25866,15,0
300,23047,23047,23066,25866,15,0
301,23066,23066,23066,25866,15,0
302,23072,23072,23269,26069,17,0
303,23073,23073,23269,26069,17,0
304,23078,23078,23165,25965,14,1
305,23083,23083,23165,25965,14,1
306,23085,23085,23269,26069,17,0
307,23088,23088,23269,26069,17,0
308,23098,23098,23165,25965,14,1
309,23102,23102,23165,25965,14,1
310,23120,23120,23269,26069,17,0
311,23126,23126,23269,26069,17,0
312,23130,23130,23269,26069,17,0
313,23131,23131,23165,25965,14,1
314,23132,23132,23269,26069,17,0
315,23151,23151,23269,26069,17,0
316,23155,23155,23165,25965,14,1
317,23156,23156,23269,26069,17,0
318,23163,23163,23269,26069,17,0
319,23165,23165,23165,25965,14,1
320,23175,23175,23406,26206,16,1
321,23176,23176,23406,26206,16,1
322,23178,23178,23406,26206,16,1
323,23179,23179,23269,26069,17,0
324,23189,23189,23406,26206,16,1
325,23196,23196,23269,26069,17,0
326,23198,23198,23269,26069,17,0
327,23199,23199,23269,26069,17,0
328,23199,23199,23406,26206,16,1
329,23204,23204,23269,26069,17,0
330,23206,23206,23406,26206,16,1
331,23219,23219,23406,26206,16,1
332,23247,23247,23269,26069,17,0
333,23255,23255,23269,26069,17,0
334,23267,23267,23269,26069,17,0
335,23269,23269,23269,26069,17,0
336,23272,23272,23406,26206,16,1
337,23276,23276,23521,26321,19,0
338,23282,23282,23521,26321,19,0
339,23287,23287,23406,26206,16,1
340,23288,23288,23406,26206,16,1
341,23290,23290,23406,26206,16,1
342,23295,23295,23406,26206,16,1
343,23302,23302,23521,26321,19,0
344,23304,23304,23521,26321,19,0
345,23321,23321,23521,26321,19,0
346,23322,23322,23406,26206,16,1
347,23333,23333,23521,26321,19,0
348,23335,23335,23406,26206,16,1
349,23337,23337,23521,26321,19,0
350,23350,23350,23521,26321,19,0
351,23352,23352,23521,26321,19,0
352,23353,23353,23406,26206,16,1
353,23357,23357,23406,26206,16,1
354,23371,23371,23406,26206,16,1
355,23372,23372,23521,26321,19,0
356,23378,23378,23406,26206,16,1
357,23385,23385,23521,26321,19,0
358,23394,23394,23521,26321,19,0
359,23403,23403,23521,26321,19,0
360,23405,23405,23406,26206,16,1
361,23406,23406,23406,26206,16,1
362,23408,23408,23640,26440,18,1
363,23418,23418,23521,26321,19,0
364,23419,23419,23640,26440,18,1
365,23424,23424,23521,26321,19,0
366,23426,23426,23521,26321,19,0
367,23432,23432,23640,26440,18,1
368,23441,23441,23521,26321,19,0
369,23450,23450,23640,26440,18,1
370,23453,23453,23640,26440,18,1
371,23464,23464,23521,26321,19,0
372,23466,23466,23521,26321,19,0
373,23474,23474,23640,26440,18,1
374,23486,23486,23640,26440,18,1
375,23491,23491,23640,26440,18,1
376,23495,23495,23640,26440,18,1
377,23506,23506,23640,26440,18,1
378,23521,23521,23521,26321,19,0
379,23528,23528,23763,26563,0,0
380,23528,23528,23640,26440,18,1
381,23533,23533,23640,26440,18,1
382,23548,23548,23763,26563,0,0
383,23579,23579,23640,26440,18,1
384,23586,23586,23763,26563,0,0
385,23587,23587,23763,26563,0,0
386,23588,23588,23640,26440,18,1
387,23590,23590,23640,26440,18,1
388,23592,23592,23640,26440,18,1
389,23593,23593,23640,26440,18,1
390,23600,23600,23763,26563,0,0
391,23614,23614,23763,26563,0,0
392,23615,23615,23763,26563,0,0
393,23624,23624,23640,26440,18,1
394,23625,23625,23763,26563,0,0
395,23634,23634,23640,26440,18,1
396,23638,23638,23763,26563,0,0
397,23640,23640,23640,26440,18,1
398,23642,23642,23959,26759,1,1
399,23643,23643,23959,26759,1,1
400,23651,23651,23763,26563,0,0
401,23661,23661,23959,26759,1,1
402,23663,23663,23763,26563,0,0
403,23664,23664,23763,26563,0,0
404,23669,23669,23959,26759,1,1
405,23677,23677,23959,26759,1,1
406,23688,23688,23763,26563,0,0
407,23690,23690,23763,26563,0,0
408,23700,23700,23763,26563,0,0
409,23712,23712,23763,26563,0,0
410,23722,23722,23763,26563,0,0
411,23729,23729,23959,26759,1,1
412,23732,23732,23763,26563,0,0
413,23758,23758,23763,26563,0,0
414,23763,23763,23763,26563,0,0
415,23767,24397,24397,27197,2,0
416,23779,23779,23959,26759,1,1
417,23788,24397,24397,27197,2,0
418,23788,23788,23959,26759,1,1
419,23803,24397,24397,27197,2,0
420,23806,23806,23959,26759,1,1
421,23807,24397,24397,27197,2,0
422,23807,23807,23959,26759,1,1
423,23810,24397,24397,27197,2,0
424,23818,24397,24397,27197,2,0
425,23818,23818,23959,26759,1,1
426,23833,23833,23959,26759,1,1
427,23845,23845,23959,26759,1,1
428,23854,24397,24397,27197,2,0
429,23858,23858,23959,26759,1,1
430,23867,23867,23959,26759,1,1
431,23870,24397,24397,27197,2,0
432,23874,24397,24397,27197,2,0
433,23882,23882,23959,26759,1,1
434,23888,23888,23959,26759,1,1
435,23898,24397,24397,27197,2,0
436,23906,24397,24397,27197,2,0
437,23909,24397,24397,27197,2,0
438,23913,24397,24397,27197,2,0
439,23914,24397,24397,27197,2,0
440,23915,24397,24397,27197,2,0
441,23923,24397,24397,27197,2,0
442,23929,23929,23959,26759,1,1
443,23934,24397,24397,27197,2,0
444,23938,24397,24397,27197,2,0
445,23949,24397,24397,27197,2,0
446,23950,23950,23959,26759,1,1
447,23955,24397,24397,27197,2,0
448,23959,23959,23959,26759,1,1
449,23972,24670,24670,27470,4,0
450,23975,24670,24670,27470,4,0
451,23976,24670,24670,27470,4,0
452,23978,24397,24397,27197,3,1
453,23980,24670,24670,27470,4,0
454,23998,24397,24397,27197,3,1
455,24002,24670,24670,27470,4,0
456,24014,24397,24397,27197,3,1
457,24019,24397,24397,27197,3,1
458,24033,24670,24670,27470,4,0
459,24033,24397,24397,27197,3,1
460,24038,24670,24670,27470,4,0
461,24040,24397,24397,27197,3,1
462,24086,24670,24670,27470,4,0
463,24087,24397,24397,27197,3,1
464,24096,24670,24670,27470,4,0
465,24101,24670,24670,27470,4,0
466,24108,24670,24670,27470,4,0
467,24109,24670,24670,27470,4,0
468,24111,24397,24397,27197,3,1
469,24112,24397,24397,27197,3,1
470,24113,24397,24397,27197,3,1
471,24132,24670,24670,27470,4,0
472,24134,24397,24397,27197,3,1
473,24142,24397,24397,27197,3,1
474,24144,24397,24397,27197,3,1
475,24148,24670,24670,27470,4,0
476,24153,24397,24397,27197,3,1
477,24173,24670,24670,27470,4,0
478,24177,24670,24670,27470,4,0
479,24182,24670,24670,27470,4,0
480,24200,24670,24670,27470,4,0
481,24205,24397,24397,27197,3,1
482,24218,24670,24670,27470,4,0
483,24222,24670,24670,27470,4,0
484,24228,24990,24990,27790,6,0
485,24235,24990,24990,27790,6,0
486,24241,24990,24990,27790,6,0
487,24246,24397,24397,27197,3,1
488,24249,24397,24397,27197,3,1
489,24251,24397,24397,27197,3,1
490,24260,24397,24397,27197,3,1
491,24261,24397,24397,27197,3,1
492,24262,24990,24990,27790,6,0
493,24268,24990,24990,27790,6,0
494,24284,24990,24990,27790,6,0
495,24304,24611,24611,27411,5,1
496,24310,24990,24990,27790,6,0
497,24319,24611,24611,27411,5,1
498,24320,24611,24611,27411,5,1
499,24328,24990,24990,27790,6,0
500,24334,24611,24611,27411,5,1
501,24336,24990,24990,27790,6,0
502,24339,24611,24611,27411,5,1
503,24340,24611,24611,27411,5,1
504,24342,24611,24611,27411,5,1
505,24344,24611,24611,27411,5,1
506,24346,24611,24611,27411,5,1
507,24347,24611,24611,27411,5,1
508,24354,24990,24990,27790,6,0
509,24361,24990,24990,27790,6,0
510,24363,24990,24990,27790,6,0
511,24364,24611,24611,27411,5,1
512,24370,24990,24990,27790,6,0
513,24376,24990,24990,27790,6,0
514,24377,24990,24990,27790,6,0
515,24381,24990,24990,27790,6,0
516,24384,24611,24611,27411,5,1
517,24395,24611,24611,27411,5,1
518,24403,24611,24611,27411,5,1
519,24407,24990,24990,27790,6,0
520,24417,24990,24990,27790,6,0
521,24425,24990,24990,27790,6,0
522,24428,24990,24990,27790,6,0
523,24434,25228,25228,28028,8,0
524,24439,25228,25228,28028,8,0
525,24449,25228,25228,28028,8,0
526,24451,25228,25228,28028,8,0
527,24464,25228,25228,28028,8,0
528,24465,25228,25228,28028,8,0
529,24468,25228,25228,28028,8,0
530,24473,25228,25228,28028,8,0
531,24481,25228,25228,28028,8,0
532,24490,25228,25228,28028,8,0
533,24511,24611,24611,27411,5,1
534,24524,24611,24611,27411,5,1
535,24530,25228,25228,28028,8,0
536,24530,24611,24611,27411,5,1
537,24531,25228,25228,28028,8,0
538,24553,25228,25228,28028,8,0
539,24562,25228,25228,28028,8,0
540,24562,24611,24611,27411,5,1
541,24563,25228,25228,28028,8,0
542,24564,24611,24611,27411,5,1
543,24567,25228,25228,28028,8,0
544,24575,24611,24611,27411,5,1
545,24584,25228,25228,28028,8,0
546,24589,25228,25228,28028,8,0
547,24595,25228,25228,28028,8,0
548,24597,25228,25228,28028,8,0
549,24597,24843,24843,27643,7,1
550,24609,25391,25391,28191,10,0
551,24622,24843,24843,27643,7,1
552,24628,24843,24843,27643,7,1
553,24632,25391,25391,28191,10,0
554,24639,24843,24843,27643,7,1
555,24642,24843,24843,27643,7,1
556,24649,25391,25391,28191,10,0
557,24656,24843,24843,27643,7,1
558,24658,25391,25391,28191,10,0
559,24662,25391,25391,28191,10,0
560,24664,24843,24843,27643,7,1
561,24676,24843,24843,27643,7,1
562,24677,24843,24843,27643,7,1
563,24689,24843,24843,27643,7,1
564,24698,24843,24843,27643,7,1
565,24704,25391,25391,28191,10,0
566,24711,25391,25391,28191,10,0
567,24713,24843,24843,27643,7,1
568,24727,24843,24843,27643,7,1
569,24739,25391,25391,28191,10,0
570,24739,24843,24843,27643,7,1
571,24745,24843,24843,27643,7,1
572,24746,25391,25391,28191,10,0
573,24749,24843,24843,27643,7,1
574,24750,25391,25391,28191,10,0
575,24751,25391,25391,28191,10,0
576,24752,25391,25391,28191,10,0
577,24761,25391,25391,28191,10,0
578,24766,24843,24843,27643,7,1
579,24768,25391,25391,28191,10,0
580,24775,24843,24843,27643,7,1
581,24779,25391,25391,28191,10,0
582,24789,24843,24843,27643,7,1
583,24792,24843,24843,27643,7,1
584,24796,25039,25039,27839,9,1
585,24803,25391,25391,28191,10,0
586,24809,25391,25391,28191,10,0
587,24810,25391,25391,28191,10,0
588,24812,25039,25039,27839,9,1
589,24814,25039,25039,27839,9,1
590,24815,25391,25391,28191,10,0
591,24819,25039,25039,27839,9,1
592,24820,25039,25039,27839,9,1
593,24822,25391,25391,28191,10,0
594,24823,25627,25627,28427,12,0
595,24824,25039,25039,27839,9,1
596,24837,25039,25039,27839,9,1
597,24838,25039,25039,27839,9,1
598,24842,25627,25627,28427,12,0
599,24860,25627,25627,28427,12,0
600,24870,25627,25627,28427,12,0
601,24881,25627,25627,28427,12,0
602,24886,25039,25039,27839,9,1
603,24895,25627,25627,28427,12,0
604,24899,25627,25627,28427,12,0
605,24904,25627,25627,28427,12,0
606,24908,25039,25039,27839,9,1
607,24916,25627,25627,28427,12,0
608,24919,25039,25039,27839,9,1
609,24931,25627,25627,28427,12,0
610,24935,25627,25627,28427,12,0
611,24939,25627,25627,28427,12,0
612,24941,25039,25039,27839,9,1
613,24951,25039,25039,27839,9,1
614,24952,25039,25039,27839,9,1
615,24961,25039,25039,27839,9,1
616,24962,25627,25627,28427,12,0
617,24967,25627,25627,28427,12,0
618,24972,25039,25039,27839,9,1
619,24973,25627,25627,28427,12,0
620,24987,25039,25039,27839,9,1
621,24989,25627,25627,28427,12,0
622,24995,25627,25627,28427,12,0
623,24997,25039,25039,27839,9,1
624,25011,25039,25039,27839,9,1
625,25013,25039,25039,27839,9,1
626,25015,25228,25242,28042,11,1
627,25034,25228,25242,28042,11,1
628,25035,25228,25242,28042,11,1
629,25045,25228,25242,28042,11,1
630,25046,25228,25242,28042,11,1
631,25049,25627,25627,28427,12,0
632,25052,25228,25242,28042,11,1
633,25054,25627,25627,28427,12,0
634,25062,25627,25627,28427,12,0
635,25076,25966,25966,28766,14,0
636,25078,25966,25966,28766,14,0
637,25082,25966,25966,28766,14,0
638,25101,25228,25242,28042,11,1
639,25109,25966,25966,28766,14,0
640,25111,25228,25242,28042,11,1
641,25118,25966,25966,28766,14,0
642,25121,25228,25242,28042,11,1
643,25127,25966,25966,28766,14,0
644,25132,25966,25966,28766,14,0
645,25137,25966,25966,28766,14,0
646,25140,25966,25966,28766,14,0
647,25149,25966,25966,28766,14,0
648,25156,25228,25242,28042,11,1
649,25165,25966,25966,28766,14,0
650,25165,25228,25242,28042,11,1
651,25171,25228,25242,28042,11,1
652,25178,25228,25242,28042,11,1
653,25193,25228,25242,28042,11,1
654,25195,25228,25242,28042,11,1
655,25206,25966,25966,28766,14,0
656,25208,25228,25242,28042,11,1
657,25212,25966,25966,28766,14,0
658,25222,25966,25966,28766,14,0
659,25225,25228,25242,28042,11,1
660,25227,25228,25242,28042,11,1
661,25228,25966,25966,28766,14,0
662,25233,25966,25966,28766,14,0
663,25241,25241,25242,28042,11,1
664,25242,25242,25242,28042,11,1
665,25244,25553,25553,28353,13,1
666,25246,25966,25966,28766,14,0
667,25247,25553,25553,28353,13,1
668,25255,25553,25553,28353,13,1
669,25256,25966,25966,28766,14,0
670,25267,25966,25966,28766,14,0
671,25267,25553,25553,28353,13,1
672,25270,25966,25966,28766,14,0
673,25296,26207,26207,29007,16,0
674,25298,26207,26207,29007,16,0
675,25305,26207,26207,29007,16,0
676,25307,25553,25553,28353,13,1
677,25310,25553,25553,28353,13,1
678,25313,25553,25553,28353,13,1
679,25319,26207,26207,29007,16,0
680,25319,25553,25553,28353,13,1
681,25334,26207,26207,29007,16,0
682,25337,26207,26207,29007,16,0
683,25346,26207,26207,29007,16,0
684,25351,25553,25553,28353,13,1
685,25357,26207,26207,29007,16,0
686,25358,25553,25553,28353,13,1
687,25362,26207,26207,29007,16,0
688,25363,26207,26207,29007,16,0
689,25366,26207,26207,29007,16,0
690,25368,25553,25553,28353,13,1
691,25378,26207,26207,29007,16,0
692,25381,25553,25553,28353,13,1
693,25383,26207,26207,29007,16,0
694,25384,25553,25553,28353,13,1
695,25393,26207,26207,29007,16,0
696,25395,25553,25553,28353,13,1
697,25401,26207,26207,29007,16,0
698,25403,25553,25553,28353,13,1
699,25406,25553,25553,28353,13,1
700,25417,26207,26207,29007,16,0
701,25417,25553,25553,28353,13,1
702,25418,25553,25553,28353,13,1
703,25425,25553,25553,28353,13,1
704,25429,25553,25553,28353,13,1
705,25431,25867,25867,28667,15,1
706,25436,26207,26207,29007,16,0
707,25436,25867,25867,28667,15,1
708,25442,26207,26207,29007,16,0
709,25453,25867,25867,28667,15,1
710,25454,25867,25867,28667,15,1
711,25458,25867,25867,28667,15,1
712,25459,25867,25867,28667,15,1
713,25460,26207,26207,29007,16,0
714,25462,25867,25867,28667,15,1
715,25468,26207,26207,29007,16,0
716,25469,25867,25867,28667,15,1
717,25479,26441,26441,29241,18,0
718,25482,26441,26441,29241,18,0
719,25486,26441,26441,29241,18,0
720,25486,25867,25867,28667,15,1
721,25492,25867,25867,28667,15,1
722,25493,26441,26441,29241,18,0
723,25500,25867,25867,28667,15,1
724,25510,25867,25867,28667,15,1
725,25515,25867,25867,28667,15,1
726,25520,26441,26441,29241,18,0
727,25524,26441,26441,29241,18,0
728,25532,26441,26441,29241,18,0
729,25539,26441,26441,29241,18,0
730,25540,26441,26441,29241,18,0
731,25542,26441,26441,29241,18,0
732,25542,25867,25867,28667,15,1
733,25547,26441,26441,29241,18,0
734,25552,25867,25867,28667,15,1
735,25557,26441,26441,29241,18,0
736,25563,25867,25867,28667,15,1
737,25582,25867,25867,28667,15,1
738,25586,26441,26441,29241,18,0
739,25589,25867,25867,28667,15,1
740,25600,26441,26441,29241,18,0
741,25602,26441,26441,29241,18,0
742,25607,25867,25867,28667,15,1
743,25619,25867,25867,28667,15,1
744,25620,26441,26441,29241,18,0
745,25631,26070,26070,28870,17,1
746,25637,26070,26070,28870,17,1
747,25641,26070,26070,28870,17,1
748,25647,26070,26070,28870,17,1
749,25650,26441,26441,29241,18,0
750,25655,26441,26441,29241,18,0
751,25689,26441,26441,29241,18,0
752,25690,26441,26441,29241,18,0
753,25696,26760,26760,29560,1,0
754,25711,26760,26760,29560,1,0
755,25722,26070,26070,28870,17,1
756,25728,26760,26760,29560,1,0
757,25729,26070,26070,28870,17,1
758,25730,26070,26070,28870,17,1
759,25740,26070,26070,28870,17,1
760,25747,26070,26070,28870,17,1
761,25764,26070,26070,28870,17,1
762,25765,26760,26760,29560,1,0
763,25765,26070,26070,28870,17,1
764,25772,26070,26070,28870,17,1
765,25776,26760,26760,29560,1,0
766,25778,26070,26070,28870,17,1
767,25779,26760,26760,29560,1,0
768,25782,26070,26070,28870,17,1
769,25789,26070,26070,28870,17,1
770,25804,26760,26760,29560,1,0
771,25806,26070,26070,28870,17,1
772,25808,26760,26760,29560,1,0
773,25823,26070,26070,28870,17,1
774,25827,26760,26760,29560,1,0
775,25827,26070,26070,28870,17,1
776,25842,26070,26070,28870,17,1
777,25843,26760,26760,29560,1,0
778,25843,26070,26070,28870,17,1
779,25848,26322,26322,29122,19,1
780,25855,26322,26322,29122,19,1
781,25859,26322,26322,29122,19,1
782,25864,26760,26760,29560,1,0
783,25866,26322,26322,29122,19,1
784,25874,26760,26760,29560,1,0
785,25879,26760,26760,29560,1,0
786,25883,26322,26322,29122,19,1
787,25884,26322,26322,29122,19,1
788,25887,26322,26322,29122,19,1
789,25888,26322,26322,29122,19,1
790,25891,26760,26760,29560,1,0
791,25898,26760,26760,29560,1,0
792,25902,26760,26760,29560,1,0
793,25902,26322,26322,29122,19,1
794,25910,26322,26322,29122,19,1
795,25911,26760,26760,29560,1,0
796,25919,26322,26322,29122,19,1
797,25921,26760,26760,29560,1,0
798,25922,26322,26322,29122,19,1
799,25926,26760,26760,29560,1,0
800,25926,26322,26322,29122,19,1
801,25929,26322,26322,29122,19,1
802,25938,26760,26760,29560,1,0
803,25952,26322,26322,29122,19,1
804,25953,27198,27198,29998,3,0
805,25954,26322,26322,29122,19,1
806,25964,26322,26322,29122,19,1
807,25972,27198,27198,29998,3,0
808,25973,27198,27198,29998,3,0
809,25979,26322,26322,29122,19,1
810,25983,27198,27198,29998,3,0
811,25985,27198,27198,29998,3,0
812,25996,26322,26322,29122,19,1
813,26000,27198,27198,29998,3,0
814,26007,27198,27198,29998,3,0
815,26016,27198,27198,29998,3,0
816,26020,26322,26322,29122,19,1
817,26022,27198,27198,29998,3,0
818,26028,26564,26564,29364,0,1
819,26032,26564,26564,29364,0,1
820,26034,27198,27198,29998,3,0
821,26061,27198,27198,29998,3,0
822,26069,26564,26564,29364,0,1
823,26073,26564,26564,29364,0,1
824,26078,26564,26564,29364,0,1
825,26079,26564,26564,29364,0,1
826,26085,27198,27198,29998,3,0
827,26094,27198,27198,29998,3,0
828,26108,27198,27198,29998,3,0
829,26110,26564,26564,29364,0,1
830,26111,27198,27198,29998,3,0
831,26128,26564,26564,29364,0,1
832,26129,27198,27198,29998,3,0
833,26134,26564,26564,29364,0,1
834,26143,26564,26564,29364,0,1
835,26145,27198,27198,29998,3,0
836,26147,26564,26564,29364,0,1
837,26151,27198,27198,29998,3,0
838,26158,27198,27198,29998,3,0
839,26158,26564,26564,29364,0,1
840,26161,26564,26564,29364,0,1
841,26162,26564,26564,29364,0,1
842,26169,26564,26564,29364,0,1
843,26185,27198,27198,29998,3,0
844,26193,26564,26564,29364,0,1
845,26199,27412,27412,30212,5,0
846,26200,26564,26564,29364,0,1
847,26203,27412,27412,30212,5,0
848,26214,27412,27412,30212,5,0
849,26217,26564,26564,29364,0,1
850,26220,27412,27412,30212,5,0
851,26225,26564,26564,29364,0,1
852,26235,27412,27412,30212,5,0
853,26236,26564,26564,29364,0,1
854,26239,27412,27412,30212,5,0
855,26246,27412,27412,30212,5,0
856,26257,27198,27198,29998,2,1
857,26260,27198,27198,29998,2,1
858,26261,27412,27412,30212,5,0
859,26265,27198,27198,29998,2,1
860,26268,27198,27198,29998,2,1
861,26276,27198,27198,29998,2,1
862,26279,27412,27412,30212,5,0
863,26281,27412,27412,30212,5,0
864,26281,27198,27198,29998,2,1
865,26286,27198,27198,29998,2,1
866,26287,27198,27198,29998,2,1
867,26288,27198,27198,29998,2,1
868,26292,27412,27412,30212,5,0
869,26294,27198,27198,29998,2,1
870,26295,27198,27198,29998,2,1
871,26302,27412,27412,30212,5,0
872,26303,27412,27412,30212,5,0
873,26308,27198,27198,29998,2,1
874,26317,27198,27198,29998,2,1
875,26318,27412,27412,30212,5,0
876,26320,27412,27412,30212,5,0
877,26332,27412,27412,30212,5,0
878,26334,27412,27412,30212,5,0
879,26335,27198,27198,29998,2,1
880,26340,27412,27412,30212,5,0
881,26355,27412,27412,30212,5,0
882,26355,27198,27198,29998,2,1
883,26357,27198,27198,29998,2,1
884,26361,27198,27198,29998,2,1
885,26362,27412,27412,30212,5,0
886,26364,27198,27198,29998,2,1
887,26365,27644,27644,30444,7,0
888,26373,27644,27644,30444,7,0
889,26375,27644,27644,30444,7,0
890,26377,27198,27198,29998,2,1
891,26387,27198,27198,29998,2,1
892,26391,27644,27644,30444,7,0
893,26396,27644,27644,30444,7,0
894,26399,27644,27644,30444,7,0
895,26404,27471,27471,30271,4,1
896,26406,27644,27644,30444,7,0
897,26424,27471,27471,30271,4,1
898,26438,27471,27471,30271,4,1
899,26442,27644,27644,30444,7,0
900,26446,27471,27471,30271,4,1
901,26448,27471,27471,30271,4,1
902,26449,27644,27644,30444,7,0
903,26449,27471,27471,30271,4,1
904,26450,27644,27644,30444,7,0
905,26455,27471,27471,30271,4,1
906,26456,27471,27471,30271,4,1
907,26459,27644,27644,30444,7,0
908,26461,27471,27471,30271,4,1
909,26474,27644,27644,30444,7,0
910,26477,27471,27471,30271,4,1
911,26500,27644,27644,30444,7,0
912,26502,27644,27644,30444,7,0
913,26503,27471,27471,30271,4,1
914,26509,27644,27644,30444,7,0
915,26510,27644,27644,30444,7,0
916,26518,27471,27471,30271,4,1
917,26522,27471,27471,30271,4,1
918,26540,27471,27471,30271,4,1
919,26541,27644,27644,30444,7,0
920,26557,27644,27644,30444,7,0
921,26563,27644,27644,30444,7,0
922,26564,27471,27471,30271,4,1
923,26568,27471,27471,30271,4,1
924,26571,27644,27644,30444,7,0
925,26573,27840,27840,30640,9,0
926,26583,27840,27840,30640,9,0
927,26583,27471,27471,30271,4,1
928,26585,27840,27840,30640,9,0
929,26587,27471,27471,30271,4,1
930,26600,27840,27840,30640,9,0
931,26602,27840,27840,30640,9,0
932,26608,27840,27840,30640,9,0
933,26613,27840,27840,30640,9,0
934,26617,27471,27471,30271,4,1
935,26627,27471,27471,30271,4,1
936,26633,27791,27791,30591,6,1
937,26642,27840,27840,30640,9,0
938,26650,27840,27840,30640,9,0
939,26665,27840,27840,30640,9,0
940,26678,27791,27791,30591,6,1
941,26683,27840,27840,30640,9,0
942,26693,27791,27791,30591,6,1
943,26694,27791,27791,30591,6,1
944,26695,27791,27791,30591,6,1
945,26696,27791,27791,30591,6,1
946,26698,27791,27791,30591,6,1
947,26704,27840,27840,30640,9,0
948,26704,27791,27791,30591,6,1
949,26708,27840,27840,30640,9,0
950,26713,27840,27840,30640,9,0
951,26716,27840,27840,30640,9,0
952,26721,27840,27840,30640,9,0
953,26724,27840,27840,30640,9,0
954,26728,27840,27840,30640,9,0
955,26728,27791,27791,30591,6,1
956,26732,27840,27840,30640,9,0
957,26733,27840,27840,30640,9,0
958,26738,28043,28043,30843,11,0
959,26749,28043,28043,30843,11,0
960,26750,27791,27791,30591,6,1
961,26764,28043,28043,30843,11,0
962,26765,27791,27791,30591,6,1
963,26767,27791,27791,30591,6,1
964,26773,27791,27791,30591,6,1
965,26776,27791,27791,30591,6,1
966,26786,27791,27791,30591,6,1
967,26792,27791,27791,30591,6,1
968,26793,28043,28043,30843,11,0
969,26794,27791,27791,30591,6,1
970,26801,28043,28043,30843,11,0
971,26802,27791,27791,30591,6,1
972,26804,28043,28043,30843,11,0
973,26812,28043,28043,30843,11,0
974,26824,27791,27791,30591,6,1
975,26827,28043,28043,30843,11,0
976,26831,27791,27791,30591,6,1
977,26846,28043,28043,30843,11,0
978,26852,28029,28029,30829,8,1
979,26853,28043,28043,30843,11,0
980,26870,28043,28043,30843,11,0
981,26876,28043,28043,30843,11,0
982,26881,28043,28043,30843,11,0
983,26887,28029,28029,30829,8,1
984,26898,28029,28029,30829,8,1
985,26899,28029,28029,30829,8,1
986,26917,28029,28029,30829,8,1
987,26920,28043,28043,30843,11,0
988,26921,28043,28043,30843,11,0
989,26921,28029,28029,30829,8,1
990,26925,28029,28029,30829,8,1
991,26930,28043,28043,30843,11,0
992,26934,28029,28029,30829,8,1
993,26938,28043,28043,30843,11,0
994,26941,28043,28043,30843,11,0
995,26941,28029,28029,30829,8,1
996,26968,28043,28043,30843,11,0
997,26970,28043,28043,30843,11,0
998,26973,28354,28354,31154,13,0
999,26987,28354,28354,31154,13,0
1000,26996,28354,28354,31154,13,0
1001,27003,28029,28029,30829,8,1
1002,27012,28354,28354,31154,13,0
1003,27016,28029,28029,30829,8,1
1004,27018,28354,28354,31154,13,0
1005,27033,28029,28029,30829,8,1
1006,27036,28354,28354,31154,13,0
1007,27042,28029,28029,30829,8,1
1008,27062,28354,28354,31154,13,0
1009,27069,28354,28354,31154,13,0
1010,27069,28029,28029,30829,8,1
1011,27076,28029,28029,30829,8,1
1012,27081,28354,28354,31154,13,0
1013,27087,28029,28029,30829,8,1
1014,27094,28029,28029,30829,8,1
1015,27102,28029,28029,30829,8,1
1016,27106,28354,28354,31154,13,0
1017,27111,28354,28354,31154,13,0
1018,27116,28029,28029,30829,8,1
1019,27145,28354,28354,31154,13,0
1020,27155,28029,28029,30829,8,1
1021,27167,28192,28192,30992,10,1
1022,27179,28354,28354,31154,13,0
1023,27197,28192,28192,30992,10,1
1024,27199,28192,28192,30992,10,1
1025,27224,28354,28354,31154,13,0
1026,27231,28192,28192,30992,10,1
1027,27235,28354,28354,31154,13,0
1028,27237,28354,28354,31154,13,0
1029,27237,28192,28192,30992,10,1
1030,27239,28354,28354,31154,13,0
1031,27246,28354,28354,31154,13,0
1032,27251,28354,28354,31154,13,0
1033,27254,28354,28354,31154,13,0
1034,27255,28192,28192,30992,10,1
1035,27257,28192,28192,30992,10,1
1036,27262,28668,28668,31468,15,0
1037,27266,28668,28668,31468,15,0
1038,27267,28192,28192,30992,10,1
1039,27282,28192,28192,30992,10,1
1040,27285,28668,28668,31468,15,0
1041,27293,28192,28192,30992,10,1
1042,27295,28668,28668,31468,15,0
1043,27298,28668,28668,31468,15,0
1044,27324,28668,28668,31468,15,0
1045,27328,28192,28192,30992,10,1
1046,27335,28192,28192,30992,10,1
1047,27339,28192,28192,30992,10,1
1048,27344,28192,28192,30992,10,1
1049,27347,28668,28668,31468,15,0
1050,27348,28668,28668,31468,15,0
1051,27351,28192,28192,30992,10,1
1052,27364,28668,28668,31468,15,0
1053,27365,28192,28192,30992,10,1
1054,27368,28668,28668,31468,15,0
1055,27368,28192,28192,30992,10,1
1056,27376,28192,28192,30992,10,1
1057,27377,28668,28668,31468,15,0
1058,27380,28668,28668,31468,15,0
1059,27387,28192,28192,30992,10,1
1060,27389,28668,28668,31468,15,0
1061,27395,28192,28192,30992,10,1
1062,27407,28428,28428,31228,12,1
1063,27409,28428,28428,31228,12,1
1064,27424,28428,28428,31228,12,1
1065,27427,28668,28668,31468,15,0
1066,27431,28428,28428,31228,12,1
1067,27432,28668,28668,31468,15,0
1068,27455,28668,28668,31468,15,0
1069,27462,28668,28668,31468,15,0
1070,27462,28428,28428,31228,12,1
1071,27465,28668,28668,31468,15,0
1072,27472,28668,28668,31468,15,0
1073,27481,28428,28428,31228,12,1
1074,27516,28668,28668,31468,15,0
1075,27516,28428,28428,31228,12,1
1076,27523,28871,28871,31671,17,0
1077,27527,28428,28428,31228,12,1
1078,27535,28871,28871,31671,17,0
1079,27540,28871,28871,31671,17,0
1080,27548,28871,28871,31671,17,0
1081,27551,28871,28871,31671,17,0
1082,27556,28428,28428,31228,12,1
1083,27562,28871,28871,31671,17,0
1084,27572,28871,28871,31671,17,0
1085,27577,28871,28871,31671,17,0
1086,27580,28871,28871,31671,17,0
1087,27586,28871,28871,31671,17,0
1088,27598,28871,28871,31671,17,0
1089,27607,28871,28871,31671,17,0
1090,27609,28428,28428,31228,12,1
1091,27625,28428,28428,31228,12,1
1092,27628,28428,28428,31228,12,1
1093,27632,28871,28871,31671,17,0
1094,27634,28428,28428,31228,12,1
1095,27640,28871,28871,31671,17,0
1096,27646,28428,28428,31228,12,1
1097,27647,28428,28428,31228,12,1
1098,27661,28871,28871,31671,17,0
1099,27663,28428,28428,31228,12,1
1100,27666,28428,28428,31228,12,1
1101,27686,28428,28428,31228,12,1
1102,27687,28428,28428,31228,12,1
1103,27705,28871,28871,31671,17,0
1104,27705,28428,28428,31228,12,1
1105,27713,28871,28871,31671,17,0
1106,27715,28767,28767,31567,14,1
1107,27717,28767,28767,31567,14,1
1108,27720,28871,28871,31671,17,0
1109,27730,28767,28767,31567,14,1
1110,27746,28871,28871,31671,17,0
1111,27748,28767,28767,31567,14,1
1112,27750,28871,28871,31671,17,0
1113,27758,29123,29123,31923,19,0
1114,27763,28767,28767,31567,14,1
1115,27772,28767,28767,31567,14,1
1116,27792,29123,29123,31923,19,0
1117,27794,28767,28767,31567,14,1
1118,27803,29123,29123,31923,19,0
1119,27806,28767,28767,31567,14,1
1120,27809,29123,29123,31923,19,0
1121,27824,29123,29123,31923,19,0
1122,27825,29123,29123,31923,19,0
1123,27831,29123,29123,31923,19,0
1124,27838,28767,28767,31567,14,1
1125,27853,29123,29123,31923,19,0
1126,27856,29123,29123,31923,19,0
1127,27866,28767,28767,31567,14,1
1128,27869,28767,28767,31567,14,1
1129,27870,29123,29123,31923,19,0
1130,27871,28767,28767,31567,14,1
1131,27878,29123,29123,31923,19,0
1132,27883,29123,29123,31923,19,0
1133,27890,28767,28767,31567,14,1
1134,27898,28767,28767,31567,14,1
1135,27902,28767,28767,31567,14,1
1136,27907,29123,29123,31923,19,0
1137,27907,28767,28767,31567,14,1
1138,27908,29123,29123,31923,19,0
1139,27911,29123,29123,31923,19,0
1140,27916,29123,29123,31923,19,0
1141,27917,29123,29123,31923,19,0
1142,27919,29123,29123,31923,19,0
1143,27920,28767,28767,31567,14,1
1144,27923,29123,29123,31923,19,0
1145,27929,28767,28767,31567,14,1
1146,27931,29123,29123,31923,19,0
1147,27953,29365,29365,32165,0,0
1148,27953,28767,28767,31567,14,1
1149,27963,29365,29365,32165,0,0
1150,27964,28767,28767,31567,14,1
1151,27967,29008,29008,31808,16,1
1152,27972,29008,29008,31808,16,1
1153,27976,29008,29008,31808,16,1
1154,27982,29365,29365,32165,0,0
1155,27995,29008,29008,31808,16,1
1156,27996,29008,29008,31808,16,1
1157,27998,29008,29008,31808,16,1
1158,28009,29008,29008,31808,16,1
1159,28015,29365,29365,32165,0,0
1160,28016,29008,29008,31808,16,1
1161,28021,29365,29365,32165,0,0
1162,28023,29008,29008,31808,16,1
1163,28029,29365,29365,32165,0,0
1164,28038,29365,29365,32165,0,0
1165,28048,29365,29365,32165,0,0
1166,28056,29008,29008,31808,16,1
1167,28068,29008,29008,31808,16,1
1168,28076,29008,29008,31808,16,1
1169,28080,29008,29008,31808,16,1
1170,28082,29365,29365,32165,0,0
1171,28086,29365,29365,32165,0,0
1172,28086,29008,29008,31808,16,1
1173,28089,29365,29365,32165,0,0
1174,28089,29008,29008,31808,16,1
1175,28093,29365,29365,32165,0,0
1176,28099,29365,29365,32165,0,0
1177,28102,29008,29008,31808,16,1
1178,28104,29365,29365,32165,0,0
1179,28108,29008,29008,31808,16,1
1180,28109,29008,29008,31808,16,1
1181,28120,29365,29365,32165,0,0
1182,28122,29365,29365,32165,0,0
1183,28123,29008,29008,31808,16,1
1184,28125,29008,29008,31808,16,1
1185,28129,29242,29242,32042,18,1
1186,28131,29242,29242,32042,18,1
1187,28150,29365,29365,32165,0,0
1188,28158,29365,29365,32165,0,0
1189,28163,29242,29242,32042,18,1
1190,28168,29365,29365,32165,0,0
1191,28175,29365,29365,32165,0,0
1192,28176,29242,29242,32042,18,1
1193,28190,29242,29242,32042,18,1
1194,28198,29242,29242,32042,18,1
1195,28199,29242,29242,32042,18,1
1196,28200,29242,29242,32042,18,1
1197,28203,29242,29242,32042,18,1
1198,28220,29242,29242,32042,18,1
1199,28225,29242,29242,32042,18,1
1200,28228,29999,29999,32639,2,0
1201,28230,29999,29999,32639,2,0
1202,28236,29999,29999,32639,2,0
1203,28246,29999,29999,32639,2,0
1204,28246,29242,29242,32042,18,1
1205,28253,29242,29242,32042,18,1
1206,28255,29999,29999,32639,2,0
1207,28256,29999,29999,32639,2,0
1208,28265,29242,29242,32042,18,1
1209,28266,29242,29242,32042,18,1
1210,28270,29242,29242,32042,18,1
1211,28274,29999,29999,32639,2,0
1212,28275,29242,29242,32042,18,1
1213,28276,29242,29242,32042,18,1
1214,28280,29999,29999,32639,2,0
1215,28281,29999,29999,32639,2,0
1216,28285,29242,29242,32042,18,1
1217,28297,29999,29999,32639,2,0
1218,28306,29999,29999,32639,2,0
1219,28306,29242,29242,32042,18,1
1220,28307,29999,29999,32639,2,0
1221,28308,29561,29561,32361,1,1
1222,28313,29999,29999,32639,2,0
1223,28317,29999,29999,32639,2,0
1224,28326,29561,29561,32361,1,1
1225,28329,29999,29999,32639,2,0
1226,28333,29561,29561,32361,1,1
1227,28345,29999,29999,32639,2,0
1228,28348,29561,29561,32361,1,1
1229,28355,29999,29999,32639,2,0
1230,28358,29999,29999,32639,2,0
1231,28371,29561,29561,32361,1,1
1232,28391,29999,29999,32639,2,0
1233,28397,29999,29999,32639,2,0
1234,28423,29561,29561,32361,1,1
1235,28425,30272,30272,32803,4,0
1236,28427,29561,29561,32361,1,1
1237,28441,29561,29561,32361,1,1
1238,28444,29561,29561,32361,1,1
1239,28456,29561,29561,32361,1,1
1240,28460,29561,29561,32361,1,1
1241,28481,29561,29561,32361,1,1
1242,28483,30272,30272,32803,4,0
1243,28486,30272,30272,32803,4,0
1244,28491,30272,30272,32803,4,0
1245,28512,30272,30272,32803,4,0
1246,28519,29561,29561,32361,1,1
1247,28529,30272,30272,32803,4,0
1248,28536,30272,30272,32803,4,0
1249,28536,29561,29561,32361,1,1
1250,28542,30272,30272,32803,4,0
1251,28548,30272,30272,32803,4,0
1252,28559,30272,30272,32803,4,0
1253,28571,29561,29561,32361,1,1
1254,28584,29561,29561,32361,1,1
1255,28589,30272,30272,32803,4,0
1256,28591,30272,30272,32803,4,0
1257,28603,29561,29561,32361,1,1
1258,28607,29561,29561,32361,1,1
1259,28610,29561,29561,32361,1,1
1260,28615,30272,30272,32803,4,0
1261,28640,29561,29561,32361,1,1
1262,28647,30272,30272,32803,4,0
1263,28655,29999,29999,32639,3,1
1264,28670,30272,30272,32803,4,0
1265,28675,29999,29999,32639,3,1
1266,28682,30272,30272,32803,4,0
1267,28695,30272,30272,32803,4,0
1268,28697,30272,30272,32803,4,0
1269,28707,29999,29999,32639,3,1
1270,28709,30272,30272,32803,4,0
1271,28710,29999,29999,32639,3,1
1272,28721,30272,30272,32803,4,0
1273,28724,30592,30592,32995,6,0
1274,28732,29999,29999,32639,3,1
1275,28736,30592,30592,32995,6,0
1276,28737,30592,30592,32995,6,0
1277,28739,30592,30592,32995,6,0
1278,28742,29999,29999,32639,3,1
1279,28743,29999,29999,32639,3,1
1280,28744,30592,30592,32995,6,0
1281,28751,29999,29999,32639,3,1
1282,28758,30592,30592,32995,6,0
1283,28774,30592,30592,32995,6,0
1284,28778,29999,29999,32639,3,1
1285,28785,29999,29999,32639,3,1
1286,28786,30592,30592,32995,6,0
1287,28786,29999,29999,32639,3,1
1288,28787,30592,30592,32995,6,0
1289,28794,30592,30592,32995,6,0
1290,28808,29999,29999,32639,3,1
1291,28812,29999,29999,32639,3,1
1292,28819,29999,29999,32639,3,1
1293,28823,29999,29999,32639,3,1
1294,28824,30592,30592,32995,6,0
1295,28833,29999,29999,32639,3,1
1296,28839,29999,29999,32639,3,1
1297,28840,29999,29999,32639,3,1
1298,28841,30592,30592,32995,6,0
1299,28849,30592,30592,32995,6,0
1300,28852,30592,30592,32995,6,0
1301,28861,29999,29999,32639,3,1
1302,28864,29999,29999,32639,3,1
1303,28865,30592,30592,32995,6,0
1304,28871,30592,30592,32995,6,0
1305,28887,30213,30213,32767,5,1
1306,28889,30213,30213,32767,5,1
1307,28898,30213,30213,32767,5,1
1308,28904,30592,30592,32995,6,0
1309,28907,30213,30213,32767,5,1
1310,28909,30213,30213,32767,5,1
1311,28914,30592,30592,32995,6,0
1312,28916,30592,30592,32995,6,0
1313,28916,30213,30213,32767,5,1
1314,28925,30592,30592,32995,6,0
1315,28926,30830,30830,33138,8,0
1316,28927,30830,30830,33138,8,0
1317,28931,30213,30213,32767,5,1
1318,28934,30830,30830,33138,8,0
1319,28943,30213,30213,32767,5,1
1320,28949,30830,30830,33138,8,0
1321,28956,30213,30213,32767,5,1
1322,28960,30830,30830,33138,8,0
1323,28964,30213,30213,32767,5,1
1324,28970,30830,30830,33138,8,0
1325,28988,30213,30213,32767,5,1
1326,29006,30830,30830,33138,8,0
1327,29028,30213,30213,32767,5,1
1328,29030,30213,30213,32767,5,1
1329,29036,30213,30213,32767,5,1
1330,29038,30830,30830,33138,8,0
1331,29041,30213,30213,32767,5,1
1332,29053,30830,30830,33138,8,0
1333,29071,30830,30830,33138,8,0
1334,29076,30213,30213,32767,5,1
1335,29083,30830,30830,33138,8,0
1336,29083,30213,30213,32767,5,1
1337,29091,30213,30213,32767,5,1
1338,29095,30213,30213,32767,5,1
1339,29103,30213,30213,32767,5,1
1340,29104,30445,30445,32907,7,1
1341,29128,30830,30830,33138,8,0
1342,29134,30445,30445,32907,7,1
1343,29137,30830,30830,33138,8,0
1344,29139,30445,30445,32907,7,1
1345,29141,30445,30445,32907,7,1
1346,29147,30830,30830,33138,8,0
1347,29148,30445,30445,32907,7,1
1348,29152,30445,30445,32907,7,1
1349,29155,30445,30445,32907,7,1
1350,29156,30830,30830,33138,8,0
1351,29158,30445,30445,32907,7,1
1352,29159,30445,30445,32907,7,1
1353,29162,30830,30830,33138,8,0
1354,29165,30830,30830,33138,8,0
1355,29175,30445,30445,32907,7,1
1356,29176,30830,30830,33138,8,0
1357,29181,30830,30830,33138,8,0
1358,29182,30445,30445,32907,7,1
1359,29191,30445,30445,32907,7,1
1360,29196,30445,30445,32907,7,1
1361,29204,30830,30830,33138,8,0
1362,29207,30993,30993,33235,10,0
1363,29214,30993,30993,33235,10,0
1364,29215,30993,30993,33235,10,0
1365,29218,30445,30445,32907,7,1
1366,29221,30445,30445,32907,7,1
1367,29222,30993,30993,33235,10,0
1368,29227,30445,30445,32907,7,1
1369,29231,30993,30993,33235,10,0
1370,29236,30445,30445,32907,7,1
1371,29247,30993,30993,33235,10,0
1372,29254,30445,30445,32907,7,1
1373,29258,30445,30445,32907,7,1
1374,29266,30445,30445,32907,7,1
1375,29283,30993,30993,33235,10,0
1376,29304,30993,30993,33235,10,0
1377,29310,30993,30993,33235,10,0
1378,29324,30641,30641,33024,9,1
1379,29325,30641,30641,33024,9,1
1380,29326,30993,30993,33235,10,0
1381,29328,30641,30641,33024,9,1
1382,29330,30641,30641,33024,9,1
1383,29335,30993,30993,33235,10,0
1384,29337,30993,30993,33235,10,0
1385,29346,30993,30993,33235,10,0
1386,29362,30993,30993,33235,10,0
1387,29385,30993,30993,33235,10,0
1388,29391,30641,30641,33024,9,1
1389,29401,30993,30993,33235,10,0
1390,29408,30641,30641,33024,9,1
1391,29412,30641,30641,33024,9,1
1392,29414,30641,30641,33024,9,1
1393,29419,30993,30993,33235,10,0
1394,29422,30641,30641,33024,9,1
1395,29431,30993,30993,33235,10,0
1396,29441,30641,30641,33024,9,1
1397,29446,30641,30641,33024,9,1
1398,29459,30641,30641,33024,9,1
1399,29464,30993,30993,33235,10,0
1400,29467,30993,30993,33235,10,0
1401,29483,31229,31229,33377,12,0
1402,29497,31229,31229,33377,12,0
1403,29501,30641,30641,33024,9,1
1404,29503,31229,31229,33377,12,0
1405,29517,31229,31229,33377,12,0
1406,29517,30641,30641,33024,9,1
1407,29518,30641,30641,33024,9,1
1408,29523,30641,30641,33024,9,1
1409,29528,30641,30641,33024,9,1
1410,29529,31229,31229,33377,12,0
1411,29536,31229,31229,33377,12,0
1412,29540,31229,31229,33377,12,0
1413,29554,30641,30641,33024,9,1
1414,29562,31229,31229,33377,12,0
1415,29568,30641,30641,33024,9,1
1416,29575,30641,30641,33024,9,1
1417,29579,31229,31229,33377,12,0
1418,29579,30844,30844,33146,11,1
1419,29581,30844,30844,33146,11,1
1420,29584,31229,31229,33377,12,0
1421,29587,31229,31229,33377,12,0
1422,29594,31229,31229,33377,12,0
1423,29596,31229,31229,33377,12,0
1424,29602,31229,31229,33377,12,0
1425,29614,31229,31229,33377,12,0
1426,29630,31229,31229,33377,12,0
1427,29630,30844,30844,33146,11,1
1428,29632,31229,31229,33377,12,0
1429,29632,30844,30844,33146,11,1
1430,29633,31229,31229,33377,12,0
1431,29633,30844,30844,33146,11,1
1432,29640,31229,31229,33377,12,0
1433,29647,30844,30844,33146,11,1
1434,29648,31229,31229,33377,12,0
1435,29649,31568,31568,33580,14,0
1436,29665,31568,31568,33580,14,0
1437,29683,30844,30844,33146,11,1
1438,29684,31568,31568,33580,14,0
1439,29690,31568,31568,33580,14,0
1440,29697,31568,31568,33580,14,0
1441,29702,30844,30844,33146,11,1
1442,29707,31568,31568,33580,14,0
1443,29710,31568,31568,33580,14,0
1444,29731,31568,31568,33580,14,0
1445,29733,31568,31568,33580,14,0
1446,29747,31568,31568,33580,14,0
1447,29766,30844,30844,33146,11,1
1448,29781,30844,30844,33146,11,1
1449,29790,31568,31568,33580,14,0
1450,29798,31568,31568,33580,14,0
1451,29801,30844,30844,33146,11,1
1452,29802,31568,31568,33580,14,0
1453,29804,31568,31568,33580,14,0
1454,29807,31568,31568,33580,14,0
1455,29809,30844,30844,33146,11,1
1456,29815,31568,31568,33580,14,0
1457,29824,31568,31568,33580,14,0
1458,29826,31568,31568,33580,14,0
1459,29828,30844,30844,33146,11,1
1460,29845,30844,30844,33146,11,1
1461,29848,31568,31568,33580,14,0
1462,29848,30844,30844,33146,11,1
1463,29869,31568,31568,33580,14,0
1464,29871,31809,31809,33725,16,0
1465,29882,30844,30844,33146,11,1
1466,29891,30844,30844,33146,11,1
1467,29902,31809,31809,33725,16,0
1468,29904,31809,31809,33725,16,0
1469,29916,30844,30844,33146,11,1
1470,29924,30844,30844,33146,11,1
1471,29927,30844,30844,33146,11,1
1472,29932,31155,31155,33333,13,1
1473,29941,31155,31155,33333,13,1
1474,29945,31809,31809,33725,16,0
1475,29955,31155,31155,33333,13,1
1476,29959,31809,31809,33725,16,0
1477,29959,31155,31155,33333,13,1
1478,29964,31155,31155,33333,13,1
1479,29967,31809,31809,33725,16,0
1480,30001,31809,31809,33725,16,0
1481,30004,31809,31809,33725,16,0
1482,30006,31809,31809,33725,16,0
1483,30008,31155,31155,33333,13,1
1484,30011,31809,31809,33725,16,0
1485,30014,31809,31809,33725,16,0
1486,30018,31809,31809,33725,16,0
1487,30022,31809,31809,33725,16,0
1488,30035,31155,31155,33333,13,1
1489,30038,31809,31809,33725,16,0
1490,30040,31809,31809,33725,16,0
1491,30046,31809,31809,33725,16,0
1492,30046,31155,31155,33333,13,1
1493,30074,31809,31809,33725,16,0
1494,30077,31809,31809,33725,16,0
1495,30082,31809,31809,33725,16,0
1496,30095,31155,31155,33333,13,1
1497,30118,31155,31155,33333,13,1
1498,30123,31155,31155,33333,13,1
1499,30133,31155,31155,33333,13,1
1500,30134,31155,31155,33333,13,1
1501,30135,31809,31809,33725,16,0
1502,30136,32043,32043,33865,18,0
1503,30140,32043,32043,33865,18,0
1504,30141,31155,31155,33333,13,1
1505,30147,31155,31155,33333,13,1
1506,30160,32043,32043,33865,18,0
1507,30168,31155,31155,33333,13,1
1508,30183,32043,32043,33865,18,0
1509,30183,31155,31155,33333,13,1
1510,30187,32043,32043,33865,18,0
1511,30196,31155,31155,33333,13,1
1512,30201,32043,32043,33865,18,0
1513,30201,31155,31155,33333,13,1
1514,30205,31155,31155,33333,13,1
1515,30215,32043,32043,33865,18,0
1516,30220,32043,32043,33865,18,0
1517,30220,31469,31469,33521,15,1
1518,30221,32043,32043,33865,18,0
1519,30225,32043,32043,33865,18,0
1520,30226,32043,32043,33865,18,0
1521,30231,31469,31469,33521,15,1
1522,30234,32043,32043,33865,18,0
1523,30238,31469,31469,33521,15,1
1524,30243,32043,32043,33865,18,0
1525,30253,31469,31469,33521,15,1
1526,30257,31469,31469,33521,15,1
1527,30263,32043,32043,33865,18,0
1528,30268,31469,31469,33521,15,1
1529,30274,31469,31469,33521,15,1
1530,30277,31469,31469,33521,15,1
1531,30279,31469,31469,33521,15,1
1532,30297,31469,31469,33521,15,1
1533,30299,32043,32043,33865,18,0
1534,30309,31469,31469,33521,15,1
1535,30361,31469,31469,33521,15,1
1536,30363,31469,31469,33521,15,1
1537,30374,31469,31469,33521,15,1
1538,30379,32043,32043,33865,18,0
1539,30380,31469,31469,33521,15,1
1540,30384,32043,32043,33865,18,0
1541,30398,31469,31469,33521,15,1
1542,30402,32043,32043,33865,18,0
1543,30403,32043,32043,33865,18,0
1544,30406,32043,32043,33865,18,0
1545,30409,31469,31469,33521,15,1
1546,30418,32362,32362,34057,1,0
1547,30420,31469,31469,33521,15,1
1548,30421,31469,31469,33521,15,1
1549,30423,32362,32362,34057,1,0
1550,30430,32362,32362,34057,1,0
1551,30440,32362,32362,34057,1,0
1552,30447,31469,31469,33521,15,1
1553,30453,32362,32362,34057,1,0
1554,30458,32362,32362,34057,1,0
1555,30461,31672,31672,33643,17,1
1556,30468,32362,32362,34057,1,0
1557,30468,31672,31672,33643,17,1
1558,30469,32362,32362,34057,1,0
1559,30478,32362,32362,34057,1,0
1560,30484,32362,32362,34057,1,0
1561,30486,31672,31672,33643,17,1
1562,30495,32362,32362,34057,1,0
1563,30512,32362,32362,34057,1,0
1564,30512,31672,31672,33643,17,1
1565,30513,31672,31672,33643,17,1
1566,30516,31672,31672,33643,17,1
1567,30519,31672,31672,33643,17,1
1568,30524,32362,32362,34057,1,0
1569,30527,32362,32362,34057,1,0
1570,30533,32362,32362,34057,1,0
1571,30538,32362,32362,34057,1,0
1572,30543,32362,32362,34057,1,0
1573,30545,31672,31672,33643,17,1
1574,30547,31672,31672,33643,17,1
1575,30566,31672,31672,33643,17,1
1576,30569,31672,31672,33643,17,1
1577,30573,32362,32362,34057,1,0
1578,30581,31672,31672,33643,17,1
1579,30582,32362,32362,34057,1,0
1580,30586,31672,31672,33643,17,1
1581,30589,31672,31672,33643,17,1
1582,30590,31672,31672,33643,17,1
1583,30596,31672,31672,33643,17,1
1584,30606,32362,32362,34057,1,0
1585,30619,31672,31672,33643,17,1
1586,30620,32640,32640,34320,3,0
1587,30622,31672,31672,33643,17,1
1588,30632,31672,31672,33643,17,1
1589,30638,31672,31672,33643,17,1
1590,30640,32640,32640,34320,3,0
1591,30644,31924,31924,33794,19,1
1592,30646,32640,32640,34320,3,0
1593,30649,32640,32640,34320,3,0
1594,30651,32640,32640,34320,3,0
1595,30680,31924,31924,33794,19,1
1596,30682,32640,32640,34320,3,0
1597,30685,31924,31924,33794,19,1
1598,30686,31924,31924,33794,19,1
1599,30720,31924,31924,33794,19,1
1600,30723,31924,31924,33794,19,1
1601,30726,31924,31924,33794,19,1
1602,30732,31924,31924,33794,19,1
1603,30741,32640,32640,34320,3,0
1604,30741,31924,31924,33794,19,1
1605,30748,32640,32640,34320,3,0
1606,30751,31924,31924,33794,19,1
1607,30759,32640,32640,34320,3,0
1608,30764,31924,31924,33794,19,1
1609,30766,31924,31924,33794,19,1
1610,30769,32640,32640,34320,3,0
1611,30769,31924,31924,33794,19,1
1612,30772,31924,31924,33794,19,1
1613,30780,32640,32640,34320,3,0
1614,30789,32640,32640,34320,3,0
1615,30807,31924,31924,33794,19,1
1616,30827,32640,32640,34320,3,0
1617,30842,32640,32640,34320,3,0
1618,30845,32640,32640,34320,3,0
1619,30847,32640,32640,34320,3,0
1620,30856,32640,32640,34320,3,0
1621,30859,32640,32640,34320,3,0
1622,30864,31924,31924,33794,19,1
1623,30870,32640,32640,34320,3,0
1624,30870,31924,31924,33794,19,1
1625,30872,31924,31924,33794,19,1
1626,30878,32640,32640,34320,3,0
1627,30880,32768,32768,34448,5,0
1628,30887,32768,32768,34448,5,0
1629,30889,32768,32768,34448,5,0
1630,30891,32768,32768,34448,5,0
1631,30892,31924,31924,33794,19,1
1632,30896,32768,32768,34448,5,0
1633,30898,31924,31924,33794,19,1
1634,30905,32166,32166,33939,0,1
1635,30915,32768,32768,34448,5,0
1636,30916,32166,32166,33939,0,1
1637,30921,32768,32768,34448,5,0
1638,30956,32166,32166,33939,0,1
1639,30957,32768,32768,34448,5,0
1640,30962,32166,32166,33939,0,1
1641,30968,32768,32768,34448,5,0
1642,30970,32166,32166,33939,0,1
1643,30974,32166,32166,33939,0,1
1644,30978,32768,32768,34448,5,0
1645,30985,32768,32768,34448,5,0
1646,30986,32768,32768,34448,5,0
1647,30987,32166,32166,33939,0,1
1648,30996,32166,32166,33939,0,1
1649,30997,32768,32768,34448,5,0
1650,30998,32768,32768,34448,5,0
1651,31001,32166,32166,33939,0,1
1652,31006,32166,32166,33939,0,1
1653,31007,32768,32768,34448,5,0
1654,31008,32166,32166,33939,0,1
1655,31016,32768,32768,34448,5,0
1656,31019,32768,32768,34448,5,0
1657,31023,32768,32768,34448,5,0
1658,31028,32166,32166,33939,0,1
1659,31030,32768,32768,34448,5,0
1660,31037,32166,32166,33939,0,1
1661,31043,32166,32166,33939,0,1
1662,31054,32166,32166,33939,0,1
1663,31055,32768,32768,34448,5,0
1664,31057,32908,32908,34588,7,0
1665,31058,32166,32166,33939,0,1
1666,31067,32166,32166,33939,0,1
1667,31073,32908,32908,34588,7,0
1668,31082,32908,32908,34588,7,0
1669,31092,32908,32908,34588,7,0
1670,31121,32166,32166,33939,0,1
1671,31131,32166,32166,33939,0,1
1672,31139,32908,32908,34588,7,0
1673,31142,32908,32908,34588,7,0
1674,31143,32908,32908,34588,7,0
1675,31144,32166,32166,33939,0,1
1676,31147,32908,32908,34588,7,0
1677,31151,32908,32908,34588,7,0
1678,31159,32908,32908,34588,7,0
1679,31161,32908,32908,34588,7,0
1680,31200,32640,32640,34320,2,1
1681,31207,32640,32640,34320,2,1
1682,31209,32640,32640,34320,2,1
1683,31221,32640,32640,34320,2,1
1684,31226,32908,32908,34588,7,0
1685,31242,32640,32640,34320,2,1
1686,31247,32908,32908,34588,7,0
1687,31252,32908,32908,34588,7,0
1688,31254,32908,32908,34588,7,0
1689,31258,32908,32908,34588,7,0
1690,31263,32640,32640,34320,2,1
1691,31265,32640,32640,34320,2,1
1692,31272,32908,32908,34588,7,0
1693,31273,32640,32640,34320,2,1
1694,31275,32640,32640,34320,2,1
1695,31289,32640,32640,34320,2,1
1696,31297,32908,32908,34588,7,0
1697,31310,32908,32908,34588,7,0
1698,31318,32908,32908,34588,7,0
1699,31329,33025,33025,34705,9,0
1700,31332,32640,32640,34320,2,1
1701,31335,33025,33025,34705,9,0
1702,31354,33025,33025,34705,9,0
1703,31355,32640,32640,34320,2,1
1704,31364,32640,32640,34320,2,1
1705,31368,32640,32640,34320,2,1
1706,31394,33025,33025,34705,9,0
1707,31399,32640,32640,34320,2,1
1708,31401,32640,32640,34320,2,1
1709,31402,33025,33025,34705,9,0
1710,31405,32640,32640,34320,2,1
1711,31408,33025,33025,34705,9,0
1712,31432,33025,33025,34705,9,0
1713,31436,32640,32640,34320,2,1
1714,31449,32640,32640,34320,2,1
1715,31460,32640,32640,34320,2,1
1716,31463,33025,33025,34705,9,0
1717,31466,33025,33025,34705,9,0
1718,31468,32804,32804,34484,4,1
1719,31479,33025,33025,34705,9,0
1720,31485,32804,32804,34484,4,1
1721,31488,32804,32804,34484,4,1
1722,31497,32804,32804,34484,4,1
1723,31501,33025,33025,34705,9,0
1724,31502,33025,33025,34705,9,0
1725,31527,33025,33025,34705,9,0
1726,31531,33025,33025,34705,9,0
1727,31534,32804,32804,34484,4,1
1728,31542,32804,32804,34484,4,1
1729,31547,33025,33025,34705,9,0
1730,31564,33025,33025,34705,9,0
1731,31574,32804,32804,34484,4,1
1732,31580,32804,32804,34484,4,1
1733,31581,33025,33025,34705,9,0
1734,31581,32804,32804,34484,4,1
1735,31586,32804,32804,34484,4,1
1736,31588,33025,33025,34705,9,0
1737,31592,32804,32804,34484,4,1
1738,31600,33025,33025,34705,9,0
1739,31604,32804,32804,34484,4,1
1740,31614,32804,32804,34484,4,1
1741,31619,33025,33025,34705,9,0
1742,31625,33147,33147,34827,11,0
1743,31646,33147,33147,34827,11,0
1744,31654,32804,32804,34484,4,1
1745,31657,33147,33147,34827,11,0
1746,31659,32804,32804,34484,4,1
1747,31664,32804,32804,34484,4,1
1748,31668,33147,33147,34827,11,0
1749,31677,32804,32804,34484,4,1
1750,31686,33147,33147,34827,11,0
1751,31689,33147,33147,34827,11,0
1752,31695,32804,32804,34484,4,1
1753,31697,32804,32804,34484,4,1
1754,31702,33147,33147,34827,11,0
1755,31709,32804,32804,34484,4,1
1756,31711,33147,33147,34827,11,0
1757,31715,32996,32996,34676,6,1
1758,31718,32996,32996,34676,6,1
1759,31722,32996,32996,34676,6,1
1760,31739,32996,32996,34676,6,1
1761,31756,33147,33147,34827,11,0
1762,31760,32996,32996,34676,6,1
1763,31780,32996,32996,34676,6,1
1764,31781,32996,32996,34676,6,1
1765,31785,32996,32996,34676,6,1
1766,31787,33147,33147,34827,11,0
1767,31790,33147,33147,34827,11,0
1768,31792,32996,32996,34676,6,1
1769,31806,32996,32996,34676,6,1
1770,31828,32996,32996,34676,6,1
1771,31831,32996,32996,34676,6,1
1772,31833,33147,33147,34827,11,0
1773,31834,33147,33147,34827,11,0
1774,31840,33147,33147,34827,11,0
1775,31844,32996,32996,34676,6,1
1776,31851,32996,32996,34676,6,1
1777,31852,32996,32996,34676,6,1
1778,31854,33147,33147,34827,11,0
1779,31855,32996,32996,34676,6,1
1780,31863,33147,33147,34827,11,0
1781,31879,33147,33147,34827,11,0
1782,31885,33147,33147,34827,11,0
1783,31885,32996,32996,34676,6,1
1784,31889,33147,33147,34827,11,0
1785,31889,32996,32996,34676,6,1
1786,31891,33147,33147,34827,11,0
1787,31901,32996,32996,34676,6,1
1788,31914,32996,32996,34676,6,1
1789,31917,33334,33334,35014,13,0
1790,31919,33139,33139,34819,8,1
1791,31921,33334,33334,35014,13,0
1792,31941,33139,33139,34819,8,1
1793,31943,33334,33334,35014,13,0
1794,31949,33139,33139,34819,8,1
1795,31954,33139,33139,34819,8,1
1796,31972,33139,33139,34819,8,1
1797,31982,33334,33334,35014,13,0
1798,31983,33334,33334,35014,13,0
1799,31985,33139,33139,34819,8,1
1800,31988,33334,33334,35014,13,0
1801,31998,33334,33334,35014,13,0
1802,31999,33139,33139,34819,8,1
1803,32000,33139,33139,34819,8,1
1804,32005,33139,33139,34819,8,1
1805,32010,33139,33139,34819,8,1
1806,32015,33139,33139,34819,8,1
1807,32020,33334,33334,35014,13,0
1808,32020,33139,33139,34819,8,1
1809,32022,33139,33139,34819,8,1
1810,32029,33139,33139,34819,8,1
1811,32034,33139,33139,34819,8,1
1812,32036,33334,33334,35014,13,0
1813,32049,33139,33139,34819,8,1
1814,32052,33334,33334,35014,13,0
1815,32055,33139,33139,34819,8,1
1816,32058,33334,33334,35014,13,0
1817,32070,33334,33334,35014,13,0
1818,32076,33334,33334,35014,13,0
1819,32087,33139,33139,34819,8,1
1820,32089,33334,33334,35014,13,0
1821,32094,33139,33139,34819,8,1
1822,32100,33334,33334,35014,13,0
1823,32108,33334,33334,35014,13,0
1824,32113,33139,33139,34819,8,1
1825,32116,33236,33236,34916,10,1
1826,32130,33334,33334,35014,13,0
1827,32133,33236,33236,34916,10,1
1828,32135,33334,33334,35014,13,0
1829,32157,33334,33334,35014,13,0
1830,32158,33334,33334,35014,13,0
1831,32165,33522,33522,35202,15,0
1832,32166,33236,33236,34916,10,1
1833,32169,33522,33522,35202,15,0
1834,32169,33236,33236,34916,10,1
1835,32172,33236,33236,34916,10,1
1836,32173,33236,33236,34916,10,1
1837,32182,33236,33236,34916,10,1
1838,32183,33522,33522,35202,15,0
1839,32187,33236,33236,34916,10,1
1840,32189,33522,33522,35202,15,0
1841,32196,33236,33236,34916,10,1
1842,32200,33236,33236,34916,10,1
1843,32201,33522,33522,35202,15,0
1844,32205,33236,33236,34916,10,1
1845,32206,33522,33522,35202,15,0
1846,32207,33522,33522,35202,15,0
1847,32210,33236,33236,34916,10,1
1848,32218,33522,33522,35202,15,0
1849,32231,33236,33236,34916,10,1
1850,32232,33522,33522,35202,15,0
1851,32234,33522,33522,35202,15,0
1852,32235,33522,33522,35202,15,0
1853,32236,33236,33236,34916,10,1
1854,32242,33522,33522,35202,15,0
1855,32250,33522,33522,35202,15,0
1856,32258,33522,33522,35202,15,0
1857,32264,33236,33236,34916,10,1
1858,32266,33522,33522,35202,15,0
1859,32320,33522,33522,35202,15,0
1860,32328,33522,33522,35202,15,0
1861,32333,33522,33522,35202,15,0
1862,32335,33236,33236,34916,10,1
1863,32340,33236,33236,34916,10,1
1864,32346,33522,33522,35202,15,0
1865,32348,33522,33522,35202,15,0
1866,32353,33644,33644,35324,17,0
1867,32360,33236,33236,34916,10,1
1868,32362,33644,33644,35324,17,0
1869,32365,33236,33236,34916,10,1
1870,32368,33644,33644,35324,17,0
1871,32373,33236,33236,34916,10,1
1872,32380,33644,33644,35324,17,0
1873,32397,33378,33378,35058,12,1
1874,32423,33644,33644,35324,17,0
1875,32425,33644,33644,35324,17,0
1876,32450,33378,33378,35058,12,1
1877,32506,33644,33644,35324,17,0
1878,32550,33378,33378,35058,12,1
1879,32563,33378,33378,35058,12,1
1880,32566,33378,33378,35058,12,1
1881,32577,33378,33378,35058,12,1
1882,32578,33644,33644,35324,17,0
1883,32649,33644,33644,35324,17,0
1884,32660,33378,33378,35058,12,1
1885,32672,33644,33644,35324,17,0
1886,32723,33644,33644,35324,17,0
1887,32741,33644,33644,35324,17,0
1888,32760,33378,33378,35058,12,1
1889,32790,33378,33378,35058,12,1
1890,32795,33378,33378,35058,12,1
1891,32847,33644,33644,35324,17,0
1892,32894,33378,33378,35058,12,1
1893,32918,33644,33644,35324,17,0
1894,32939,33644,33644,35324,17,0
1895,32951,33644,33644,35324,17,0
1896,32973,33644,33644,35324,17,0
1897,32982,33378,33378,35058,12,1
1898,32992,33378,33378,35058,12,1
1899,32999,33378,33378,35058,12,1
1900,33023,33378,33378,35058,12,1
1901,33050,33644,33644,35324,17,0
1902,33057,33378,33378,35058,12,1
1903,33067,33378,33378,35058,12,1
1904,33087,33644,33644,35324,17,0
1905,33088,33644,33644,35324,17,0
1906,33103,33795,34162,35842,19,0
1907,33141,33378,33378,35058,12,1
1908,33158,33795,34162,35842,19,0
1909,33176,33378,33378,35058,12,1
1910,33207,33795,34162,35842,19,0
1911,33242,33378,33378,35058,12,1
1912,33259,33581,34535,36215,14,1
1913,33274,33795,34162,35842,19,0
1914,33356,33795,34162,35842,19,0
1915,33424,33795,34162,35842,19,0
1916,33432,33795,34162,35842,19,0
1917,33449,33795,34162,35842,19,0
1918,33482,33795,34162,35842,19,0
1919,33501,33795,34162,35842,19,0
1920,33511,33581,34535,36215,14,1
1921,33520,33581,34535,36215,14,1
1922,33542,33581,34535,36215,14,1
1923,33546,33795,34162,35842,19,0
1924,33565,33581,34535,36215,14,1
1925,33628,33628,34535,36215,14,1
1926,33638,33638,34535,36215,14,1
1927,33691,33691,34535,36215,14,1
1928,33716,33716,34535,36215,14,1
1929,33727,33727,34535,36215,14,1
1930,33732,33732,34535,36215,14,1
1931,33757,33757,34535,36215,14,1
1932,33783,33783,34535,36215,14,1
1933,33839,33839,34162,35842,19,0
1934,33849,33849,34162,35842,19,0
1935,33851,33851,34162,35842,19,0
1936,33958,33958,34162,35842,19,0
1937,33979,33979,34535,36215,14,1
1938,34005,34005,34162,35842,19,0
1939,34024,34024,34162,35842,19,0
1940,34086,34086,34162,35842,19,0
1941,34125,34125,34162,35842,19,0
1942,34156,34156,34535,36215,14,1
1943,34162,34162,34162,35842,19,0
1944,34163,34163,34995,36675,0,0
1945,34165,34165,34995,36675,0,0
1946,34215,34215,34995,36675,0,0
1947,34240,34240,34995,36675,0,0
1948,34319,34319,34535,36215,14,1
1949,34415,34415,34995,36675,0,0
1950,34431,34431,34535,36215,14,1
1951,34467,34467,34995,36675,0,0
1952,34480,34480,34535,36215,14,1
1953,34494,34494,34995,36675,0,0
1954,34496,34496,34535,36215,14,1
1955,34515,34515,34995,36675,0,0
1956,34535,34535,34535,36215,14,1
1957,34541,34541,34995,36675,0,0
1958,34562,34562,35310,36990,16,1
1959,34587,34587,35310,36990,16,1
1960,34603,34603,35310,36990,16,1
1961,34611,34611,35310,36990,16,1
1962,34615,34615,35310,36990,16,1
1963,34644,34644,35310,36990,16,1
1964,34656,34656,34995,36675,0,0
1965,34661,34661,34995,36675,0,0
1966,34691,34691,35310,36990,16,1
1967,34700,34700,34995,36675,0,0
1968,34728,34728,34995,36675,0,0
1969,34752,34752,35310,36990,16,1
1970,34766,34766,34995,36675,0,0
1971,34790,34790,34995,36675,0,0
1972,34825,34825,35310,36990,16,1
1973,34840,34840,34995,36675,0,0
1974,34849,34849,35310,36990,16,1
1975,34889,34889,34995,36675,0,0
1976,34923,34923,35310,36990,16,1
1977,34930,34930,34995,36675,0,0
1978,34930,34930,35310,36990,16,1
1979,34933,34933,34995,36675,0,0
1980,34960,34960,35310,36990,16,1
1981,34995,34995,34995,36675,0,0
1982,35011,35011,36403,38083,2,0
1983,35041,35041,35310,36990,16,1
1984,35045,35045,35310,36990,16,1
1985,35088,35088,36403,38083,2,0
1986,35118,35118,35310,36990,16,1
1987,35163,35163,35310,36990,16,1
1988,35172,35172,35310,36990,16,1
1989,35238,35238,36403,38083,2,0
1990,35242,35242,36403,38083,2,0
1991,35279,35279,35310,36990,16,1
1992,35282,35282,36403,38083,2,0
1993,35296,35296,36403,38083,2,0
1994,35310,35310,35310,36990,16,1
1995,35387,35387,36403,38083,2,0
1996,35412,35412,36403,38083,2,0
1997,35451,35451,36690,38370,18,1
1998,35458,35458,36403,38083,2,0
1999,35522,35522,36690,38370,18,1
2000,35575,35575,36690,38370,18,1
2001,35586,35586,36690,38370,18,1
2002,35616,35616,36403,38083,2,0
2003,35620,35620,36403,38083,2,0
2004,35667,35667,36403,38083,2,0
2005,35667,35667,36690,38370,18,1
2006,35848,35848,36403,38083,2,0
2007,35873,35873,36690,38370,18,1
2008,35946,35946,36403,38083,2,0
2009,36050,36050,36403,38083,2,0
2010,36064,36064,36690,38370,18,1
2011,36086,36086,36690,38370,18,1
2012,36113,36113,36690,38370,18,1
2013,36178,36178,36403,38083,2,0
2014,36200,36200,36690,38370,18,1
2015,36279,36279,36690,38370,18,1
2016,36315,36315,36690,38370,18,1
2017,36324,36324,36403,38083,2,0
2018,36341,36341,36403,38083,2,0
2019,36344,36344,36403,38083,2,0
2020,36367,36367,36690,38370,18,1
2021,36370,36370,36690,38370,18,1
2022,36403,36403,36403,38083,2,0
2023,36426,36426,36690,38370,18,1
2024,36430,36430,37664,39344,4,0
2025,36432,36432,36690,38370,18,1
2026,36451,36451,36690,38370,18,1
2027,36455,36455,36690,38370,18,1
2028,36505,36505,36690,38370,18,1
2029,36564,36564,37664,39344,4,0
2030,36596,36596,37664,39344,4,0
2031,36673,36673,37664,39344,4,0
2032,36690,36690,36690,38370,18,1
2033,36769,36769,38221,39901,1,1
2034,36804,36804,38221,39901,1,1
2035,36811,36811,38221,39901,1,1
2036,36850,36850,37664,39344,4,0
2037,36860,36860,38221,39901,1,1
2038,36887,36887,37664,39344,4,0
2039,36939,36939,37664,39344,4,0
2040,36971,36971,37664,39344,4,0
2041,37003,37003,37664,39344,4,0
2042,37021,37021,38221,39901,1,1
2043,37071,37071,38221,39901,1,1
2044,37113,37113,37664,39344,4,0
2045,37275,37275,37664,39344,4,0
2046,37335,37335,38221,39901,1,1
2047,37351,37351,37664,39344,4,0
2048,37356,37356,37664,39344,4,0
2049,37370,37370,37664,39344,4,0
2050,37460,37460,38221,39901,1,1
2051,37484,37484,37664,39344,4,0
2052,37529,37529,37664,39344,4,0
2053,37534,37534,37664,39344,4,0
2054,37581,37581,37664,39344,4,0
2055,37614,37614,37664,39344,4,0
2056,37664,37664,37664,39344,4,0
2057,37676,37676,38221,39901,1,1
2058,37734,37734,38221,39901,1,1
2059,37827,37827,39423,41103,6,0
2060,37868,37868,38221,39901,1,1
2061,37873,37873,38221,39901,1,1
2062,37877,37877,38221,39901,1,1
2063,37948,37948,38221,39901,1,1
2064,37951,37951,38221,39901,1,1
2065,38012,38012,38221,39901,1,1
2066,38035,38035,38221,39901,1,1
2067,38046,38046,38221,39901,1,1
2068,38066,38066,39423,41103,6,0
2069,38102,38102,38221,39901,1,1
2070,38136,38136,39423,41103,6,0
2071,38152,38152,39423,41103,6,0
2072,38159,38159,39423,41103,6,0
2073,38221,38221,38221,39901,1,1
2074,38248,38248,39039,40719,3,1
2075,38263,38263,39423,41103,6,0
2076,38355,38355,39423,41103,6,0
2077,38366,38366,39423,41103,6,0
2078,38383,38383,39039,40719,3,1
2079,38390,38390,39039,40719,3,1
2080,38414,38414,39039,40719,3,1
2081,38430,38430,39423,41103,6,0
2082,38435,38435,39039,40719,3,1
2083,38477,38477,39039,40719,3,1
2084,38481,38481,39039,40719,3,1
2085,38537,38537,39039,40719,3,1
2086,38548,38548,39423,41103,6,0
2087,38592,38592,39039,40719,3,1
2088,38638,38638,39039,40719,3,1
2089,38644,38644,39039,40719,3,1
2090,38648,38648,39423,41103,6,0
2091,38706,38706,39423,41103,6,0
2092,38727,38727,39039,40719,3,1
2093,38731,38731,39039,40719,3,1
2094,38743,38743,39423,41103,6,0
2095,38861,38861,39423,41103,6,0
2096,38931,38931,39039,40719,3,1
2097,38942,38942,39039,40719,3,1
2098,38963,38963,39423,41103,6,0
2099,38978,38978,39039,40719,3,1
2100,38979,38979,39039,40719,3,1
2101,38983,38983,39423,41103,6,0
2102,39007,39007,39039,40719,3,1
2103,39013,39013,39039,40719,3,1
2104,39039,39039,39039,40719,3,1
2105,39061,39061,39853,41533,5,1
2106,39109,39109,39853,41533,5,1
2107,39116,39116,39423,41103,6,0
2108,39153,39153,39853,41533,5,1
2109,39203,39203,39853,41533,5,1
2110,39274,39274,39853,41533,5,1
2111,39338,39338,39853,41533,5,1
2112,39378,39378,39423,41103,6,0
2113,39386,39386,39423,41103,6,0
2114,39410,39410,39853,41533,5,1
2115,39422,39422,39853,41533,5,1
2116,39423,39423,39423,41103,6,0
2117,39450,39450,39853,41533,5,1
2118,39451,39451,39853,41533,5,1
2119,39474,39474,39853,41533,5,1
2120,39535,39535,40565,42245,8,0
2121,39573,39573,39853,41533,5,1
2122,39576,39576,39853,41533,5,1
2123,39592,39592,39853,41533,5,1
2124,39604,39604,40565,42245,8,0
2125,39612,39612,39853,41533,5,1
2126,39639,39639,40565,42245,8,0
2127,39669,39669,40565,42245,8,0
2128,39676,39676,40565,42245,8,0
2129,39700,39700,40565,42245,8,0
2130,39704,39704,40565,42245,8,0
2131,39728,39728,39853,41533,5,1
2132,39734,39734,40565,42245,8,0
2133,39770,39770,40565,42245,8,0
2134,39783,39783,40565,42245,8,0
2135,39792,39792,40565,42245,8,0
2136,39795,39795,39853,41533,5,1
2137,39811,39811,39853,41533,5,1
2138,39834,39834,39853,41533,5,1
2139,39853,39853,39853,41533,5,1
2140,39870,39870,41293,42973,7,1
2141,39889,39889,40565,42245,8,0
2142,39903,39903,41293,42973,7,1
2143,40001,40001,41293,42973,7,1
2144,40022,40022,40565,42245,8,0
2145,40081,40081,40565,42245,8,0
2146,40111,40111,40565,42245,8,0
2147,40125,40125,40565,42245,8,0
2148,40127,40127,41293,42973,7,1
2149,40210,40210,41293,42973,7,1
2150,40238,40238,40565,42245,8,0
2151,40299,40299,40565,42245,8,0
2152,40374,40374,41293,42973,7,1
2153,40445,40445,40565,42245,8,0
2154,40486,40486,41293,42973,7,1
2155,40565,40565,40565,42245,8,0
2156,40592,40592,41988,43492,10,0
2157,40637,40637,41293,42973,7,1
2158,40709,40709,41293,42973,7,1
2159,40745,40745,41988,43492,10,0
2160,40765,40765,41988,43492,10,0
2161,40817,40817,41293,42973,7,1
2162,40841,40841,41293,42973,7,1
2163,40884,40884,41293,42973,7,1
2164,40918,40918,41293,42973,7,1
2165,40924,40924,41293,42973,7,1
2166,40949,40949,41293,42973,7,1
2167,40958,40958,41293,42973,7,1
2168,40965,40965,41293,42973,7,1
2169,40976,40976,41293,42973,7,1
2170,41024,41024,41293,42973,7,1
2171,41119,41119,41988,43492,10,0
2172,41155,41155,41988,43492,10,0
2173,41159,41159,41988,43492,10,0
2174,41174,41174,41988,43492,10,0
2175,41195,41195,41988,43492,10,0
2176,41199,41199,41988,43492,10,0
2177,41293,41293,41293,42973,7,1
2178,41297,41297,42991,44119,9,1
2179,41321,41321,41988,43492,10,0
2180,41390,41390,42991,44119,9,1
2181,41405,41405,41988,43492,10,0
2182,41418,41418,41988,43492,10,0
2183,41472,41472,42991,44119,9,1
2184,41544,41544,41988,43492,10,0
2185,41584,41584,42991,44119,9,1
2186,41717,41717,42991,44119,9,1
2187,41755,41755,41988,43492,10,0
2188,41859,41859,41988,43492,10,0
2189,41883,41883,41988,43492,10,0
2190,41885,41885,41988,43492,10,0
2191,41930,41930,41988,43492,10,0
2192,41956,41956,41988,43492,10,0
2193,41964,41964,42991,44119,9,1
2194,41988,41988,41988,43492,10,0
2195,42033,42033,43118,44198,12,0
2196,42083,42083,43118,44198,12,0
2197,42118,42118,42991,44119,9,1
2198,42153,42153,43118,44198,12,0
2199,42174,42174,43118,44198,12,0
2200,42192,42192,42991,44119,9,1
2201,42200,42200,42991,44119,9,1
2202,42209,42209,42991,44119,9,1
2203,42227,42227,43118,44198,12,0
2204,42247,42247,43118,44198,12,0
2205,42356,42356,43118,44198,12,0
2206,42475,42475,42991,44119,9,1
2207,42522,42522,42991,44119,9,1
2208,42530,42530,43118,44198,12,0
2209,42547,42547,43118,44198,12,0
2210,42561,42561,43118,44198,12,0
2211,42586,42586,43118,44198,12,0
2212,42734,42734,42991,44119,9,1
2213,42764,42764,42991,44119,9,1
2214,42772,42772,42991,44119,9,1
2215,42809,42809,42991,44119,9,1
2216,42826,42826,42991,44119,9,1
2217,42848,42848,43118,44198,12,0
2218,42861,42861,43118,44198,12,0
2219,42877,42877,43118,44198,12,0
2220,42882,42882,43118,44198,12,0
2221,42910,42910,42991,44119,9,1
2222,42919,42919,43118,44198,12,0
2223,42946,42946,42991,44119,9,1
2224,42991,42991,42991,44119,9,1
2225,42995,42995,43118,44198,12,0
2226,43044,43044,43118,44198,12,0
2227,43047,43047,43118,44198,12,0
2228,43118,43118,43118,44198,12,0
2229,43165,43165,44918,45968,14,0
2230,43199,43199,44791,45841,11,1
2231,43218,43218,44918,45968,14,0
2232,43261,43261,44918,45968,14,0
2233,43290,43290,44791,45841,11,1
2234,43396,43396,44918,45968,14,0
2235,43536,43536,44791,45841,11,1
2236,43553,43553,44791,45841,11,1
2237,43592,43592,44791,45841,11,1
2238,43870,43870,44791,45841,11,1
2239,43920,43920,44918,45968,14,0
2240,43931,43931,44918,45968,14,0
2241,43977,43977,44918,45968,14,0
2242,44044,44044,44791,45841,11,1
2243,44118,44118,44791,45841,11,1
2244,44183,44183,44918,45968,14,0
2245,44278,44278,44918,45968,14,0
2246,44308,44308,44918,45968,14,0
2247,44450,44450,44791,45841,11,1
2248,44451,44451,44791,45841,11,1
2249,44479,44479,44791,45841,11,1
2250,44672,44672,44791,45841,11,1
2251,44795,44795,44918,45968,14,0
2252,44892,44892,44918,45968,14,0
2253,44932,44932,46591,47641,13,1
2254,44935,44935,46718,47768,16,0
2255,45000,45000,46591,47641,13,1
2256,45084,45084,46718,47768,16,0
2257,45087,45087,46591,47641,13,1
2258,45240,45240,46718,47768,16,0
2259,45323,45323,46718,47768,16,0
2260,45348,45348,46591,47641,13,1
2261,45401,45401,46718,47768,16,0
2262,45425,45425,46718,47768,16,0
2263,45503,45503,46591,47641,13,1
2264,45613,45613,46718,47768,16,0
2265,45615,45615,46591,47641,13,1
2266,45653,45653,46718,47768,16,0
2267,45698,45698,46718,47768,16,0
2268,45840,45840,46591,47641,13,1
2269,45873,45873,46591,47641,13,1
2270,45876,45876,46718,47768,16,0
2271,45977,45977,46718,47768,16,0
2272,46020,46020,46718,47768,16,0
2273,46038,46038,46591,47641,13,1
2274,46184,46184,46591,47641,13,1
2275,46282,46282,46591,47641,13,1
2276,46498,46498,46591,47641,13,1
2277,46520,46520,46718,47768,16,0
2278,46552,46552,46591,47641,13,1
2279,46564,46564,46591,47641,13,1
2280,46760,46760,48391,49441,15,1
2281,46794,46794,48391,49441,15,1
2282,46835,46835,48391,49441,15,1
2283,46847,46847,48391,49441,15,1
2284,46873,46873,48391,49441,15,1
2285,47030,47030,48391,49441,15,1
2286,47054,47054,48391,49441,15,1
2287,47100,47100,48391,49441,15,1
2288,47160,47160,48391,49441,15,1
2289,47167,47167,48518,49568,18,0
2290,47397,47397,48391,49441,15,1
2291,47525,47525,48518,49568,18,0
2292,47584,47584,48518,49568,18,0
2293,47612,47612,48391,49441,15,1
2294,47672,47672,48518,49568,18,0
2295,47723,47723,48391,49441,15,1
2296,47846,47846,48518,49568,18,0
2297,47894,47894,48518,49568,18,0
2298,47958,47958,48518,49568,18,0
2299,47982,47982,48518,49568,18,0
2300,48340,48340,48391,49441,15,1
2301,48357,48357,48391,49441,15,1
2302,48374,48374,48391,49441,15,1
2303,48383,48383,48391,49441,15,1
2304,48402,48402,50191,51241,17,1
2305,48431,48431,50191,51241,17,1
2306,48479,48479,50191,51241,17,1
2307,48487,48487,48518,49568,18,0
2308,48518,48518,48518,49568,18,0
2309,48550,48550,50191,51241,17,1
2310,48589,48589,50318,51368,1,0
2311,48614,48614,50191,51241,17,1
2312,48642,48642,50318,51368,1,0
2313,48717,48717,50318,51368,1,0
2314,48939,48939,50191,51241,17,1
2315,48963,48963,50318,51368,1,0
2316,49056,49056,50191,51241,17,1
2317,49073,49073,50191,51241,17,1
2318,49206,49206,50318,51368,1,0
2319,49222,49222,50191,51241,17,1
2320,49247,49247,50318,51368,1,0
2321,49310,49310,50191,51241,17,1
2322,49406,49406,50318,51368,1,0
2323,49415,49415,50191,51241,17,1
2324,49479,49479,50191,51241,17,1
2325,49483,49483,50318,51368,1,0
2326,49505,49505,50318,51368,1,0
2327,49543,49543,50191,51241,17,1
2328,49645,49645,50318,51368,1,0
2329,49758,49758,50191,51241,17,1
2330,49759,49759,50318,51368,1,0
2331,49784,49784,50191,51241,17,1
2332,49961,49961,50318,51368,1,0
2333,49996,49996,50191,51241,17,1
2334,50043,50043,50318,51368,1,0
2335,50073,50073,50191,51241,17,1
2336,50258,50258,51961,53011,19,1
2337,50302,50302,50318,51368,1,0
2338,50303,50303,51961,53011,19,1
2339,50312,50312,51961,53011,19,1
2340,50428,50428,52118,53168,3,0
2341,50459,50459,51961,53011,19,1
2342,50529,50529,51961,53011,19,1
2343,50654,50654,51961,53011,19,1
2344,50666,50666,51961,53011,19,1
2345,50668,50668,52118,53168,3,0
2346,50685,50685,52118,53168,3,0
2347,50736,50736,52118,53168,3,0
2348,50875,50875,52118,53168,3,0
2349,50913,50913,51961,53011,19,1
2350,50923,50923,52118,53168,3,0
2351,51138,51138,52118,53168,3,0
2352,51310,51310,51961,53011,19,1
2353,51316,51316,51961,53011,19,1
2354,51355,51355,52118,53168,3,0
2355,51367,51367,51961,53011,19,1
2356,51382,51382,51961,53011,19,1
2357,51413,51413,51961,53011,19,1
2358,51444,51444,51961,53011,19,1
2359,51470,51470,51961,53011,19,1
2360,51615,51615,51961,53011,19,1
2361,51630,51630,51961,53011,19,1
2362,51645,51645,51961,53011,19,1
2363,51663,51663,52118,53168,3,0
2364,51842,51842,51961,53011,19,1
2365,51926,51926,52118,53168,3,0
2366,51961,51961,51961,53011,19,1
2367,52043,52043,52118,53168,3,0
2368,52050,52050,53761,54811,0,1
2369,52113,52113,52118,53168,3,0
2370,52120,52120,53918,54968,5,0
2371,52179,52179,53918,54968,5,0
2372,52293,52293,53918,54968,5,0
2373,52308,52308,53761,54811,0,1
2374,52346,52346,53761,54811,0,1
2375,52451,52451,53761,54811,0,1
2376,52884,52884,53918,54968,5,0
2377,52946,52946,53918,54968,5,0
2378,52962,52962,53918,54968,5,0
2379,53120,53120,53918,54968,5,0
2380,53164,53164,53918,54968,5,0
2381,53202,53202,53761,54811,0,1
2382,53312,53312,53761,54811,0,1
2383,53397,53397,53918,54968,5,0
2384,53413,53413,53918,54968,5,0
2385,53429,53429,53918,54968,5,0
2386,53436,53436,53918,54968,5,0
2387,53437,53437,53918,54968,5,0
2388,53619,53619,53918,54968,5,0
2389,53688,53688,53761,54811,0,1
2390,53715,53715,53918,54968,5,0
2391,53786,53786,55561,56611,2,1
2392,53837,53837,55561,56611,2,1
2393,53936,53936,55432,56482,7,0
2394,53946,53946,55561,56611,2,1
2395,54107,54107,55432,56482,7,0
2396,54157,54157,55432,56482,7,0
2397,54179,54179,55432,56482,7,0
2398,54192,54192,55561,56611,2,1
2399,54246,54246,55561,56611,2,1
2400,54366,54366,55432,56482,7,0
2401,54469,54469,55561,56611,2,1
2402,54521,54521,55561,56611,2,1
2403,54553,54553,55432,56482,7,0
2404,54612,54612,55432,56482,7,0
2405,54718,54718,55432,56482,7,0
2406,54742,54742,55561,56611,2,1
2407,54757,54757,55432,56482,7,0
2408,54764,54764,55432,56482,7,0
2409,54790,54790,55432,56482,7,0
2410,54842,54842,55561,56611,2,1
2411,54856,54856,55432,56482,7,0
2412,54888,54888,55432,56482,7,0
2413,54894,54894,55432,56482,7,0
2414,54983,54983,55432,56482,7,0
2415,54985,54985,55561,56611,2,1
2416,54993,54993,55561,56611,2,1
2417,55017,55017,55432,56482,7,0
2418,55046,55046,55432,56482,7,0
2419,55058,55058,55432,56482,7,0
2420,55206,55206,55432,56482,7,0
2421,55285,55285,55561,56611,2,1
2422,55353,55353,55561,56611,2,1
2423,55418,55418,55561,56611,2,1
2424,55428,55428,55561,56611,2,1
2425,55429,55429,55561,56611,2,1
2426,55432,55432,55432,56482,7,0
2427,55438,55438,55561,56611,2,1
2428,55460,55460,57232,59418,9,0
2429,55614,55614,57232,59418,9,0
2430,55721,55721,57361,59762,4,1
2431,55875,55875,57232,59418,9,0
2432,55902,55902,57232,59418,9,0
2433,55923,55923,57232,59418,9,0
2434,56094,56094,57232,59418,9,0
2435,56191,56191,57232,59418,9,0
2436,56360,56360,57361,59762,4,1
2437,56459,56459,57361,59762,4,1
2438,56502,56502,57232,59418,9,0
2439,56633,56633,57361,59762,4,1
2440,56687,56687,57232,59418,9,0
2441,56705,56705,57232,59418,9,0
2442,56706,56706,57361,59762,4,1
2443,56713,56713,57361,59762,4,1
2444,56752,56752,57361,59762,4,1
2445,56847,56847,57361,59762,4,1
2446,56851,56851,57232,59418,9,0
2447,56923,56923,57232,59418,9,0
2448,56943,56943,57361,59762,4,1
2449,57020,57020,57232,59418,9,0
2450,57073,57073,57361,59762,4,1
2451,57236,57236,59032,61832,11,0
2452,57262,57262,57361,59762,4,1
2453,57481,57481,59161,61961,6,1
2454,57491,57491,59032,61832,11,0
2455,57508,57508,59032,61832,11,0
2456,57609,57609,59161,61961,6,1
2457,57633,57633,59032,61832,11,0
2458,57710,57710,59032,61832,11,0
2459,57785,57785,59161,61961,6,1
2460,57788,57788,59161,61961,6,1
2461,58020,58020,59161,61961,6,1
2462,58040,58040,59032,61832,11,0
2463,58066,58066,59032,61832,11,0
2464,58144,58144,59161,61961,6,1
2465,58199,58199,59161,61961,6,1
2466,58266,58266,59161,61961,6,1
2467,58286,58286,59032,61832,11,0
2468,58350,58350,59032,61832,11,0
2469,58461,58461,59161,61961,6,1
2470,58479,58479,59161,61961,6,1
2471,58484,58484,59032,61832,11,0
2472,58510,58510,59032,61832,11,0
2473,58577,58577,59032,61832,11,0
2474,58606,58606,59032,61832,11,0
2475,58646,58646,59161,61961,6,1
2476,58724,58724,59032,61832,11,0
2477,58736,58736,59032,61832,11,0
2478,58770,58770,59161,61961,6,1
2479,58867,58867,59161,61961,6,1
2480,58950,58950,59032,61832,11,0
2481,59017,59017,59161,61961,6,1
2482,59060,59060,60832,63632,13,0
2483,59068,59068,59161,61961,6,1
2484,59073,59073,60832,63632,13,0
2485,59237,59237,60832,63632,13,0
2486,59316,59316,60961,63761,8,1
2487,59415,59415,60832,63632,13,0
2488,59527,59527,60832,63632,13,0
2489,59569,59569,60961,63761,8,1
2490,59593,59593,60961,63761,8,1
2491,59689,59689,60961,63761,8,1
2492,59741,59741,60832,63632,13,0
2493,59908,59908,60961,63761,8,1
2494,60051,60051,60961,63761,8,1
2495,60108,60108,60961,63761,8,1
2496,60143,60143,60961,63761,8,1
2497,60183,60183,60832,63632,13,0
2498,60241,60241,60832,63632,13,0
2499,60574,60574,60961,63761,8,1
2500,60597,60597,60961,63761,8,1
2501,60715,60715,60832,63632,13,0
2502,60752,60752,60832,63632,13,0
2503,60793,60793,60832,63632,13,0
2504,60876,60876,61429,64229,15,0
2505,60963,60963,61322,64122,10,1
2506,60983,60983,61429,64229,15,0
2507,61036,61036,61429,64229,15,0
2508,61111,61111,61429,64229,15,0
2509,61131,61131,61429,64229,15,0
2510,61191,61191,61322,64122,10,1
2511,61202,61202,61322,64122,10,1
2512,61203,61203,61322,64122,10,1
2513,61211,61211,61322,64122,10,1
2514,61226,61226,61322,64122,10,1
2515,61227,61227,61322,64122,10,1
2516,61232,61232,61429,64229,15,0
2517,61240,61240,61322,64122,10,1
2518,61244,61244,61429,64229,15,0
2519,61247,61247,61429,64229,15,0
2520,61251,61251,61429,64229,15,0
2521,61257,61257,61429,64229,15,0
2522,61263,61263,61429,64229,15,0
2523,61266,61266,61322,64122,10,1
2524,61267,61267,61429,64229,15,0
2525,61280,61280,61322,64122,10,1
2526,61286,61286,61429,64229,15,0
2527,61286,61286,61322,64122,10,1
2528,61290,61290,61429,64229,15,0
2529,61290,61290,61322,64122,10,1
2530,61291,61291,61322,64122,10,1
2531,61295,61295,61322,64122,10,1
2532,61296,61296,61322,64122,10,1
2533,61301,61301,61322,64122,10,1
2534,61305,61305,61322,64122,10,1
2535,61317,61317,61322,64122,10,1
2536,61319,61319,61322,64122,10,1
2537,61322,61322,61322,64122,10,1
2538,61337,61337,61562,64362,12,1
2539,61354,61354,61562,64362,12,1
2540,61358,61358,61562,64362,12,1
2541,61361,61361,61562,64362,12,1
2542,61362,61362,61562,64362,12,1
2543,61365,61365,61429,64229,15,0
2544,61378,61378,61429,64229,15,0
2545,61392,61392,61429,64229,15,0
2546,61394,61394,61562,64362,12,1
2547,61397,61397,61562,64362,12,1
2548,61398,61398,61429,64229,15,0
2549,61403,61403,61562,64362,12,1
2550,61420,61420,61429,64229,15,0
2551,61425,61425,61562,64362,12,1
2552,61429,61429,61429,64229,15,0
2553,61433,61433,61698,64498,17,0
2554,61435,61435,61698,64498,17,0
2555,61441,61441,61562,64362,12,1
2556,61443,61443,61562,64362,12,1
2557,61444,61444,61698,64498,17,0
2558,61473,61473,61698,64498,17,0
2559,61475,61475,61698,64498,17,0
2560,61475,61475,61562,64362,12,1
2561,61478,61478,61698,64498,17,0
2562,61482,61482,61562,64362,12,1
2563,61484,61484,61698,64498,17,0
2564,61484,61484,61562,64362,12,1
2565,61492,61492,61562,64362,12,1
2566,61505,61505,61698,64498,17,0
2567,61505,61505,61562,64362,12,1
2568,61509,61509,61562,64362,12,1
2569,61535,61535,61562,64362,12,1
2570,61548,61548,61562,64362,12,1
2571,61555,61555,61698,64498,17,0
2572,61556,61556,61698,64498,17,0
2573,61562,61562,61562,64362,12,1
2574,61563,61563,61698,64498,17,0
2575,61568,61568,61734,64534,14,1
2576,61588,61588,61734,64534,14,1
2577,61589,61589,61734,64534,14,1
2578,61591,61591,61734,64534,14,1
2579,61606,61606,61734,64534,14,1
2580,61608,61608,61698,64498,17,0
2581,61612,61612,61734,64534,14,1
2582,61616,61616,61734,64534,14,1
2583,61628,61628,61698,64498,17,0
2584,61630,61630,61734,64534,14,1
2585,61647,61647,61734,64534,14,1
2586,61648,61648,61734,64534,14,1
2587,61658,61658,61734,64534,14,1
2588,61660,61660,61698,64498,17,0
2589,61661,61661,61734,64534,14,1
2590,61669,61669,61698,64498,17,0
2591,61672,61672,61698,64498,17,0
2592,61673,61673,61734,64534,14,1
2593,61675,61675,61698,64498,17,0
2594,61678,61678,61698,64498,17,0
2595,61679,61679,61734,64534,14,1
2596,61681,61681,61698,64498,17,0
2597,61681,61681,61734,64534,14,1
2598,61682,61682,61734,64534,14,1
2599,61695,61695,61734,64534,14,1
2600,61698,61698,61698,64498,17,0
2601,61700,61700,61884,64684,19,0
2602,61706,61706,61884,64684,19,0
2603,61718,61718,61734,64534,14,1
2604,61720,61720,61734,64534,14,1
2605,61726,61726,61884,64684,19,0
2606,61728,61728,61884,64684,19,0
2607,61734,61734,61734,64534,14,1
2608,61737,61737,61896,64696,16,1
2609,61757,61757,61896,64696,16,1
2610,61761,61761,61884,64684,19,0
2611,61764,61764,61884,64684,19,0
2612,61767,61767,61884,64684,19,0
2613,61767,61767,61896,64696,16,1
2614,61773,61773,61896,64696,16,1
2615,61776,61776,61884,64684,19,0
2616,61779,61779,61896,64696,16,1
2617,61787,61787,61896,64696,16,1
2618,61797,61797,61884,64684,19,0
2619,61802,61802,61896,64696,16,1
2620,61805,61805,61896,64696,16,1
2621,61814,61814,61896,64696,16,1
2622,61819,61819,61896,64696,16,1
2623,61822,61822,61896,64696,16,1
2624,61823,61823,61896,64696,16,1
2625,61826,61826,61896,64696,16,1
2626,61830,61830,61884,64684,19,0
2627,61840,61840,61884,64684,19,0
2628,61843,61843,61896,64696,16,1
2629,61848,61848,61884,64684,19,0
2630,61850,61850,61896,64696,16,1
2631,61851,61851,61884,64684,19,0
2632,61853,61853,61884,64684,19,0
2633,61855,61855,61884,64684,19,0
2634,61856,61856,61896,64696,16,1
2635,61857,61857,61884,64684,19,0
2636,61858,61858,61884,64684,19,0
2637,61860,61860,61896,64696,16,1
2638,61866,61866,61896,64696,16,1
2639,61870,61870,61896,64696,16,1
2640,61874,61874,61884,64684,19,0
2641,61882,61882,61884,64684,19,0
2642,61884,61884,61884,64684,19,0
2643,61896,61896,61896,64696,16,1
2644,61903,61903,62113,64913,18,1
2645,61908,61908,62113,64913,18,1
2646,61914,61914,62122,64922,0,0
2647,61914,61914,62113,64913,18,1
2648,61918,61918,62122,64922,0,0
2649,61922,61922,62113,64913,18,1
2650,61923,61923,62122,64922,0,0
2651,61928,61928,62122,64922,0,0
2652,61934,61934,62113,64913,18,1
2653,61939,61939,62122,64922,0,0
2654,61941,61941,62113,64913,18,1
2655,61942,61942,62113,64913,18,1
2656,61949,61949,62113,64913,18,1
2657,61972,61972,62113,64913,18,1
2658,61977,61977,62122,64922,0,0
2659,61978,61978,62113,64913,18,1
2660,61987,61987,62113,64913,18,1
2661,61996,61996,62113,64913,18,1
2662,62003,62003,62122,64922,0,0
2663,62009,62009,62122,64922,0,0
2664,62013,62013,62122,64922,0,0
2665,62023,62023,62113,64913,18,1
2666,62032,62032,62122,64922,0,0
2667,62033,62033,62122,64922,0,0
2668,62052,62052,62122,64922,0,0
2669,62060,62060,62122,64922,0,0
2670,62066,62066,62122,64922,0,0
2671,62077,62077,62122,64922,0,0
2672,62083,62083,62122,64922,0,0
2673,62085,62085,62113,64913,18,1
2674,62086,62086,62113,64913,18,1
2675,62092,62092,62113,64913,18,1
2676,62093,62093,62122,64922,0,0
2677,62097,62097,62113,64913,18,1
2678,62107,62107,62113,64913,18,1
2679,62111,62111,62113,64913,18,1
2680,62112,62112,62122,64922,0,0
2681,62113,62113,62113,64913,18,1
2682,62114,62114,62122,64922,0,0
2683,62122,62122,62122,64922,0,0
2684,62127,62127,62372,65172,2,0
2685,62133,62133,62294,65094,1,1
2686,62145,62145,62372,65172,2,0
2687,62150,62150,62294,65094,1,1
2688,62155,62155,62294,65094,1,1
2689,62156,62156,62294,65094,1,1
2690,62159,62159,62294,65094,1,1
2691,62160,62160,62294,65094,1,1
2692,62162,62162,62372,65172,2,0
2693,62163,62163,62372,65172,2,0
2694,62171,62171,62372,65172,2,0
2695,62172,62172,62372,65172,2,0
2696,62184,62184,62294,65094,1,1
2697,62185,62185,62294,65094,1,1
2698,62187,62187,62372,65172,2,0
2699,62193,62193,62294,65094,1,1
2700,62198,62198,62294,65094,1,1
2701,62208,62208,62372,65172,2,0
2702,62215,62215,62294,65094,1,1
2703,62216,62216,62294,65094,1,1
2704,62228,62228,62294,65094,1,1
2705,62236,62236,62372,65172,2,0
2706,62238,62238,62372,65172,2,0
2707,62239,62239,62372,65172,2,0
2708,62242,62242,62294,65094,1,1
2709,62255,62255,62294,65094,1,1
2710,62272,62272,62294,65094,1,1
2711,62273,62273,62372,65172,2,0
2712,62280,62280,62294,65094,1,1
2713,62289,62289,62294,65094,1,1
2714,62293,62293,62294,65094,1,1
2715,62294,62294,62294,65094,1,1
2716,62296,62296,62372,65172,2,0
2717,62296,62296,62493,65293,3,1
2718,62303,62303,62372,65172,2,0
2719,62304,62304,62493,65293,3,1
2720,62313,62313,62372,65172,2,0
2721,62315,62315,62493,65293,3,1
2722,62318,62318,62493,65293,3,1
2723,62326,62326,62493,65293,3,1
2724,62335,62335,62372,65172,2,0
2725,62336,62336,62493,65293,3,1
2726,62340,62340,62493,65293,3,1
2727,62343,62343,62493,65293,3,1
2728,62345,62345,62372,65172,2,0
2729,62355,62355,62372,65172,2,0
2730,62357,62357,62372,65172,2,0
2731,62360,62360,62493,65293,3,1
2732,62362,62362,62493,65293,3,1
2733,62372,62372,62372,65172,2,0
2734,62378,62378,62647,65447,4,0
2735,62385,62385,62647,65447,4,0
2736,62390,62390,62493,65293,3,1
2737,62399,62399,62493,65293,3,1
2738,62413,62413,62647,65447,4,0
2739,62421,62421,62493,65293,3,1
2740,62428,62428,62493,65293,3,1
2741,62429,62429,62493,65293,3,1
2742,62433,62433,62493,65293,3,1
2743,62442,62442,62647,65447,4,0
2744,62453,62453,62647,65447,4,0
2745,62457,62457,62493,65293,3,1
2746,62464,62464,62647,65447,4,0
2747,62487,62487,62493,65293,3,1
2748,62489,62489,62493,65293,3,1
2749,62490,62490,62647,65447,4,0
2750,62493,62493,62493,65293,3,1
2751,62497,62497,62647,65447,4,0
2752,62497,62497,62746,65546,5,1
2753,62498,62498,62746,65546,5,1
2754,62505,62505,62746,65546,5,1
2755,62514,62514,62647,65447,4,0
2756,62519,62519,62647,65447,4,0
2757,62524,62524,62647,65447,4,0
2758,62525,62525,62746,65546,5,1
2759,62540,62540,62746,65546,5,1
2760,62545,62545,62746,65546,5,1
2761,62550,62550,62647,65447,4,0
2762,62555,62555,62647,65447,4,0
2763,62571,62571,62746,65546,5,1
2764,62580,62580,62746,65546,5,1
2765,62584,62584,62647,65447,4,0
2766,62586,62586,62746,65546,5,1
2767,62595,62595,62647,65447,4,0
2768,62595,62595,62746,65546,5,1
2769,62602,62602,62647,65447,4,0
2770,62608,62608,62746,65546,5,1
2771,62614,62614,62746,65546,5,1
2772,62616,62616,62647,65447,4,0
2773,62625,62625,62647,65447,4,0
2774,62638,62638,62746,65546,5,1
2775,62639,62639,62746,65546,5,1
2776,62643,62643,62647,65447,4,0
2777,62647,62647,62647,65447,4,0
2778,62648,62648,62746,65546,5,1
2779,62652,62652,62746,65546,5,1
2780,62671,62671,62833,65633,6,0
2781,62672,62672,62833,65633,6,0
2782,62684,62684,62746,65546,5,1
2783,62686,62686,62833,65633,6,0
2784,62692,62692,62833,65633,6,0
2785,62729,62729,62746,65546,5,1
2786,62731,62731,62833,65633,6,0
2787,62732,62732,62833,65633,6,0
2788,62736,62736,62746,65546,5,1
2789,62738,62738,62833,65633,6,0
2790,62746,62746,62746,65546,5,1
2791,62757,62757,62833,65633,6,0
2792,62758,62758,62833,65633,6,0
2793,62766,62766,62833,65633,6,0
2794,62771,62771,62974,65774,7,1
2795,62779,62779,62833,65633,6,0
2796,62793,62793,62833,65633,6,0
2797,62798,62798,62833,65633,6,0
2798,62801,62801,62833,65633,6,0
2799,62805,62805,62833,65633,6,0
2800,62808,62808,62833,65633,6,0
2801,62809,62809,62833,65633,6,0
2802,62810,62810,62974,65774,7,1
2803,62815,62815,62974,65774,7,1
2804,62825,62825,62833,65633,6,0
2805,62827,62827,62833,65633,6,0
2806,62833,62833,62833,65633,6,0
2807,62835,62835,62974,65774,7,1
2808,62836,62836,62974,65774,7,1
2809,62859,63762,63762,66562,8,0
2810,62862,62862,62974,65774,7,1
2811,62870,62870,62974,65774,7,1
2812,62872,62872,62974,65774,7,1
2813,62881,63762,63762,66562,8,0
2814,62892,63762,63762,66562,8,0
2815,62895,63762,63762,66562,8,0
2816,62896,62896,62974,65774,7,1
2817,62909,63762,63762,66562,8,0
2818,62914,62914,62974,65774,7,1
2819,62916,62916,62974,65774,7,1
2820,62917,62917,62974,65774,7,1
2821,62919,62919,62974,65774,7,1
2822,62926,62926,62974,65774,7,1
2823,62935,63762,63762,66562,8,0
2824,62938,62938,62974,65774,7,1
2825,62944,63762,63762,66562,8,0
2826,62948,62948,62974,65774,7,1
2827,62957,63762,63762,66562,8,0
2828,62958,62958,62974,65774,7,1
2829,62966,63762,63762,66562,8,0
2830,62967,62967,62974,65774,7,1
2831,62973,62973,62974,65774,7,1
2832,62974,62974,62974,65774,7,1
2833,62981,62981,63128,65928,9,1
2834,62985,62985,63128,65928,9,1
2835,62986,63762,63762,66562,8,0
2836,62986,62986,63128,65928,9,1
2837,62991,62991,63128,65928,9,1
2838,62997,62997,63128,65928,9,1
2839,63010,63010,63128,65928,9,1
2840,63011,63762,63762,66562,8,0
2841,63013,63013,63128,65928,9,1
2842,63016,63016,63128,65928,9,1
2843,63021,63762,63762,66562,8,0
2844,63037,63037,63128,65928,9,1
2845,63044,63044,63128,65928,9,1
2846,63047,63762,63762,66562,8,0
2847,63050,63762,63762,66562,8,0
2848,63051,63051,63128,65928,9,1
2849,63052,63052,63128,65928,9,1
2850,63059,63059,63128,65928,9,1
2851,63061,63061,63128,65928,9,1
2852,63066,63066,63128,65928,9,1
2853,63072,63762,63762,66562,8,0
2854,63074,63074,63128,65928,9,1
2855,63088,63762,63762,66562,8,0
2856,63093,63762,63762,66562,8,0
2857,63099,63099,63128,65928,9,1
2858,63104,63762,63762,66562,8,0
2859,63109,63762,63762,66562,8,0
2860,63111,63762,63762,66562,8,0
2861,63121,63121,63128,65928,9,1
2862,63122,63122,63128,65928,9,1
2863,63126,64123,64123,66923,10,0
2864,63128,63128,63128,65928,9,1
2865,63132,63132,63446,66246,11,1
2866,63134,64123,64123,66923,10,0
2867,63135,64123,64123,66923,10,0
2868,63141,64123,64123,66923,10,0
2869,63144,64123,64123,66923,10,0
2870,63158,64123,64123,66923,10,0
2871,63161,64123,64123,66923,10,0
2872,63161,63161,63446,66246,11,1
2873,63163,63163,63446,66246,11,1
2874,63165,64123,64123,66923,10,0
2875,63175,64123,64123,66923,10,0
2876,63190,64123,64123,66923,10,0
2877,63196,63196,63446,66246,11,1
2878,63203,63203,63446,66246,11,1
2879,63207,64123,64123,66923,10,0
2880,63212,63212,63446,66246,11,1
2881,63218,63218,63446,66246,11,1
2882,63221,64123,64123,66923,10,0
2883,63232,63232,63446,66246,11,1
2884,63234,64123,64123,66923,10,0
2885,63238,63238,63446,66246,11,1
2886,63251,64123,64123,66923,10,0
2887,63255,64123,64123,66923,10,0
2888,63260,64123,64123,66923,10,0
2889,63287,64123,64123,66923,10,0
2890,63302,64123,64123,66923,10,0
2891,63302,63302,63446,66246,11,1
2892,63308,64123,64123,66923,10,0
2893,63311,64123,64123,66923,10,0
2894,63312,64363,64363,67163,12,0
2895,63315,63315,63446,66246,11,1
2896,63326,63326,63446,66246,11,1
2897,63329,64363,64363,67163,12,0
2898,63339,63339,63446,66246,11,1
2899,63346,64363,64363,67163,12,0
2900,63356,64363,64363,67163,12,0
2901,63358,63358,63446,66246,11,1
2902,63382,64363,64363,67163,12,0
2903,63384,63384,63446,66246,11,1
2904,63402,63402,63446,66246,11,1
2905,63409,64363,64363,67163,12,0
2906,63413,63413,63446,66246,11,1
2907,63414,64363,64363,67163,12,0
2908,63417,64363,64363,67163,12,0
2909,63418,64363,64363,67163,12,0
2910,63419,64363,64363,67163,12,0
2911,63423,63423,63446,66246,11,1
2912,63424,64363,64363,67163,12,0
2913,63440,64363,64363,67163,12,0
2914,63444,63444,63446,66246,11,1
2915,63446,63446,63446,66246,11,1
2916,63452,63633,63655,66455,13,1
2917,63453,64363,64363,67163,12,0
2918,63455,63633,63655,66455,13,1
2919,63488,64363,64363,67163,12,0
2920,63494,64363,64363,67163,12,0
2921,63510,63633,63655,66455,13,1
2922,63511,63633,63655,66455,13,1
2923,63513,63633,63655,66455,13,1
2924,63518,63633,63655,66455,13,1
2925,63523,64363,64363,67163,12,0
2926,63532,63633,63655,66455,13,1
2927,63539,64363,64363,67163,12,0
2928,63540,64363,64363,67163,12,0
2929,63559,64363,64363,67163,12,0
2930,63559,63633,63655,66455,13,1
2931,63572,64363,64363,67163,12,0
2932,63574,63633,63655,66455,13,1
2933,63586,63633,63655,66455,13,1
2934,63588,64535,64535,67335,14,0
2935,63588,63633,63655,66455,13,1
2936,63604,64535,64535,67335,14,0
2937,63611,64535,64535,67335,14,0
2938,63615,63633,63655,66455,13,1
2939,63619,63633,63655,66455,13,1
2940,63623,63633,63655,66455,13,1
2941,63628,63633,63655,66455,13,1
2942,63636,63636,63655,66455,13,1
2943,63637,63637,63655,66455,13,1
2944,63641,64535,64535,67335,14,0
2945,63642,64535,64535,67335,14,0
2946,63644,64535,64535,67335,14,0
2947,63651,63651,63655,66455,13,1
2948,63652,63652,63655,66455,13,1
2949,63655,63655,63655,66455,13,1
2950,63669,64535,64535,67335,14,0
2951,63670,64535,64535,67335,14,0
2952,63671,64535,64535,67335,14,0
2953,63673,64535,64535,67335,14,0
2954,63686,64535,64535,67335,14,0
2955,63687,64230,64230,67030,15,1
2956,63705,64230,64230,67030,15,1
2957,63709,64230,64230,67030,15,1
2958,63710,64230,64230,67030,15,1
2959,63711,64535,64535,67335,14,0
2960,63714,64230,64230,67030,15,1
2961,63722,64535,64535,67335,14,0
2962,63723,64535,64535,67335,14,0
2963,63724,64230,64230,67030,15,1
2964,63732,64230,64230,67030,15,1
2965,63735,64535,64535,67335,14,0
2966,63735,64230,64230,67030,15,1
2967,63736,64230,64230,67030,15,1
2968,63738,64535,64535,67335,14,0
2969,63740,64230,64230,67030,15,1
2970,63743,64230,64230,67030,15,1
2971,63745,64535,64535,67335,14,0
2972,63752,64230,64230,67030,15,1
2973,63765,64230,64230,67030,15,1
2974,63785,64535,64535,67335,14,0
2975,63789,64535,64535,67335,14,0
2976,63796,64230,64230,67030,15,1
2977,63800,64535,64535,67335,14,0
2978,63807,64697,64697,67497,16,0
2979,63808,64697,64697,67497,16,0
2980,63814,64697,64697,67497,16,0
2981,63815,64697,64697,67497,16,0
2982,63817,64230,64230,67030,15,1
2983,63827,64230,64230,67030,15,1
2984,63828,64697,64697,67497,16,0
2985,63831,64697,64697,67497,16,0
2986,63835,64697,64697,67497,16,0
2987,63838,64230,64230,67030,15,1
2988,63842,64697,64697,67497,16,0
2989,63845,64697,64697,67497,16,0
2990,63854,64697,64697,67497,16,0
2991,63863,64230,64230,67030,15,1
2992,63866,64697,64697,67497,16,0
2993,63869,64697,64697,67497,16,0
2994,63874,64230,64230,67030,15,1
2995,63875,64230,64230,67030,15,1
2996,63880,64697,64697,67497,16,0
2997,63894,64499,64499,67299,17,1
2998,63895,64499,64499,67299,17,1
2999,63900,64697,64697,67497,16,0
3000,63911,64499,64499,67299,17,1
3001,63912,64697,64697,67497,16,0
3002,63913,64499,64499,67299,17,1
3003,63915,64697,64697,67497,16,0
3004,63919,64697,64697,67497,16,0
3005,63919,64499,64499,67299,17,1
3006,63925,64499,64499,67299,17,1
3007,63926,64697,64697,67497,16,0
3008,63926,64499,64499,67299,17,1
3009,63927,64697,64697,67497,16,0
3010,63928,64697,64697,67497,16,0
3011,63929,64499,64499,67299,17,1
3012,63931,64914,64914,67714,18,0
3013,63940,64499,64499,67299,17,1
3014,63944,64499,64499,67299,17,1
3015,63951,64499,64499,67299,17,1
3016,63963,64499,64499,67299,17,1
3017,63964,64499,64499,67299,17,1
3018,63965,64499,64499,67299,17,1
3019,63968,64914,64914,67714,18,0
3020,63971,64499,64499,67299,17,1
3021,63972,64914,64914,67714,18,0
3022,63974,64914,64914,67714,18,0
3023,64004,64499,64499,67299,17,1
3024,64008,64914,64914,67714,18,0
3025,64017,64914,64914,67714,18,0
3026,64018,64914,64914,67714,18,0
3027,64035,64914,64914,67714,18,0
3028,64036,64499,64499,67299,17,1
3029,64037,64499,64499,67299,17,1
3030,64038,64499,64499,67299,17,1
3031,64053,64914,64914,67714,18,0
3032,64057,64499,64499,67299,17,1
3033,64058,64685,64685,67485,19,1
3034,64060,64685,64685,67485,19,1
3035,64066,64914,64914,67714,18,0
3036,64076,64685,64685,67485,19,1
3037,64080,64685,64685,67485,19,1
3038,64081,64685,64685,67485,19,1
3039,64083,64685,64685,67485,19,1
3040,64091,64685,64685,67485,19,1
3041,64093,64685,64685,67485,19,1
3042,64094,64685,64685,67485,19,1
3043,64096,64914,64914,67714,18,0
3044,64097,64914,64914,67714,18,0
3045,64125,64914,64914,67714,18,0
3046,64125,64685,64685,67485,19,1
3047,64127,64685,64685,67485,19,1
3048,64130,64914,64914,67714,18,0
3049,64131,64685,64685,67485,19,1
3050,64132,64914,64914,67714,18,0
3051,64135,64685,64685,67485,19,1
3052,64137,64914,64914,67714,18,0
3053,64141,64914,64914,67714,18,0
3054,64157,64914,64914,67714,18,0
3055,64159,64685,64685,67485,19,1
3056,64160,64685,64685,67485,19,1
3057,64166,64914,64914,67714,18,0
3058,64169,64914,64914,67714,18,0
3059,64170,65095,65095,67895,1,0
3060,64175,65095,65095,67895,1,0
3061,64190,64685,64685,67485,19,1
3062,64201,65095,65095,67895,1,0
3063,64202,65095,65095,67895,1,0
3064,64203,65095,65095,67895,1,0
3065,64205,65095,65095,67895,1,0
3066,64206,64685,64685,67485,19,1
3067,64208,64685,64685,67485,19,1
3068,64209,65095,65095,67895,1,0
3069,64212,65095,65095,67895,1,0
3070,64214,65095,65095,67895,1,0
3071,64221,64685,64685,67485,19,1
3072,64222,65095,65095,67895,1,0
3073,64231,64685,64685,67485,19,1
3074,64233,65095,65095,67895,1,0
3075,64240,64923,64923,67723,0,1
3076,64244,64923,64923,67723,0,1
3077,64245,65095,65095,67895,1,0
3078,64248,65095,65095,67895,1,0
3079,64252,64923,64923,67723,0,1
3080,64269,64923,64923,67723,0,1
3081,64274,65095,65095,67895,1,0
3082,64282,65095,65095,67895,1,0
3083,64289,65095,65095,67895,1,0
3084,64317,64923,64923,67723,0,1
3085,64331,64923,64923,67723,0,1
3086,64338,64923,64923,67723,0,1
3087,64341,65095,65095,67895,1,0
3088,64348,64923,64923,67723,0,1
3089,64351,65095,65095,67895,1,0
3090,64354,65095,65095,67895,1,0
3091,64365,65095,65095,67895,1,0
3092,64365,64923,64923,67723,0,1
3093,64370,64923,64923,67723,0,1
3094,64371,65294,65294,68094,3,0
3095,64374,64923,64923,67723,0,1
3096,64384,64923,64923,67723,0,1
3097,64386,65294,65294,68094,3,0
3098,64396,64923,64923,67723,0,1
3099,64398,64923,64923,67723,0,1
3100,64402,65294,65294,68094,3,0
3101,64403,65294,65294,68094,3,0
3102,64423,65294,65294,68094,3,0
3103,64426,64923,64923,67723,0,1
3104,64435,64923,64923,67723,0,1
3105,64444,64923,64923,67723,0,1
3106,64453,65294,65294,68094,3,0
3107,64454,64923,64923,67723,0,1
3108,64464,64923,64923,67723,0,1
3109,64472,65294,65294,68094,3,0
3110,64472,64923,64923,67723,0,1
3111,64475,65173,65173,67973,2,1
3112,64476,65173,65173,67973,2,1
3113,64482,65173,65173,67973,2,1
3114,64489,65294,65294,68094,3,0
3115,64489,65173,65173,67973,2,1
3116,64492,65173,65173,67973,2,1
3117,64493,65294,65294,68094,3,0
3118,64505,65173,65173,67973,2,1
3119,64508,65294,65294,68094,3,0
3120,64538,65294,65294,68094,3,0
3121,64556,65294,65294,68094,3,0
3122,64558,65294,65294,68094,3,0
3123,64565,65173,65173,67973,2,1
3124,64568,65173,65173,67973,2,1
3125,64594,65294,65294,68094,3,0
3126,64595,65173,65173,67973,2,1
3127,64596,65294,65294,68094,3,0
3128,64600,65294,65294,68094,3,0
3129,64602,65294,65294,68094,3,0
3130,64605,65173,65173,67973,2,1
3131,64609,65173,65173,67973,2,1
3132,64618,65173,65173,67973,2,1
3133,64629,65294,65294,68094,3,0
3134,64632,65173,65173,67973,2,1
3135,64637,65294,65294,68094,3,0
3136,64640,65173,65173,67973,2,1
3137,64641,65294,65294,68094,3,0
3138,64649,65173,65173,67973,2,1
3139,64667,65547,65547,68347,5,0
3140,64668,65173,65173,67973,2,1
3141,64670,65547,65547,68347,5,0
3142,64671,65173,65173,67973,2,1
3143,64672,65547,65547,68347,5,0
3144,64673,65173,65173,67973,2,1
3145,64678,65173,65173,67973,2,1
3146,64684,65173,65173,67973,2,1
3147,64686,65448,65448,68248,4,1
3148,64687,65448,65448,68248,4,1
3149,64693,65448,65448,68248,4,1
3150,64699,65448,65448,68248,4,1
3151,64709,65547,65547,68347,5,0
3152,64716,65448,65448,68248,4,1
3153,64718,65547,65547,68347,5,0
3154,64721,65547,65547,68347,5,0
3155,64724,65547,65547,68347,5,0
3156,64724,65448,65448,68248,4,1
3157,64728,65448,65448,68248,4,1
3158,64734,65448,65448,68248,4,1
3159,64754,65448,65448,68248,4,1
3160,64761,65448,65448,68248,4,1
3161,64767,65448,65448,68248,4,1
3162,64782,65448,65448,68248,4,1
3163,64788,65448,65448,68248,4,1
3164,64820,65547,65547,68347,5,0
3165,64824,65448,65448,68248,4,1
3166,64826,65448,65448,68248,4,1
3167,64829,65547,65547,68347,5,0
3168,64833,65448,65448,68248,4,1
3169,64843,65448,65448,68248,4,1
3170,64849,65448,65448,68248,4,1
3171,64863,65547,65547,68347,5,0
3172,64869,65448,65448,68248,4,1
3173,64892,65448,65448,68248,4,1
3174,64893,65547,65547,68347,5,0
3175,64896,65547,65547,68347,5,0
3176,64903,65547,65547,68347,5,0
3177,64913,65547,65547,68347,5,0
3178,64918,65547,65547,68347,5,0
3179,64928,65634,65634,68434,6,1
3180,64933,65547,65547,68347,5,0
3181,64940,65547,65547,68347,5,0
3182,64949,65547,65547,68347,5,0
3183,64950,65634,65634,68434,6,1
3184,64957,65634,65634,68434,6,1
3185,64958,65547,65547,68347,5,0
3186,64960,65634,65634,68434,6,1
3187,64970,65547,65547,68347,5,0
3188,64971,65634,65634,68434,6,1
3189,64974,65634,65634,68434,6,1
3190,64976,65634,65634,68434,6,1
3191,64981,65775,65775,68575,7,0
3192,64982,65634,65634,68434,6,1
3193,64988,65634,65634,68434,6,1
3194,64993,65634,65634,68434,6,1
3195,65004,65634,65634,68434,6,1
3196,65005,65634,65634,68434,6,1
3197,65009,65634,65634,68434,6,1
3198,65016,65775,65775,68575,7,0
3199,65017,65634,65634,68434,6,1
3200,65023,65634,65634,68434,6,1
3201,65030,65775,65775,68575,7,0
3202,65031,65775,65775,68575,7,0
3203,65032,65634,65634,68434,6,1
3204,65039,65634,65634,68434,6,1
3205,65047,65775,65775,68575,7,0
3206,65051,65634,65634,68434,6,1
3207,65065,65634,65634,68434,6,1
3208,65074,65634,65634,68434,6,1
3209,65075,66563,66563,69363,8,1
3210,65078,65775,65775,68575,7,0
3211,65083,66563,66563,69363,8,1
3212,65097,66563,66563,69363,8,1
3213,65101,65775,65775,68575,7,0
3214,65112,65775,65775,68575,7,0
3215,65119,66563,66563,69363,8,1
3216,65147,66563,66563,69363,8,1
3217,65156,65775,65775,68575,7,0
3218,65160,65775,65775,68575,7,0
3219,65163,66563,66563,69363,8,1
3220,65173,66563,66563,69363,8,1
3221,65189,66563,66563,69363,8,1
3222,65191,66563,66563,69363,8,1
3223,65192,66563,66563,69363,8,1
3224,65198,65775,65775,68575,7,0
3225,65199,65775,65775,68575,7,0
3226,65207,66563,66563,69363,8,1
3227,65217,66563,66563,69363,8,1
3228,65229,65775,65775,68575,7,0
3229,65235,65775,65775,68575,7,0
3230,65238,65775,65775,68575,7,0
3231,65240,65775,65775,68575,7,0
3232,65248,66563,66563,69363,8,1
3233,65252,66563,66563,69363,8,1
3234,65267,65775,65775,68575,7,0
3235,65269,66563,66563,69363,8,1
3236,65271,65775,65775,68575,7,0
3237,65296,66563,66563,69363,8,1
3238,65305,65775,65775,68575,7,0
3239,65309,65775,65775,68575,7,0
3240,65310,65929,65929,68729,9,0
3241,65320,65929,65929,68729,9,0
3242,65324,66563,66563,69363,8,1
3243,65327,65929,65929,68729,9,0
3244,65330,66563,66563,69363,8,1
3245,65345,66563,66563,69363,8,1
3246,65346,65929,65929,68729,9,0
3247,65351,66563,66563,69363,8,1
3248,65352,66924,66924,69724,10,1
3249,65356,66924,66924,69724,10,1
3250,65373,66924,66924,69724,10,1
3251,65375,66924,66924,69724,10,1
3252,65377,65929,65929,68729,9,0
3253,65388,66924,66924,69724,10,1
3254,65389,65929,65929,68729,9,0
3255,65393,65929,65929,68729,9,0
3256,65410,65929,65929,68729,9,0
3257,65410,66924,66924,69724,10,1
3258,65414,65929,65929,68729,9,0
3259,65414,66924,66924,69724,10,1
3260,65421,66924,66924,69724,10,1
3261,65423,65929,65929,68729,9,0
3262,65425,66924,66924,69724,10,1
3263,65430,66924,66924,69724,10,1
3264,65435,65929,65929,68729,9,0
3265,65437,66924,66924,69724,10,1
3266,65441,65929,65929,68729,9,0
3267,65448,65929,65929,68729,9,0
3268,65458,66924,66924,69724,10,1
3269,65466,66924,66924,69724,10,1
3270,65468,66924,66924,69724,10,1
3271,65470,66924,66924,69724,10,1
3272,65485,66924,66924,69724,10,1
3273,65493,66924,66924,69724,10,1
3274,65494,65929,65929,68729,9,0
3275,65496,66924,66924,69724,10,1
3276,65499,65929,65929,68729,9,0
3277,65502,66924,66924,69724,10,1
3278,65503,66924,66924,69724,10,1
3279,65519,67164,67164,69964,12,1
3280,65521,65929,65929,68729,9,0
3281,65530,67164,67164,69964,12,1
3282,65539,67164,67164,69964,12,1
3283,65549,65929,65929,68729,9,0
3284,65559,67164,67164,69964,12,1
3285,65564,67164,67164,69964,12,1
3286,65565,67164,67164,69964,12,1
3287,65566,67164,67164,69964,12,1
3288,65568,65929,65929,68729,9,0
3289,65575,65929,65929,68729,9,0
3290,65575,67164,67164,69964,12,1
3291,65579,67164,67164,69964,12,1
3292,65583,67164,67164,69964,12,1
3293,65606,65929,65929,68729,9,0
3294,65611,67164,67164,69964,12,1
3295,65625,67164,67164,69964,12,1
3296,65632,67164,67164,69964,12,1
3297,65636,67164,67164,69964,12,1
3298,65640,67164,67164,69964,12,1
3299,65641,66247,66247,69047,11,0
3300,65642,67164,67164,69964,12,1
3301,65657,66247,66247,69047,11,0
3302,65664,67164,67164,69964,12,1
3303,65665,66247,66247,69047,11,0
3304,65671,66247,66247,69047,11,0
3305,65672,67164,67164,69964,12,1
3306,65684,67164,67164,69964,12,1
3307,65692,67164,67164,69964,12,1
3308,65693,66247,66247,69047,11,0
3309,65707,66247,66247,69047,11,0
3310,65723,66247,66247,69047,11,0
3311,65732,66247,66247,69047,11,0
3312,65736,66247,66247,69047,11,0
3313,65737,67336,67336,70136,14,1
3314,65749,67336,67336,70136,14,1
3315,65770,66247,66247,69047,11,0
3316,65770,67336,67336,70136,14,1
3317,65782,67336,67336,70136,14,1
3318,65798,66247,66247,69047,11,0
3319,65799,66247,66247,69047,11,0
3320,65801,67336,67336,70136,14,1
3321,65802,67336,67336,70136,14,1
3322,65810,66247,66247,69047,11,0
3323,65814,67336,67336,70136,14,1
3324,65821,66247,66247,69047,11,0
3325,65825,66247,66247,69047,11,0
3326,65829,66247,66247,69047,11,0
3327,65835,67336,67336,70136,14,1
3328,65839,66247,66247,69047,11,0
3329,65849,66247,66247,69047,11,0
3330,65851,67336,67336,70136,14,1
3331,65856,66247,66247,69047,11,0
3332,65857,67336,67336,70136,14,1
3333,65858,66247,66247,69047,11,0
3334,65871,67336,67336,70136,14,1
3335,65873,66456,66456,69256,13,0
3336,65893,66456,66456,69256,13,0
3337,65895,67336,67336,70136,14,1
3338,65906,66456,66456,69256,13,0
3339,65908,67336,67336,70136,14,1
3340,65912,67336,67336,70136,14,1
3341,65914,67336,67336,70136,14,1
3342,65922,66456,66456,69256,13,0
3343,65940,67336,67336,70136,14,1
3344,65942,67336,67336,70136,14,1
3345,65947,66456,66456,69256,13,0
3346,65953,67336,67336,70136,14,1
3347,65955,67336,67336,70136,14,1
3348,65957,67336,67336,70136,14,1
3349,65971,67498,67498,70298,16,1
3350,65973,66456,66456,69256,13,0
3351,65978,67498,67498,70298,16,1
3352,65981,67498,67498,70298,16,1
3353,65983,66456,66456,69256,13,0
3354,66002,66456,66456,69256,13,0
3355,66006,66456,66456,69256,13,0
3356,66021,67498,67498,70298,16,1
3357,66024,66456,66456,69256,13,0
3358,66030,67498,67498,70298,16,1
3359,66033,66456,66456,69256,13,0
3360,66040,66456,66456,69256,13,0
3361,66046,66456,66456,69256,13,0
3362,66057,66456,66456,69256,13,0
3363,66061,67498,67498,70298,16,1
3364,66069,66456,66456,69256,13,0
3365,66088,66456,66456,69256,13,0
3366,66105,66456,66456,69256,13,0
3367,66107,66456,66456,69256,13,0
3368,66113,67498,67498,70298,16,1
3369,66117,67498,67498,70298,16,1
3370,66134,66456,66456,69256,13,0
3371,66140,67498,67498,70298,16,1
3372,66153,67498,67498,70298,16,1
3373,66159,66456,66456,69256,13,0
3374,66160,67498,67498,70298,16,1
3375,66165,67031,67031,69831,15,0
3376,66171,67498,67498,70298,16,1
3377,66172,67031,67031,69831,15,0
3378,66173,67498,67498,70298,16,1
3379,66174,67498,67498,70298,16,1
3380,66176,67498,67498,70298,16,1
3381,66184,67031,67031,69831,15,0
3382,66185,67031,67031,69831,15,0
3383,66186,67498,67498,70298,16,1
3384,66193,67498,67498,70298,16,1
3385,66209,67498,67498,70298,16,1
3386,66230,67031,67031,69831,15,0
3387,66236,67498,67498,70298,16,1
3388,66242,67031,67031,69831,15,0
3389,66244,67031,67031,69831,15,0
3390,66254,67031,67031,69831,15,0
3391,66258,67031,67031,69831,15,0
3392,66266,67498,67498,70298,16,1
3393,66272,67031,67031,69831,15,0
3394,66274,67031,67031,69831,15,0
3395,66276,67031,67031,69831,15,0
3396,66282,67031,67031,69831,15,0
3397,66288,67031,67031,69831,15,0
3398,66290,67031,67031,69831,15,0
3399,66290,67715,67715,70515,18,1
3400,66293,67715,67715,70515,18,1
3401,66294,67031,67031,69831,15,0
3402,66299,67715,67715,70515,18,1
3403,66302,67715,67715,70515,18,1
3404,66308,67715,67715,70515,18,1
3405,66312,67031,67031,69831,15,0
3406,66314,67715,67715,70515,18,1
3407,66319,67031,67031,69831,15,0
3408,66319,67715,67715,70515,18,1
3409,66326,67031,67031,69831,15,0
3410,66336,67031,67031,69831,15,0
3411,66342,67715,67715,70515,18,1
3412,66347,67715,67715,70515,18,1
3413,66350,67300,67300,70100,17,0
3414,66350,67715,67715,70515,18,1
3415,66352,67715,67715,70515,18,1
3416,66354,67300,67300,70100,17,0
3417,66359,67715,67715,70515,18,1
3418,66361,67715,67715,70515,18,1
3419,66364,67715,67715,70515,18,1
3420,66377,67715,67715,70515,18,1
3421,66385,67715,67715,70515,18,1
3422,66386,67715,67715,70515,18,1
3423,66391,67300,67300,70100,17,0
3424,66395,67300,67300,70100,17,0
3425,66397,67300,67300,70100,17,0
3426,66401,67715,67715,70515,18,1
3427,66406,67300,67300,70100,17,0
3428,66428,67300,67300,70100,17,0
3429,66431,67300,67300,70100,17,0
3430,66435,67715,67715,70515,18,1
3431,66441,67715,67715,70515,18,1
3432,66454,67300,67300,70100,17,0
3433,66457,67896,67896,70696,1,1
3434,66465,67896,67896,70696,1,1
3435,66474,67300,67300,70100,17,0
3436,66475,67300,67300,70100,17,0
3437,66482,67896,67896,70696,1,1
3438,66502,67896,67896,70696,1,1
3439,66550,67300,67300,70100,17,0
3440,66555,67300,67300,70100,17,0
3441,66555,67896,67896,70696,1,1
3442,66572,67896,67896,70696,1,1
3443,66589,67896,67896,70696,1,1
3444,66595,67300,67300,70100,17,0
3445,66597,67896,67896,70696,1,1
3446,66612,67300,67300,70100,17,0
3447,66613,67300,67300,70100,17,0
3448,66613,67896,67896,70696,1,1
3449,66617,67300,67300,70100,17,0
3450,66618,67300,67300,70100,17,0
3451,66627,67300,67300,70100,17,0
3452,66630,67300,67300,70100,17,0
3453,66631,67896,67896,70696,1,1
3454,66645,67486,67486,70286,19,0
3455,66648,67486,67486,70286,19,0
3456,66655,67896,67896,70696,1,1
3457,66658,67486,67486,70286,19,0
3458,66667,67896,67896,70696,1,1
3459,66670,67896,67896,70696,1,1
3460,66680,67896,67896,70696,1,1
3461,66686,67486,67486,70286,19,0
3462,66687,67896,67896,70696,1,1
3463,66689,67486,67486,70286,19,0
3464,66696,67486,67486,70286,19,0
3465,66703,67896,67896,70696,1,1
3466,66713,67896,67896,70696,1,1
3467,66715,67896,67896,70696,1,1
3468,66724,67896,67896,70696,1,1
3469,66741,67486,67486,70286,19,0
3470,66752,67896,67896,70696,1,1
3471,66764,68095,68095,70895,3,1
3472,66783,68095,68095,70895,3,1
3473,66784,68095,68095,70895,3,1
3474,66790,67486,67486,70286,19,0
3475,66795,68095,68095,70895,3,1
3476,66796,68095,68095,70895,3,1
3477,66799,67486,67486,70286,19,0
3478,66809,68095,68095,70895,3,1
3479,66814,68095,68095,70895,3,1
3480,66819,68095,68095,70895,3,1
3481,66822,67486,67486,70286,19,0
3482,66825,68095,68095,70895,3,1
3483,66826,68095,68095,70895,3,1
3484,66831,68095,68095,70895,3,1
3485,66840,68095,68095,70895,3,1
3486,66854,67486,67486,70286,19,0
3487,66858,67486,67486,70286,19,0
3488,66862,68095,68095,70895,3,1
3489,66867,68095,68095,70895,3,1
3490,66898,68095,68095,70895,3,1
3491,66909,67486,67486,70286,19,0
3492,66913,68095,68095,70895,3,1
3493,66918,68095,68095,70895,3,1
3494,66929,67486,67486,70286,19,0
3495,66931,67486,67486,70286,19,0
3496,66933,68095,68095,70895,3,1
3497,66936,68095,68095,70895,3,1
3498,66939,67486,67486,70286,19,0
3499,66943,68095,68095,70895,3,1
3500,66948,67486,67486,70286,19,0
3501,66957,67486,67486,70286,19,0
3502,66960,68348,68348,71148,5,1
3503,66964,67486,67486,70286,19,0
3504,66965,67486,67486,70286,19,0
3505,66968,68348,68348,71148,5,1
3506,66972,67724,67724,70524,0,0
3507,66982,68348,68348,71148,5,1
3508,66983,67724,67724,70524,0,0
3509,66984,68348,68348,71148,5,1
3510,66986,68348,68348,71148,5,1
3511,67003,68348,68348,71148,5,1
3512,67021,68348,68348,71148,5,1
3513,67022,67724,67724,70524,0,0
3514,67026,68348,68348,71148,5,1
3515,67037,68348,68348,71148,5,1
3516,67039,67724,67724,70524,0,0
3517,67054,67724,67724,70524,0,0
3518,67055,68348,68348,71148,5,1
3519,67058,67724,67724,70524,0,0
3520,67060,68348,68348,71148,5,1
3521,67061,68348,68348,71148,5,1
3522,67066,67724,67724,70524,0,0
3523,67068,68348,68348,71148,5,1
3524,67070,67724,67724,70524,0,0
3525,67087,68348,68348,71148,5,1
3526,67094,68348,68348,71148,5,1
3527,67109,68348,68348,71148,5,1
3528,67112,67724,67724,70524,0,0
3529,67115,68348,68348,71148,5,1
3530,67127,68348,68348,71148,5,1
3531,67128,67724,67724,70524,0,0
3532,67141,68348,68348,71148,5,1
3533,67143,67724,67724,70524,0,0
3534,67149,68348,68348,71148,5,1
3535,67159,68576,68576,71376,7,1
3536,67162,68576,68576,71376,7,1
3537,67168,68576,68576,71376,7,1
3538,67175,68576,68576,71376,7,1
3539,67177,67724,67724,70524,0,0
3540,67178,67724,67724,70524,0,0
3541,67182,67724,67724,70524,0,0
3542,67187,68576,68576,71376,7,1
3543,67194,68576,68576,71376,7,1
3544,67196,68576,68576,71376,7,1
3545,67198,67724,67724,70524,0,0
3546,67204,68576,68576,71376,7,1
3547,67205,67724,67724,70524,0,0
3548,67206,68576,68576,71376,7,1
3549,67222,67724,67724,70524,0,0
3550,67223,68576,68576,71376,7,1
3551,67237,67724,67724,70524,0,0
3552,67250,67724,67724,70524,0,0
3553,67251,68576,68576,71376,7,1
3554,67253,67724,67724,70524,0,0
3555,67263,68576,68576,71376,7,1
3556,67275,67974,67974,70774,2,0
3557,67287,68576,68576,71376,7,1
3558,67298,67974,67974,70774,2,0
3559,67308,68576,68576,71376,7,1
3560,67329,67974,67974,70774,2,0
3561,67332,68576,68576,71376,7,1
3562,67338,68576,68576,71376,7,1
3563,67343,67974,67974,70774,2,0
3564,67353,68576,68576,71376,7,1
3565,67355,67974,67974,70774,2,0
3566,67357,68576,68576,71376,7,1
3567,67362,67974,67974,70774,2,0
3568,67372,68576,68576,71376,7,1
3569,67391,67974,67974,70774,2,0
3570,67404,68576,68576,71376,7,1
3571,67407,67974,67974,70774,2,0
3572,67411,67974,67974,70774,2,0
3573,67417,68730,68730,71530,9,1
3574,67426,68730,68730,71530,9,1
3575,67430,67974,67974,70774,2,0
3576,67431,68730,68730,71530,9,1
3577,67434,68730,68730,71530,9,1
3578,67436,67974,67974,70774,2,0
3579,67438,68730,68730,71530,9,1
3580,67442,68730,68730,71530,9,1
3581,67446,67974,67974,70774,2,0
3582,67447,67974,67974,70774,2,0
3583,67448,67974,67974,70774,2,0
3584,67449,68730,68730,71530,9,1
3585,67452,67974,67974,70774,2,0
3586,67469,68730,68730,71530,9,1
3587,67470,67974,67974,70774,2,0
3588,67487,67974,67974,70774,2,0
3589,67487,68730,68730,71530,9,1
3590,67497,67974,67974,70774,2,0
3591,67500,67974,67974,70774,2,0
3592,67512,68730,68730,71530,9,1
3593,67523,68730,68730,71530,9,1
3594,67531,67974,67974,70774,2,0
3595,67552,68730,68730,71530,9,1
3596,67557,68730,68730,71530,9,1
3597,67559,68730,68730,71530,9,1
3598,67568,68730,68730,71530,9,1
3599,67571,68249,68249,71049,4,0
3600,67573,68730,68730,71530,9,1
3601,67578,68249,68249,71049,4,0
3602,67583,68730,68730,71530,9,1
3603,67586,68249,68249,71049,4,0
3604,67587,68730,68730,71530,9,1
3605,67590,68249,68249,71049,4,0
3606,67593,68730,68730,71530,9,1
3607,67598,68249,68249,71049,4,0
3608,67604,68249,68249,71049,4,0
3609,67606,68730,68730,71530,9,1
3610,67609,69048,69048,71848,11,1
3611,67611,69048,69048,71848,11,1
3612,67613,69048,69048,71848,11,1
3613,67620,68249,68249,71049,4,0
3614,67624,69048,69048,71848,11,1
3615,67627,69048,69048,71848,11,1
3616,67634,68249,68249,71049,4,0
3617,67638,68249,68249,71049,4,0
3618,67647,69048,69048,71848,11,1
3619,67657,68249,68249,71049,4,0
3620,67661,69048,69048,71848,11,1
3621,67668,68249,68249,71049,4,0
3622,67670,69048,69048,71848,11,1
3623,67686,69048,69048,71848,11,1
3624,67708,69048,69048,71848,11,1
3625,67710,68249,68249,71049,4,0
3626,67718,68249,68249,71049,4,0
3627,67719,68249,68249,71049,4,0
3628,67720,69048,69048,71848,11,1
3629,67742,69048,69048,71848,11,1
3630,67746,68249,68249,71049,4,0
3631,67747,68249,68249,71049,4,0
3632,67760,69048,69048,71848,11,1
3633,67761,68249,68249,71049,4,0
3634,67761,69048,69048,71848,11,1
3635,67764,69048,69048,71848,11,1
3636,67771,68249,68249,71049,4,0
3637,67775,68249,68249,71049,4,0
3638,67779,69048,69048,71848,11,1
3639,67785,69048,69048,71848,11,1
3640,67790,69048,69048,71848,11,1
3641,67798,68249,68249,71049,4,0
3642,67806,68435,68435,71235,6,0
3643,67808,68435,68435,71235,6,0
3644,67810,69048,69048,71848,11,1
3645,67812,69048,69048,71848,11,1
3646,67813,68435,68435,71235,6,0
3647,67819,68435,68435,71235,6,0
3648,67819,69257,69257,72019,13,1
3649,67830,68435,68435,71235,6,0
3650,67830,69257,69257,72019,13,1
3651,67832,68435,68435,71235,6,0
3652,67842,69257,69257,72019,13,1
3653,67845,69257,69257,72019,13,1
3654,67846,68435,68435,71235,6,0
3655,67850,69257,69257,72019,13,1
3656,67852,68435,68435,71235,6,0
3657,67853,69257,69257,72019,13,1
3658,67856,69257,69257,72019,13,1
3659,67858,69257,69257,72019,13,1
3660,67860,68435,68435,71235,6,0
3661,67862,69257,69257,72019,13,1
3662,67868,68435,68435,71235,6,0
3663,67869,69257,69257,72019,13,1
3664,67884,69257,69257,72019,13,1
3665,67888,68435,68435,71235,6,0
3666,67889,69257,69257,72019,13,1
3667,67900,68435,68435,71235,6,0
3668,67905,68435,68435,71235,6,0
3669,67907,68435,68435,71235,6,0
3670,67924,69257,69257,72019,13,1
3671,67927,68435,68435,71235,6,0
3672,67928,68435,68435,71235,6,0
3673,67933,68435,68435,71235,6,0
3674,67937,69257,69257,72019,13,1
3675,67944,69257,69257,72019,13,1
3676,67962,68435,68435,71235,6,0
3677,67964,69257,69257,72019,13,1
3678,67968,69257,69257,72019,13,1
3679,67972,69257,69257,72019,13,1
3680,67983,69257,69257,72019,13,1
3681,67990,68435,68435,71235,6,0
3682,67991,69257,69257,72019,13,1
3683,67993,69832,69832,72210,15,1
3684,67995,69832,69832,72210,15,1
3685,68001,69832,69832,72210,15,1
3686,68005,68435,68435,71235,6,0
3687,68015,69832,69832,72210,15,1
3688,68021,69364,69364,72054,8,0
3689,68029,69832,69832,72210,15,1
3690,68033,69364,69364,72054,8,0
3691,68047,69832,69832,72210,15,1
3692,68054,69364,69364,72054,8,0
3693,68056,69364,69364,72054,8,0
3694,68057,69364,69364,72054,8,0
3695,68061,69832,69832,72210,15,1
3696,68068,69832,69832,72210,15,1
3697,68080,69364,69364,72054,8,0
3698,68092,69364,69364,72054,8,0
3699,68096,69832,69832,72210,15,1
3700,68100,69364,69364,72054,8,0
3701,68101,69832,69832,72210,15,1
3702,68108,69364,69364,72054,8,0
3703,68124,69364,69364,72054,8,0
3704,68132,69832,69832,72210,15,1
3705,68137,69832,69832,72210,15,1
3706,68143,69364,69364,72054,8,0
3707,68148,69364,69364,72054,8,0
3708,68150,69832,69832,72210,15,1
3709,68151,69364,69364,72054,8,0
3710,68156,69832,69832,72210,15,1
3711,68162,69364,69364,72054,8,0
3712,68165,69364,69364,72054,8,0
3713,68172,69832,69832,72210,15,1
3714,68179,69364,69364,72054,8,0
3715,68182,69364,69364,72054,8,0
3716,68190,69832,69832,72210,15,1
3717,68193,69364,69364,72054,8,0
3718,68200,69364,69364,72054,8,0
3719,68206,69364,69364,72054,8,0
3720,68239,69725,69725,72175,10,0
3721,68262,69832,69832,72210,15,1
3722,68286,69725,69725,72175,10,0
3723,68288,69832,69832,72210,15,1
3724,68289,69725,69725,72175,10,0
3725,68303,69832,69832,72210,15,1
3726,68306,69725,69725,72175,10,0
3727,68308,69725,69725,72175,10,0
3728,68308,69832,69832,72210,15,1
3729,68312,69725,69725,72175,10,0
3730,68329,70101,70101,72300,17,1
3731,68331,69725,69725,72175,10,0
3732,68340,70101,70101,72300,17,1
3733,68350,70101,70101,72300,17,1
3734,68368,69725,69725,72175,10,0
3735,68370,70101,70101,72300,17,1
3736,68371,70101,70101,72300,17,1
3737,68373,69725,69725,72175,10,0
3738,68380,70101,70101,72300,17,1
3739,68388,70101,70101,72300,17,1
3740,68389,70101,70101,72300,17,1
3741,68399,69725,69725,72175,10,0
3742,68402,69725,69725,72175,10,0
3743,68404,70101,70101,72300,17,1
3744,68407,70101,70101,72300,17,1
3745,68408,69725,69725,72175,10,0
3746,68411,70101,70101,72300,17,1
3747,68417,69725,69725,72175,10,0
3748,68424,69725,69725,72175,10,0
3749,68438,69725,69725,72175,10,0
3750,68454,70101,70101,72300,17,1
3751,68465,69725,69725,72175,10,0
3752,68469,69725,69725,72175,10,0
3753,68471,69725,69725,72175,10,0
3754,68476,70101,70101,72300,17,1
3755,68488,70101,70101,72300,17,1
3756,68490,69725,69725,72175,10,0
3757,68490,70101,70101,72300,17,1
3758,68496,70101,70101,72300,17,1
3759,68501,70101,70101,72300,17,1
3760,68503,70101,70101,72300,17,1
3761,68509,70101,70101,72300,17,1
3762,68520,69725,69725,72175,10,0
3763,68524,69965,69965,72255,12,0
3764,68524,70101,70101,72300,17,1
3765,68525,70287,70287,72362,19,1
3766,68536,69965,69965,72255,12,0
3767,68537,69965,69965,72255,12,0
3768,68540,70287,70287,72362,19,1
3769,68547,69965,69965,72255,12,0
3770,68548,70287,70287,72362,19,1
3771,68556,69965,69965,72255,12,0
3772,68558,70287,70287,72362,19,1
3773,68559,70287,70287,72362,19,1
3774,68561,69965,69965,72255,12,0
3775,68561,70287,70287,72362,19,1
3776,68571,70287,70287,72362,19,1
3777,68579,70287,70287,72362,19,1
3778,68585,69965,69965,72255,12,0
3779,68586,69965,69965,72255,12,0
3780,68587,69965,69965,72255,12,0
3781,68593,69965,69965,72255,12,0
3782,68594,69965,69965,72255,12,0
3783,68612,69965,69965,72255,12,0
3784,68613,70287,70287,72362,19,1
3785,68614,69965,69965,72255,12,0
3786,68616,70287,70287,72362,19,1
3787,68621,69965,69965,72255,12,0
3788,68624,69965,69965,72255,12,0
3789,68637,70287,70287,72362,19,1
3790,68648,69965,69965,72255,12,0
3791,68649,70287,70287,72362,19,1
3792,68656,69965,69965,72255,12,0
3793,68659,69965,69965,72255,12,0
3794,68669,69965,69965,72255,12,0
3795,68678,70287,70287,72362,19,1
3796,68699,70287,70287,72362,19,1
3797,68700,70287,70287,72362,19,1
3798,68703,70287,70287,72362,19,1
3799,68717,69965,69965,72255,12,0
3800,68718,70287,70287,72362,19,1
3801,68722,70137,70137,72312,14,0
3802,68724,70287,70287,72362,19,1
3803,68744,70137,70137,72312,14,0
3804,68749,70137,70137,72312,14,0
3805,68752,70137,70137,72312,14,0
3806,68764,70137,70137,72312,14,0
3807,68769,70137,70137,72312,14,0
3808,68771,70287,70287,72362,19,1
3809,68777,70137,70137,72312,14,0
3810,68779,70287,70287,72362,19,1
3811,68784,70137,70137,72312,14,0
3812,68789,70525,70525,72441,0,1
3813,68791,70137,70137,72312,14,0
3814,68800,70525,70525,72441,0,1
3815,68803,70525,70525,72441,0,1
3816,68810,70137,70137,72312,14,0
3817,68821,70137,70137,72312,14,0
3818,68822,70525,70525,72441,0,1
3819,68826,70525,70525,72441,0,1
3820,68828,70137,70137,72312,14,0
3821,68833,70525,70525,72441,0,1
3822,68840,70525,70525,72441,0,1
3823,68844,70525,70525,72441,0,1
3824,68847,70525,70525,72441,0,1
3825,68869,70137,70137,72312,14,0
3826,68875,70525,70525,72441,0,1
3827,68880,70525,70525,72441,0,1
3828,68892,70525,70525,72441,0,1
3829,68898,70525,70525,72441,0,1
3830,68911,70137,70137,72312,14,0
3831,68917,70137,70137,72312,14,0
3832,68925,70137,70137,72312,14,0
3833,68934,70525,70525,72441,0,1
3834,68935,70137,70137,72312,14,0
3835,68949,70137,70137,72312,14,0
3836,68960,70137,70137,72312,14,0
3837,68965,70137,70137,72312,14,0
3838,68984,70525,70525,72441,0,1
3839,68988,70299,70299,72366,16,0
3840,69001,70299,70299,72366,16,0
3841,69005,70299,70299,72366,16,0
3842,69011,70299,70299,72366,16,0
3843,69017,70299,70299,72366,16,0
3844,69021,70299,70299,72366,16,0
3845,69031,70299,70299,72366,16,0
3846,69035,70525,70525,72441,0,1
3847,69044,70525,70525,72441,0,1
3848,69055,70299,70299,72366,16,0
3849,69058,70299,70299,72366,16,0
3850,69058,70525,70525,72441,0,1
3851,69060,70525,70525,72441,0,1
3852,69064,70299,70299,72366,16,0
3853,69064,70525,70525,72441,0,1
3854,69072,70299,70299,72366,16,0
3855,69084,70775,70775,72525,2,1
3856,69086,70299,70299,72366,16,0
3857,69091,70775,70775,72525,2,1
3858,69099,70775,70775,72525,2,1
3859,69103,70775,70775,72525,2,1
3860,69106,70299,70299,72366,16,0
3861,69109,70299,70299,72366,16,0
3862,69109,70775,70775,72525,2,1
3863,69112,70775,70775,72525,2,1
3864,69116,70775,70775,72525,2,1
3865,69123,70299,70299,72366,16,0
3866,69125,70775,70775,72525,2,1
3867,69127,70775,70775,72525,2,1
3868,69133,70775,70775,72525,2,1
3869,69134,70299,70299,72366,16,0
3870,69144,70299,70299,72366,16,0
3871,69150,70775,70775,72525,2,1
3872,69161,70299,70299,72366,16,0
3873,69166,70775,70775,72525,2,1
3874,69177,70299,70299,72366,16,0
3875,69179,70299,70299,72366,16,0
3876,69182,70516,70516,72438,18,0
3877,69196,70775,70775,72525,2,1
3878,69197,70775,70775,72525,2,1
3879,69200,70775,70775,72525,2,1
3880,69220,70516,70516,72438,18,0
3881,69228,70775,70775,72525,2,1
3882,69230,70775,70775,72525,2,1
3883,69233,70516,70516,72438,18,0
3884,69254,70775,70775,72525,2,1
3885,69261,70775,70775,72525,2,1
3886,69267,70775,70775,72525,2,1
3887,69271,71050,71050,72616,4,1
3888,69282,70516,70516,72438,18,0
3889,69283,70516,70516,72438,18,0
3890,69285,71050,71050,72616,4,1
3891,69286,70516,70516,72438,18,0
3892,69296,71050,71050,72616,4,1
3893,69308,70516,70516,72438,18,0
3894,69312,71050,71050,72616,4,1
3895,69314,71050,71050,72616,4,1
3896,69315,71050,71050,72616,4,1
3897,69321,70516,70516,72438,18,0
3898,69331,70516,70516,72438,18,0
3899,69334,70516,70516,72438,18,0
3900,69342,71050,71050,72616,4,1
3901,69343,70516,70516,72438,18,0
3902,69346,70516,70516,72438,18,0
3903,69346,71050,71050,72616,4,1
3904,69350,70516,70516,72438,18,0
3905,69352,71050,71050,72616,4,1
3906,69353,71050,71050,72616,4,1
3907,69365,70516,70516,72438,18,0
3908,69368,71050,71050,72616,4,1
3909,69371,71050,71050,72616,4,1
3910,69372,71050,71050,72616,4,1
3911,69373,70516,70516,72438,18,0
3912,69405,71050,71050,72616,4,1
3913,69413,70516,70516,72438,18,0
3914,69419,71050,71050,72616,4,1
3915,69428,70516,70516,72438,18,0
3916,69436,71050,71050,72616,4,1
3917,69438,71050,71050,72616,4,1
3918,69440,71050,71050,72616,4,1
3919,69446,71050,71050,72616,4,1
3920,69477,70516,70516,72438,18,0
3921,69477,71050,71050,72616,4,1
3922,69480,71236,71236,72678,6,1
3923,69482,70516,70516,72438,18,0
3924,69497,70516,70516,72438,18,0
3925,69497,71236,71236,72678,6,1
3926,69507,71236,71236,72678,6,1
3927,69508,71236,71236,72678,6,1
3928,69513,71236,71236,72678,6,1
3929,69523,70697,70697,72498,1,0
3930,69526,71236,71236,72678,6,1
3931,69529,71236,71236,72678,6,1
3932,69535,70697,70697,72498,1,0
3933,69538,71236,71236,72678,6,1
3934,69540,70697,70697,72498,1,0
3935,69548,70697,70697,72498,1,0
3936,69558,70697,70697,72498,1,0
3937,69558,71236,71236,72678,6,1
3938,69568,70697,70697,72498,1,0
3939,69569,70697,70697,72498,1,0
3940,69570,71236,71236,72678,6,1
3941,69571,71236,71236,72678,6,1
3942,69577,71236,71236,72678,6,1
3943,69578,71236,71236,72678,6,1
3944,69579,71236,71236,72678,6,1
3945,69584,71236,71236,72678,6,1
3946,69586,70697,70697,72498,1,0
3947,69586,71236,71236,72678,6,1
3948,69591,70697,70697,72498,1,0
3949,69601,70697,70697,72498,1,0
3950,69601,71236,71236,72678,6,1
3951,69604,70697,70697,72498,1,0
3952,69609,70697,70697,72498,1,0
3953,69617,71236,71236,72678,6,1
3954,69618,71236,71236,72678,6,1
3955,69624,70697,70697,72498,1,0
3956,69629,70697,70697,72498,1,0
3957,69631,70697,70697,72498,1,0
3958,69631,71236,71236,72678,6,1
3959,69632,72055,72055,72988,8,1
3960,69635,72055,72055,72988,8,1
3961,69643,72055,72055,72988,8,1
3962,69646,72055,72055,72988,8,1
3963,69648,70697,70697,72498,1,0
3964,69649,70697,70697,72498,1,0
3965,69660,70697,70697,72498,1,0
3966,69664,70697,70697,72498,1,0
3967,69665,72055,72055,72988,8,1
3968,69670,72055,72055,72988,8,1
3969,69678,72055,72055,72988,8,1
3970,69684,70697,70697,72498,1,0
3971,69699,72055,72055,72988,8,1
3972,69700,70896,70896,72565,3,0
3973,69702,70896,70896,72565,3,0
3974,69713,72055,72055,72988,8,1
3975,69718,70896,70896,72565,3,0
3976,69721,72055,72055,72988,8,1
3977,69725,70896,70896,72565,3,0
3978,69735,70896,70896,72565,3,0
3979,69737,72055,72055,72988,8,1
3980,69752,72055,72055,72988,8,1
3981,69756,72055,72055,72988,8,1
3982,69762,72055,72055,72988,8,1
3983,69764,72055,72055,72988,8,1
3984,69765,70896,70896,72565,3,0
3985,69765,72055,72055,72988,8,1
3986,69772,70896,70896,72565,3,0
3987,69777,70896,70896,72565,3,0
3988,69779,72055,72055,72988,8,1
3989,69785,70896,70896,72565,3,0
3990,69785,72055,72055,72988,8,1
3991,69790,72055,72055,72988,8,1
3992,69798,72055,72055,72988,8,1
3993,69799,70896,70896,72565,3,0
3994,69805,70896,70896,72565,3,0
3995,69807,72176,72176,73109,10,1
3996,69809,70896,70896,72565,3,0
3997,69813,72176,72176,73109,10,1
3998,69815,70896,70896,72565,3,0
3999,69820,70896,70896,72565,3,0
4000,69829,70896,70896,72565,3,0
4001,69830,72176,72176,73109,10,1
4002,69831,72176,72176,73109,10,1
4003,69832,72176,72176,73109,10,1
4004,69833,70896,70896,72565,3,0
4005,69839,70896,70896,72565,3,0
4006,69848,70896,70896,72565,3,0
4007,69850,72176,72176,73109,10,1
4008,69855,72176,72176,73109,10,1
4009,69864,70896,70896,72565,3,0
4010,69868,70896,70896,72565,3,0
4011,69870,71149,71149,72649,5,0
4012,69877,72176,72176,73109,10,1
4013,69878,71149,71149,72649,5,0
4014,69879,71149,71149,72649,5,0
4015,69883,72176,72176,73109,10,1
4016,69894,71149,71149,72649,5,0
4017,69916,71149,71149,72649,5,0
4018,69930,72176,72176,73109,10,1
4019,69935,72176,72176,73109,10,1
4020,69942,72176,72176,73109,10,1
4021,69944,72176,72176,73109,10,1
4022,69951,71149,71149,72649,5,0
4023,69953,72176,72176,73109,10,1
4024,69959,71149,71149,72649,5,0
4025,69978,72176,72176,73109,10,1
4026,69985,71149,71149,72649,5,0
4027,70002,72176,72176,73109,10,1
4028,70005,71149,71149,72649,5,0
4029,70012,71149,71149,72649,5,0
4030,70027,72176,72176,73109,10,1
4031,70035,72176,72176,73109,10,1
4032,70045,71149,71149,72649,5,0
4033,70051,72176,72176,73109,10,1
4034,70065,72176,72176,73109,10,1
4035,70078,72256,72256,73189,12,1
4036,70083,71149,71149,72649,5,0
4037,70092,72256,72256,73189,12,1
4038,70103,72256,72256,73189,12,1
4039,70105,71149,71149,72649,5,0
4040,70113,72256,72256,73189,12,1
4041,70120,72256,72256,73189,12,1
4042,70134,71149,71149,72649,5,0
4043,70136,72256,72256,73189,12,1
4044,70145,72256,72256,73189,12,1
4045,70146,72256,72256,73189,12,1
4046,70149,71149,71149,72649,5,0
4047,70152,71149,71149,72649,5,0
4048,70157,72256,72256,73189,12,1
4049,70161,71149,71149,72649,5,0
4050,70162,72256,72256,73189,12,1
4051,70170,71149,71149,72649,5,0
4052,70183,71149,71149,72649,5,0
4053,70202,72256,72256,73189,12,1
4054,70209,71149,71149,72649,5,0
4055,70213,71377,71377,72725,7,0
4056,70218,72256,72256,73189,12,1
4057,70220,72256,72256,73189,12,1
4058,70222,71377,71377,72725,7,0
4059,70234,72256,72256,73189,12,1
4060,70242,71377,71377,72725,7,0
4061,70247,72256,72256,73189,12,1
4062,70260,71377,71377,72725,7,0
4063,70260,72256,72256,73189,12,1
4064,70261,72256,72256,73189,12,1
4065,70262,72256,72256,73189,12,1
4066,70263,72256,72256,73189,12,1
4067,70279,71377,71377,72725,7,0
4068,70283,72256,72256,73189,12,1
4069,70296,71377,71377,72725,7,0
4070,70302,72313,72313,73246,14,1
4071,70312,71377,71377,72725,7,0
4072,70318,71377,71377,72725,7,0
4073,70325,71377,71377,72725,7,0
4074,70334,71377,71377,72725,7,0
4075,70344,71377,71377,72725,7,0
4076,70356,72313,72313,73246,14,1
4077,70361,72313,72313,73246,14,1
4078,70369,72313,72313,73246,14,1
4079,70371,71377,71377,72725,7,0
4080,70379,72313,72313,73246,14,1
4081,70380,72313,72313,73246,14,1
4082,70386,71377,71377,72725,7,0
4083,70419,72313,72313,73246,14,1
4084,70428,71377,71377,72725,7,0
4085,70434,72313,72313,73246,14,1
4086,70442,72313,72313,73246,14,1
4087,70445,71377,71377,72725,7,0
4088,70473,72313,72313,73246,14,1
4089,70474,72313,72313,73246,14,1
4090,70476,71377,71377,72725,7,0
4091,70478,72313,72313,73246,14,1
4092,70484,72313,72313,73246,14,1
4093,70487,72313,72313,73246,14,1
4094,70498,71377,71377,72725,7,0
4095,70500,71377,71377,72725,7,0
4096,70501,72313,72313,73246,14,1
4097,70506,72313,72313,73246,14,1
4098,70520,72313,72313,73246,14,1
4099,70523,71377,71377,72725,7,0
4100,70532,72313,72313,73246,14,1
4101,70552,72313,72313,73246,14,1
4102,70555,71377,71377,72725,7,0
4103,70570,71531,71531,72776,9,0
4104,70576,72313,72313,73246,14,1
4105,70577,71531,71531,72776,9,0
4106,70578,71531,71531,72776,9,0
4107,70580,71531,71531,72776,9,0
4108,70582,72367,72367,73300,16,1
4109,70583,72367,72367,73300,16,1
4110,70585,72367,72367,73300,16,1
4111,70599,71531,71531,72776,9,0
4112,70603,71531,71531,72776,9,0
4113,70605,71531,71531,72776,9,0
4114,70611,71531,71531,72776,9,0
4115,70634,71531,71531,72776,9,0
4116,70635,72367,72367,73300,16,1
4117,70637,72367,72367,73300,16,1
4118,70644,72367,72367,73300,16,1
4119,70646,71531,71531,72776,9,0
4120,70654,71531,71531,72776,9,0
4121,70657,72367,72367,73300,16,1
4122,70659,72367,72367,73300,16,1
4123,70661,72367,72367,73300,16,1
4124,70665,72367,72367,73300,16,1
4125,70669,72367,72367,73300,16,1
4126,70679,71531,71531,72776,9,0
4127,70693,71531,71531,72776,9,0
4128,70697,71531,71531,72776,9,0
4129,70699,72367,72367,73300,16,1
4130,70712,72367,72367,73300,16,1
4131,70719,72367,72367,73300,16,1
4132,70720,72367,72367,73300,16,1
4133,70726,71531,71531,72776,9,0
4134,70731,72367,72367,73300,16,1
4135,70736,71531,71531,72776,9,0
4136,70738,72367,72367,73300,16,1
4137,70746,71531,71531,72776,9,0
4138,70764,71531,71531,72776,9,0
4139,70767,72367,72367,73300,16,1
4140,70784,72367,72367,73300,16,1
4141,70785,72367,72367,73300,16,1
4142,70788,71531,71531,72776,9,0
4143,70793,72439,72439,73372,18,1
4144,70803,71531,71531,72776,9,0
4145,70803,72439,72439,73372,18,1
4146,70807,72439,72439,73372,18,1
4147,70809,71849,71849,72882,11,0
4148,70810,71849,71849,72882,11,0
4149,70817,71849,71849,72882,11,0
4150,70820,72439,72439,73372,18,1
4151,70821,71849,71849,72882,11,0
4152,70825,71849,71849,72882,11,0
4153,70830,72439,72439,73372,18,1
4154,70831,71849,71849,72882,11,0
4155,70831,72439,72439,73372,18,1
4156,70833,72439,72439,73372,18,1
4157,70834,72439,72439,73372,18,1
4158,70858,71849,71849,72882,11,0
4159,70863,72439,72439,73372,18,1
4160,70872,71849,71849,72882,11,0
4161,70881,71849,71849,72882,11,0
4162,70883,71849,71849,72882,11,0
4163,70884,71849,71849,72882,11,0
4164,70909,71849,71849,72882,11,0
4165,70909,72439,72439,73372,18,1
4166,70914,71849,71849,72882,11,0
4167,70914,72439,72439,73372,18,1
4168,70926,72439,72439,73372,18,1
4169,70939,71849,71849,72882,11,0
4170,70945,71849,71849,72882,11,0
4171,70954,72439,72439,73372,18,1
4172,70957,71849,71849,72882,11,0
4173,70968,72439,72439,73372,18,1
4174,70970,71849,71849,72882,11,0
4175,70973,72439,72439,73372,18,1
4176,70976,71849,71849,72882,11,0
4177,70977,71849,71849,72882,11,0
4178,70987,72439,72439,73372,18,1
4179,70995,72439,72439,73372,18,1
4180,71000,71849,71849,72882,11,0
4181,71003,72439,72439,73372,18,1
4182,71005,72020,72020,72953,13,0
4183,71007,72439,72439,73372,18,1
4184,71015,72439,72439,73372,18,1
4185,71018,72499,72499,73432,1,1
4186,71023,72020,72020,72953,13,0
4187,71024,72499,72499,73432,1,1
4188,71025,72020,72020,72953,13,0
4189,71030,72020,72020,72953,13,0
4190,71034,72020,72020,72953,13,0
4191,71036,72499,72499,73432,1,1
4192,71040,72499,72499,73432,1,1
4193,71044,72499,72499,73432,1,1
4194,71052,72020,72020,72953,13,0
4195,71056,72499,72499,73432,1,1
4196,71063,72020,72020,72953,13,0
4197,71068,72020,72020,72953,13,0
4198,71073,72499,72499,73432,1,1
4199,71077,72020,72020,72953,13,0
4200,71081,72020,72020,72953,13,0
4201,71093,72020,72020,72953,13,0
4202,71103,72499,72499,73432,1,1
4203,71108,72020,72020,72953,13,0
4204,71109,72499,72499,73432,1,1
4205,71110,72020,72020,72953,13,0
4206,71112,72020,72020,72953,13,0
4207,71130,72020,72020,72953,13,0
4208,71133,72499,72499,73432,1,1
4209,71159,72499,72499,73432,1,1
4210,71161,72499,72499,73432,1,1
4211,71178,72020,72020,72953,13,0
4212,71189,72499,72499,73432,1,1
4213,71194,72020,72020,72953,13,0
4214,71198,72499,72499,73432,1,1
4215,71199,72020,72020,72953,13,0
4216,71207,72499,72499,73432,1,1
4217,71208,72020,72020,72953,13,0
4218,71218,72020,72020,72953,13,0
4219,71224,72499,72499,73432,1,1
4220,71240,72499,72499,73432,1,1
4221,71243,72211,72211,73144,15,0
4222,71247,72499,72499,73432,1,1
4223,71249,72499,72499,73432,1,1
4224,71254,72211,72211,73144,15,0
4225,71256,72499,72499,73432,1,1
4226,71261,72211,72211,73144,15,0
4227,71265,72566,72566,73499,3,1
4228,71270,72566,72566,73499,3,1
4229,71277,72566,72566,73499,3,1
4230,71283,72566,72566,73499,3,1
4231,71284,72211,72211,73144,15,0
4232,71284,72566,72566,73499,3,1
4233,71286,72566,72566,73499,3,1
4234,71288,72566,72566,73499,3,1
4235,71293,72211,72211,73144,15,0
4236,71294,72566,72566,73499,3,1
4237,71298,72211,72211,73144,15,0
4238,71301,72211,72211,73144,15,0
4239,71302,72566,72566,73499,3,1
4240,71313,72566,72566,73499,3,1
4241,71318,72211,72211,73144,15,0
4242,71341,72211,72211,73144,15,0
4243,71359,72211,72211,73144,15,0
4244,71378,72566,72566,73499,3,1
4245,71381,72211,72211,73144,15,0
4246,71383,72566,72566,73499,3,1
4247,71385,72566,72566,73499,3,1
4248,71386,72211,72211,73144,15,0
4249,71396,72211,72211,73144,15,0
4250,71397,72566,72566,73499,3,1
4251,71398,72211,72211,73144,15,0
4252,71403,72566,72566,73499,3,1
4253,71417,72211,72211,73144,15,0
4254,71433,72566,72566,73499,3,1
4255,71438,72211,72211,73144,15,0
4256,71438,72566,72566,73499,3,1
4257,71441,72211,72211,73144,15,0
4258,71448,72211,72211,73144,15,0
4259,71454,72566,72566,73499,3,1
4260,71476,72211,72211,73144,15,0
4261,71483,72211,72211,73144,15,0
4262,71486,72566,72566,73499,3,1
4263,71494,72301,72301,73234,17,0
4264,71494,72566,72566,73499,3,1
4265,71496,72650,72650,73583,5,1
4266,71507,72650,72650,73583,5,1
4267,71512,72301,72301,73234,17,0
4268,71517,72301,72301,73234,17,0
4269,71522,72301,72301,73234,17,0
4270,71553,72301,72301,73234,17,0
4271,71556,72650,72650,73583,5,1
4272,71562,72650,72650,73583,5,1
4273,71564,72650,72650,73583,5,1
4274,71568,72650,72650,73583,5,1
4275,71577,72301,72301,73234,17,0
4276,71586,72650,72650,73583,5,1
4277,71588,72650,72650,73583,5,1
4278,71609,72301,72301,73234,17,0
4279,71610,72301,72301,73234,17,0
4280,71611,72650,72650,73583,5,1
4281,71619,72650,72650,73583,5,1
4282,71621,72301,72301,73234,17,0
4283,71624,72301,72301,73234,17,0
4284,71637,72301,72301,73234,17,0
4285,71640,72650,72650,73583,5,1
4286,71681,72301,72301,73234,17,0
4287,71685,72301,72301,73234,17,0
4288,71714,72301,72301,73234,17,0
4289,71715,72650,72650,73583,5,1
4290,71718,72650,72650,73583,5,1
4291,71721,72301,72301,73234,17,0
4292,71725,72650,72650,73583,5,1
4293,71726,72301,72301,73234,17,0
4294,71735,72650,72650,73583,5,1
4295,71737,72650,72650,73583,5,1
4296,71751,72301,72301,73234,17,0
4297,71751,72650,72650,73583,5,1
4298,71753,72650,72650,73583,5,1
4299,71755,72301,72301,73234,17,0
4300,71768,72650,72650,73583,5,1
4301,71770,72650,72650,73583,5,1
4302,71772,72726,72726,73659,7,1
4303,71775,72726,72726,73659,7,1
4304,71778,72726,72726,73659,7,1
4305,71791,72726,72726,73659,7,1
4306,71804,72726,72726,73659,7,1
4307,71805,72726,72726,73659,7,1
4308,71816,72301,72301,73234,17,0
4309,71820,72301,72301,73234,17,0
4310,71821,72363,74162,75095,19,0
4311,71828,72726,72726,73659,7,1
4312,71837,72726,72726,73659,7,1
4313,71842,72363,74162,75095,19,0
4314,71843,72726,72726,73659,7,1
4315,71852,72726,72726,73659,7,1
4316,71863,72726,72726,73659,7,1
4317,71871,72726,72726,73659,7,1
4318,71872,72363,74162,75095,19,0
4319,71888,72726,72726,73659,7,1
4320,71890,72363,74162,75095,19,0
4321,71892,72363,74162,75095,19,0
4322,71897,72726,72726,73659,7,1
4323,71899,72726,72726,73659,7,1
4324,71907,72363,74162,75095,19,0
4325,71913,72726,72726,73659,7,1
4326,71918,72363,74162,75095,19,0
4327,71922,72726,72726,73659,7,1
4328,71932,72726,72726,73659,7,1
4329,71944,72363,74162,75095,19,0
4330,71949,72363,74162,75095,19,0
4331,71964,72363,74162,75095,19,0
4332,71987,72726,72726,73659,7,1
4333,71988,72363,74162,75095,19,0
4334,71990,72726,72726,73659,7,1
4335,71993,72777,74576,75509,9,1
4336,72025,72363,74162,75095,19,0
4337,72194,72363,74162,75095,19,0
4338,72409,72409,74162,75095,19,0
4339,72479,72479,74162,75095,19,0
4340,72771,72771,74162,75095,19,0
4341,72966,72966,74576,75509,9,1
4342,73041,73041,74576,75509,9,1
4343,73094,73094,74162,75095,19,0
4344,73155,73155,74576,75509,9,1
4345,73187,73187,74576,75509,9,1
4346,73235,73235,74162,75095,19,0
4347,73258,73258,74576,75509,9,1
4348,73763,73763,74576,75509,9,1
4349,73770,73770,74576,75509,9,1
4350,73917,73917,74576,75509,9,1
4351,74109,74109,74162,75095,19,0
4352,74180,74180,75962,76895,0,0
4353,74273,74273,74576,75509,9,1
4354,74421,74421,75962,76895,0,0
4355,74656,74656,76376,77309,11,1
4356,75048,75048,76376,77309,11,1
4357,75065,75065,75962,76895,0,0
4358,75097,75097,75962,76895,0,0
4359,75130,75130,75962,76895,0,0
4360,75241,75241,75962,76895,0,0
4361,75447,75447,76376,77309,11,1
4362,75821,75821,76376,77309,11,1
4363,75844,75844,76376,77309,11,1
4364,75846,75846,76376,77309,11,1
4365,75958,75958,76376,77309,11,1
4366,76082,76082,77762,78695,2,0
4367,76256,76256,76376,77309,11,1
4368,76264,76264,77762,78695,2,0
4369,76479,76479,78176,79109,13,1
4370,76763,76763,77762,78695,2,0
4371,76792,76792,77762,78695,2,0
4372,77322,77322,78176,79109,13,1
4373,77705,77705,78176,79109,13,1
4374,77813,77813,79562,80495,4,0
4375,77839,77839,78176,79109,13,1
4376,78136,78136,79562,80495,4,0
4377,78623,78623,79976,80909,15,1
4378,78841,78841,79976,80909,15,1
4379,78854,78854,79976,80909,15,1
4380,78959,78959,79562,80495,4,0
4381,78977,78977,79976,80909,15,1
4382,79082,79082,79562,80495,4,0
4383,79173,79173,79976,80909,15,1
4384,79436,79436,79976,80909,15,1
4385,79802,79802,79976,80909,15,1
4386,79971,79971,81362,82295,6,0
4387,80071,80071,81362,82295,6,0
4388,80257,80257,81776,82709,17,1
4389,80504,80504,81776,82709,17,1
4390,80603,80603,81776,82709,17,1
4391,80773,80773,81362,82295,6,0
4392,80981,80981,81776,82709,17,1
4393,81025,81025,81776,82709,17,1
4394,81251,81251,81776,82709,17,1
4395,81254,81254,81362,82295,6,0
4396,81411,81411,81776,82709,17,1
4397,81554,81554,81776,82709,17,1
4398,81666,81666,83162,84095,8,0
4399,81823,81823,83576,84509,19,1
4400,81854,81854,83162,84095,8,0
4401,81857,81857,83576,84509,19,1
4402,82477,82477,83162,84095,8,0
4403,82596,82596,83162,84095,8,0
4404,82662,82662,83576,84509,19,1
4405,82670,82670,83576,84509,19,1
4406,83048,83048,83576,84509,19,1
4407,83059,83059,83162,84095,8,0
4408,83256,83256,84962,85895,10,0
4409,83320,83320,83576,84509,19,1
4410,83427,83427,84962,85895,10,0
4411,83913,83913,85376,86309,0,1
4412,83964,83964,84962,85895,10,0
4413,84263,84263,85376,86309,0,1
4414,84363,84363,84962,85895,10,0
4415,84416,84416,84962,85895,10,0
4416,84700,84700,85376,86309,0,1
4417,84953,84953,84962,85895,10,0
4418,85418,85418,0,0,12,0
4419,85595,85595,0,0,12,0
4420,85666,85666,0,0,2,1
4421,85815,85815,0,0,12,0
4422,85880,85880,0,0,2,1
4423,86060,86060,0,0,12,0
4424,86229,86229,0,0,2,1
